Campaign,Business,Total_Days,Train_Days,Test_Days,Avg_CPL,Test_MAE,Test_MAPE,SMA3_MAE,SMA3_MAPE,SMA7_MAE,SMA7_MAPE,Epochs_Trained,Final_Loss,Converged_Early
traffic_source_campaign_name_004,target_business_002,202,141,31,0.20179331432470798,0.17866705117363108,50.96887176295731,0.21179843517709634,73.67739049894557,0.19771241477896812,62.274299918753876,200,0.020045477896928787,False
traffic_source_campaign_name_015,target_business_002,30,21,5,0.3790162538297761,3.117901251750268,1002.6706813449048,,,,,200,0.14861610531806946,False
traffic_source_campaign_name_016,target_business_002,152,106,24,0.22923808142110044,0.14851019715887184,38.432533754220636,0.18210913966253797,49.849204245573695,0.17112071339252596,46.63133809238487,200,0.013559676706790924,False
traffic_source_campaign_name_023,target_business_002,39,27,7,0.5880672781933286,0.08974779361472122,17.713443521017474,0.2792116846738696,55.68582000858461,0.28093800020008003,57.588596539848695,200,0.023399636149406433,False
traffic_source_campaign_name_025,target_business_002,76,53,12,0.2465011851667905,0.1362712204364455,43.04740588373853,0.1434182749762063,36.9468035074558,0.1313066217985874,32.44063005165175,200,0.02079475298523903,False
traffic_source_campaign_name_037,target_business_002,30,21,5,0.2641734276037032,0.1874767457005288,104.02948238952305,0.09018968583283934,39.97635312664214,0.09018968583283934,39.97635312664214,200,0.057450052350759506,False
traffic_source_campaign_name_040,target_business_001,130,91,20,0.3712643452761695,0.18679029131024183,92.23353511131337,0.08424815083153389,34.24717352120422,0.08781388954000455,32.154717116309016,200,0.014035007916390896,False
traffic_source_campaign_name_052,target_business_001,40,28,6,0.46233162560808383,0.23089758039173924,28.42530707763081,0.4513262510857219,105.64591804817016,0.4513262510857219,105.64591804817016,200,0.01609746366739273,False
traffic_source_campaign_name_058,target_business_001,31,21,6,0.19041611785142581,2.8914474193861786,2632.779065348465,0.10366472229267058,129.86497220015903,0.10366472229267058,129.86497220015903,200,0.059821635484695435,False
traffic_source_campaign_name_059,target_business_001,42,29,7,0.3777215768875275,0.14405846406241452,106.66902554199523,0.4574027926960259,198.94952271583583,0.4574027926960259,198.94952271583583,200,0.01431309524923563,False
traffic_source_campaign_name_060,target_business_001,33,23,6,0.3037949889351343,0.26523334725107456,80.09509821101149,0.46806374701970144,156.58677672369072,0.46806374701970144,156.58677672369072,200,0.006913132965564728,False
traffic_source_campaign_name_061,target_business_001,30,21,5,0.4261929308901828,0.4254016732198717,116.97496847959773,,,,,200,0.0037808583583682775,False
traffic_source_campaign_name_066,target_business_001,39,27,7,0.4154496838081296,0.2814163464797794,29.15489713228628,0.3778623116574147,38.71488224580102,0.3778623116574147,38.71488224580102,200,0.031436190009117126,False
traffic_source_campaign_name_075,target_business_003,56,39,9,0.25023798861550295,0.06039054933731212,22.44839712398318,0.07488175851460246,32.50366268452146,0.07154049495861366,31.50893797358179,200,0.0051530878990888596,False
traffic_source_campaign_name_096,target_business_003,65,45,11,0.15144852784296167,0.020593496205826782,29.348961370588082,0.070776893629332,106.76670290157213,0.06894103996402205,105.63171196610905,200,0.00955625157803297,False
traffic_source_campaign_name_1004,target_business_005,30,21,5,0.6539341497541632,4.386698973221357,602.1185982438197,,,,,200,0.075217604637146,False
traffic_source_campaign_name_101,target_business_004,79,55,13,0.3926122060353049,0.1976403896066467,44.97239146776775,0.3883267115736259,77.85679790201283,0.36429860326807934,69.28673803852396,200,0.0522511787712574,False
traffic_source_campaign_name_1010,target_business_005,65,45,11,0.2927688664700683,0.2548665390765987,125.04230666492387,0.12386396249323274,103.97591619314656,0.12386396249323274,103.97591619314656,200,0.010826674290001392,False
traffic_source_campaign_name_1011,target_business_005,42,29,7,0.1527868601953332,0.8682746322946717,739.0518943825371,0.051455798683839156,25.237533225737387,0.051455798683839156,25.237533225737387,200,0.04007741063833237,False
traffic_source_campaign_name_1032,target_business_005,109,76,17,0.5450646853541988,0.6511198166413283,72.28990551508939,0.06497151825870856,6.98895821334487,0.06483238495247375,6.90788568918983,200,0.013297436758875847,False
traffic_source_campaign_name_1033,target_business_005,83,58,13,0.44218518556893527,0.21822221891137938,51.91471446095367,0.2114776757256486,41.12169135907362,0.22544416945078732,45.608266918839995,200,0.01268862932920456,False
traffic_source_campaign_name_106,target_business_004,172,120,27,0.20322461007110695,0.1072906217444983,80.60327501105591,0.17906486624172277,98.22293365802302,0.14110176255887333,81.91382451511006,200,0.008651806972920895,False
traffic_source_campaign_name_1061,target_business_002,33,23,6,0.2091547652746998,1.0085550965665595,742.0565271602283,0.011393774797903822,8.783120706575161,0.011393774797903822,8.783120706575161,200,0.023414887487888336,False
traffic_source_campaign_name_1064,target_business_004,103,72,16,0.04367038264778654,0.04342327666822349,61.17888985241824,0.02220497124656661,27.00370840906592,0.02014946206050877,23.02696460272567,200,0.047092121094465256,False
traffic_source_campaign_name_1067,target_business_004,31,21,6,0.698166054912829,0.3743463456630707,56.06935951444838,0.1875,25.0,0.1875,25.0,200,0.184271439909935,False
traffic_source_campaign_name_107,target_business_004,107,74,17,0.26609580881660067,0.16421909092815307,39.34335918250154,0.1454605174026292,35.56412744911511,0.1364603409508076,33.64294606495091,200,0.014371983706951141,False
traffic_source_campaign_name_1070,target_business_004,137,95,22,0.379248510449992,0.07542075964912452,20.0393489174501,0.044306028157099824,11.765947545504558,0.045623969345340305,12.252143267304142,200,0.010799807496368885,False
traffic_source_campaign_name_1071,target_business_004,39,27,7,0.17777315551956965,0.17442457134679212,88.30209169755122,0.08979910326999095,48.07724688411375,0.08979910326999095,48.07724688411375,200,0.06501208245754242,False
traffic_source_campaign_name_1087,target_business_004,69,48,11,0.3355181628240531,0.6535191770782656,137.03771685856867,0.07755826119246198,15.378483561014814,0.0786254852814691,15.313793826149706,200,0.01809784583747387,False
traffic_source_campaign_name_1089,target_business_004,58,40,10,0.3695451436804233,1.2620003535039628,187.06196578288237,0.040750600448295815,6.618876295432549,0.04544142058488325,7.135371080716252,200,0.011439628899097443,False
traffic_source_campaign_name_1091,target_business_002,66,46,11,0.2912379445059799,0.2670036658811679,39.25483238207092,0.17657123124254415,22.57136411790893,0.17657123124254415,22.57136411790893,200,0.024991651996970177,False
traffic_source_campaign_name_1092,target_business_002,81,56,13,0.2910466154170142,0.17992107396114815,35.54142979892036,0.23467478894858018,48.40917125243498,0.2475697109235098,50.89744719961503,200,0.08620790392160416,False
traffic_source_campaign_name_1093,target_business_002,71,49,12,0.3523790375701203,0.18154130957803544,69.44196227848863,0.16154860709000832,57.5845524349479,0.16154860709000832,57.5845524349479,200,0.013961433432996273,False
traffic_source_campaign_name_1094,target_business_002,37,25,7,0.3941319330402507,0.9248623038557016,123.816848073118,0.23558601134215498,50.44559888528654,0.23558601134215498,50.44559888528654,200,0.09195297956466675,False
traffic_source_campaign_name_1095,target_business_002,137,95,22,0.21162541993110529,0.148762130108342,50.45410934438781,0.1771620800900788,62.627715766132106,0.1622892376449207,59.66296415746191,200,0.010272241197526455,False
traffic_source_campaign_name_1096,target_business_002,36,25,6,0.17824010723073117,0.1276022181569736,68.77928280524954,0.1469707036613781,54.85542347942538,0.1469707036613781,54.85542347942538,200,0.031097978353500366,False
traffic_source_campaign_name_1097,target_business_002,109,76,17,0.24777959439623673,0.3190956859928621,124.13590426027523,0.3676578594294679,132.94047512414645,0.3346324181265714,130.32169318009926,200,0.01617618277668953,False
traffic_source_campaign_name_1098,target_business_002,125,87,20,0.2265617598594065,0.14753752890527705,58.368084157347155,0.18373685817737648,84.50814339243941,0.19309438434231616,86.64621083295377,200,0.018840644508600235,False
traffic_source_campaign_name_1099,target_business_002,176,123,27,0.23034343825310105,0.10362253017437993,53.02595478133589,0.12206839912295103,60.45563699256339,0.12218729989851135,58.662234850880125,200,0.010455434210598469,False
traffic_source_campaign_name_1100,target_business_001,30,21,5,0.49074826831935836,0.4985618112964841,173.90565275091728,0.06352533722201964,22.534866544648658,0.06352533722201964,22.534866544648658,200,0.033641982823610306,False
traffic_source_campaign_name_1101,target_business_001,36,25,6,0.21836701252854923,0.5471699612244441,391.1413397724627,0.1278809864057749,55.992299053425356,0.1278809864057749,55.992299053425356,200,0.017545579001307487,False
traffic_source_campaign_name_1103,target_business_001,62,43,10,0.33820464909039455,0.16028652174314834,39.371638180565405,0.057902802484794645,15.925831346849442,0.057902802484794645,15.925831346849442,200,0.015603756532073021,False
traffic_source_campaign_name_1111,target_business_004,81,56,13,0.27167064280340364,0.4278477122066315,106.47884909617866,0.08684475785559277,24.51800786788862,0.08219765195769302,22.87144041548069,200,0.013568772003054619,False
traffic_source_campaign_name_1125,target_business_002,35,24,6,0.5014627373410724,0.13418827568654984,25.56234345329147,0.3152844555415696,88.965878653779,0.3152844555415696,88.965878653779,200,0.16324752569198608,False
traffic_source_campaign_name_113,target_business_002,321,224,49,0.10275630018322492,0.04850232984017433,32.712295062168614,0.05898740012449381,33.95598959108702,0.051900700769860066,28.008009385177914,200,0.004912595264613628,False
traffic_source_campaign_name_114,target_business_002,151,105,24,0.5191315394670876,0.06451746287934036,11.266110149491373,0.13319216114930285,25.134610018585253,0.15095159533180028,27.979796313607153,200,0.013842632994055748,False
traffic_source_campaign_name_1141,target_business_002,100,70,15,0.27706528282264636,0.08586711964859647,18.630433182432213,0.11106075150483041,22.500170410876915,0.0999777638094524,19.974285968325347,200,0.014395405538380146,False
traffic_source_campaign_name_1142,target_business_002,42,29,7,0.41641203001910493,0.753820979990936,103.26853234819336,0.29317850318507954,34.18693015462257,0.3262961828866455,37.498698124779175,200,0.06562060862779617,False
traffic_source_campaign_name_1150,target_business_005,30,21,5,0.36188777184703785,0.02079133294644231,13.166954094420403,,,,,200,0.023314546793699265,False
traffic_source_campaign_name_1151,target_business_005,30,21,5,0.5586977846874294,0.22290578118522753,29.99466159554632,,,,,200,0.03352116793394089,False
traffic_source_campaign_name_116,target_business_002,102,71,16,0.24449504494899105,0.10775420205244132,25.22748310919292,0.03269618423817414,7.507342967664302,0.052803074582788476,12.28420064594463,200,0.016720471903681755,False
traffic_source_campaign_name_1164,target_business_006,33,23,6,0.4795585090480561,0.18875981508567927,52.150112086674646,0.016620018329081387,4.537094636626747,0.016620018329081387,4.537094636626747,200,0.023823771625757217,False
traffic_source_campaign_name_1165,target_business_006,32,22,6,0.2832934958452313,0.7766521360318265,519.1053372135134,0.060004167016697106,30.753651229803445,0.060004167016697106,30.753651229803445,200,0.0909542590379715,False
traffic_source_campaign_name_1174,target_business_002,116,81,18,0.171855809522244,0.28528407155877206,300.0479893033562,0.0561797362253208,56.389255222956905,0.051614875773930126,52.74330617131242,200,0.00986413937062025,False
traffic_source_campaign_name_1180,target_business_002,157,109,25,0.36624554599897313,0.11333276146063516,24.223679859869147,0.115338111449424,24.642063310578173,0.10275965411286038,20.703559284997194,200,0.010581368580460548,False
traffic_source_campaign_name_1183,target_business_002,201,140,31,0.23485955780564324,0.16228779858247977,62.05556214244471,0.23477715462794216,87.28526753158071,0.20763308398730493,68.00527378447278,200,0.013465886004269123,False
traffic_source_campaign_name_1184,target_business_002,59,41,10,0.4432085491808979,0.22311987667805733,53.117278252741244,0.17806419649291375,34.70768787079761,0.17806419649291375,34.70768787079761,200,0.0038482958916574717,False
traffic_source_campaign_name_1187,target_business_002,254,177,39,0.15916955544744152,0.040625007873503725,75.50363151659096,0.041561865594863016,83.55328108611579,0.03867340221900499,81.74313686231855,200,0.002729445230215788,False
traffic_source_campaign_name_119,target_business_002,56,39,9,0.14503644466184765,0.1704339260273145,196.05643969336782,,,,,200,0.026882922276854515,False
traffic_source_campaign_name_1191,target_business_002,37,25,7,0.5030161280924251,0.303877686128521,61.85294228729378,0.12195720098822843,22.924351313811776,0.12195720098822843,22.924351313811776,200,0.0045321607030928135,False
traffic_source_campaign_name_1207,target_business_002,63,44,10,0.3203335935426177,0.06938205781561453,22.106000136146022,0.09177235459902641,27.47363374880154,0.09177235459902641,27.47363374880154,200,0.0164681114256382,False
traffic_source_campaign_name_1209,target_business_002,116,81,18,0.26688953715231045,0.15298940472797148,65.64348163083335,0.18029282466116703,78.59887144371591,0.1665343498640346,75.3797746398746,200,0.02118080109357834,False
traffic_source_campaign_name_1210,target_business_002,35,24,6,0.17847805407997208,0.3086386772172086,118.5482236898412,0.2623034744769424,57.523561910952246,0.2623034744769424,57.523561910952246,200,0.01343250460922718,False
traffic_source_campaign_name_1212,target_business_002,132,92,21,0.2875303492885374,0.17153375183676417,41.213255380351335,0.2201631681479176,62.28778750390569,0.18592423389108725,53.96700022952674,200,0.011661971919238567,False
traffic_source_campaign_name_1213,target_business_002,39,27,7,0.39136347559651846,0.15401972102855555,69.00160536419325,0.1986707460416234,38.74306851075561,0.1986707460416234,38.74306851075561,200,0.03705303743481636,False
traffic_source_campaign_name_124,target_business_002,55,38,9,0.24552880855174053,0.17211978281099946,38.19485200693119,0.15930303786690175,30.097597949743825,0.17098113497898476,34.75549510284464,200,0.007203894201666117,False
traffic_source_campaign_name_1246,target_business_002,486,340,74,0.25972083683516,0.2190273104018091,112.96752259097605,0.14174668128426182,66.6694819250502,0.12847977680906014,62.18772578923216,200,0.016789386048913002,False
traffic_source_campaign_name_125,target_business_002,35,24,6,0.47360103690017424,0.29421548814124887,74.70834483705599,0.07369424126918728,16.621550972988693,0.07369424126918728,16.621550972988693,200,0.04851595312356949,False
traffic_source_campaign_name_1251,target_business_002,68,47,11,0.4512423440840636,0.21834593707069297,35.50241318822853,0.4040851978767721,79.41224424852716,0.4040851978767721,79.41224424852716,200,0.020693523809313774,False
traffic_source_campaign_name_1252,target_business_002,81,56,13,0.39136349693784045,0.1498866842522971,29.69991036166149,0.3311268930020786,39.65016657732991,0.35184474908443036,41.73932218168165,200,0.018373744562268257,False
traffic_source_campaign_name_1254,target_business_002,173,121,27,0.2235961076068176,0.11701581932765238,71.86224120522374,0.15532853693368662,68.8455952802707,0.13654475090532295,57.793375134873834,200,0.01454293541610241,False
traffic_source_campaign_name_1256,target_business_002,554,387,84,0.08923872851930903,0.039919879050733395,104.10952612133492,0.019001397985673255,30.91184849957436,0.020231998157367027,36.938466112586994,200,0.0024545916821807623,False
traffic_source_campaign_name_1257,target_business_002,551,385,84,0.21142030070599233,0.09439682704497655,77.82251521129979,0.0855563132135685,53.003281262734326,0.08317403796509584,48.668053790530905,200,0.005071231164038181,False
traffic_source_campaign_name_1258,target_business_002,97,67,16,0.3754474597708982,0.06759131770091861,22.73328088208925,0.13349109301751008,50.569455830883484,0.11340136174828037,44.3498489285849,200,0.026699984446167946,False
traffic_source_campaign_name_1264,target_business_002,61,42,10,0.2325693504206319,0.24885808216074637,91.86519553782017,0.012404051594524021,4.375601058369768,0.01916989791880985,6.660399531885808,200,0.009296740405261517,False
traffic_source_campaign_name_1265,target_business_002,128,89,20,0.26551466798409856,0.06771452186400782,22.034081762598742,0.0750161776345555,22.647910845116197,0.08567018428161513,24.889707989882396,200,0.010201583616435528,False
traffic_source_campaign_name_1268,target_business_002,33,23,6,0.4174526295332923,0.347433868317589,94.83026092945704,0.5840720032728763,65.28963414634148,0.5840720032728763,65.28963414634148,200,0.028327932581305504,False
traffic_source_campaign_name_127,target_business_002,271,189,42,0.16564296064235282,0.09394686729787836,27.537008990351232,0.10103750451573458,30.10473379836646,0.12748862736893593,39.49453507432444,200,0.004243976902216673,False
traffic_source_campaign_name_1279,target_business_002,63,44,10,0.3638690763306604,0.2778938931864402,55.93702806246667,0.13951118114460065,25.033990687153345,0.13951118114460065,25.033990687153345,200,0.01332933735102415,False
traffic_source_campaign_name_128,target_business_002,36,25,6,0.34485395737709645,0.42996803018978036,153.91403280832174,0.22603273577552618,83.27351040918886,0.22603273577552618,83.27351040918886,200,0.02527683973312378,False
traffic_source_campaign_name_1283,target_business_002,36,25,6,0.299877294656311,0.2952943845987217,105.07558242513184,0.1694969621495151,48.94072413685752,0.1694969621495151,48.94072413685752,200,0.00976994913071394,False
traffic_source_campaign_name_1284,target_business_002,40,28,6,0.11665551386504709,0.8688872797942451,549.6745025081166,0.0776226618442204,59.13058300893702,0.0776226618442204,59.13058300893702,200,0.01418856531381607,False
traffic_source_campaign_name_1321,target_business_002,495,346,75,0.43049525639095054,0.06674689404079322,32.46203499830948,0.06600312015103302,28.232142173761314,0.07739102995415047,35.489901141735494,200,0.008106493391096592,False
traffic_source_campaign_name_1323,target_business_002,130,91,20,0.4581328800908206,0.09043504538713244,15.053866080240022,0.08336065593579568,13.485009266219244,0.0943499932679399,15.340895733605631,200,0.010560359805822372,False
traffic_source_campaign_name_1324,target_business_002,68,47,11,0.2871269469010712,0.13862145695464634,43.96420584585666,0.08161686075708635,23.54354580762143,0.08161686075708635,23.54354580762143,200,0.010539107955992222,False
traffic_source_campaign_name_1357,target_business_002,58,40,10,0.3422955280378938,0.10683859341318935,24.754008036952104,0.14418975442083903,31.479849008837963,0.14418975442083903,31.479849008837963,200,0.022855201736092567,False
traffic_source_campaign_name_1392,target_business_002,32,22,6,0.503542700390874,0.30539058740054215,36.13338263333473,0.15635593220338984,16.56252200239386,0.15635593220338984,16.56252200239386,200,0.015170134603977203,False
traffic_source_campaign_name_1396,target_business_001,42,29,7,0.3917451424965985,0.32879191663553964,58.81017267581446,0.3177560174082957,43.268952536381626,0.3177560174082957,43.268952536381626,200,0.05142458900809288,False
traffic_source_campaign_name_1397,target_business_001,182,127,28,0.18281849265417371,0.040016249961789194,44.74648078918914,0.06417013987463474,69.58714400152469,0.06901919443449808,75.40844428904738,200,0.007221363950520754,False
traffic_source_campaign_name_1401,target_business_001,178,124,28,0.15269055477098495,0.0633694382783726,77.03050959171323,0.052393736864837455,52.4659719310017,0.05175202585033299,52.333493854069765,200,0.010752974078059196,False
traffic_source_campaign_name_1427,target_business_002,94,65,15,0.44380343492366975,0.047590290376223275,10.224328951866884,0.07664840077303078,18.68303328174878,0.08170675169854051,19.338858715817477,200,0.005797617137432098,False
traffic_source_campaign_name_1430,target_business_001,365,255,56,0.21725079199958489,0.10260393579496463,65.3768065691995,0.1344426354466515,63.23557586498146,0.13062549057385545,60.90148527579273,200,0.013087183237075806,False
traffic_source_campaign_name_1432,target_business_001,196,137,30,0.38537726858041715,0.09014191510885591,27.111529328758664,0.1259324468383944,33.12005897984811,0.1174961278032029,30.15821288924243,200,0.01812470518052578,False
traffic_source_campaign_name_1433,target_business_001,103,72,16,0.22165865418047317,0.109189725550659,74.27704747030364,0.10789687597544477,56.750430747934374,0.09080271675312512,41.65197383927761,200,0.03394384682178497,False
traffic_source_campaign_name_1436,target_business_001,466,326,71,0.30756861826246656,0.1456092823572562,256.5475529511124,0.14572884591403112,53.73358293134951,0.15208138106749222,67.87850628019318,200,0.014644435606896877,False
traffic_source_campaign_name_1437,target_business_001,662,463,100,0.23582398342561245,0.0657240915655424,33.16282484484496,0.11906668803216458,59.92088869203116,0.11732556616097566,60.039874898709364,200,0.004688044544309378,False
traffic_source_campaign_name_1438,target_business_001,175,122,27,0.2722245166250468,0.1538403720028797,44.194105040333326,0.19924908119061072,47.99803864172031,0.20512209966011785,51.69080621675503,200,0.019465915858745575,False
traffic_source_campaign_name_1439,target_business_001,273,191,42,0.2143019822727416,0.12415932964690969,85.58344781446723,0.15641006632397156,87.24898385940578,0.13483468615977104,74.75814692916283,200,0.010140975937247276,False
traffic_source_campaign_name_1440,target_business_001,432,302,66,0.24288999324926253,0.08576651251708457,29.886403251466103,0.10712787423024704,36.219457539543605,0.11255141141196587,38.61306763870041,200,0.005908681079745293,False
traffic_source_campaign_name_1441,target_business_001,94,65,15,0.13925469256462936,0.10150654636895788,88.60917043396903,0.020576495547573747,17.85900658722157,0.021162191490646676,17.88000347614344,200,0.029639912769198418,False
traffic_source_campaign_name_1443,target_business_001,82,57,13,0.4305922334903231,0.14287386226259585,80.6900186020806,0.14449376477729642,89.25856212328841,0.18869551488196368,117.94481440592367,200,0.03002082370221615,False
traffic_source_campaign_name_1444,target_business_001,69,48,11,0.41579579528573296,0.11848265604857539,32.11566368196182,0.4794797063903281,55.94130257478932,0.4794797063903281,55.94130257478932,200,0.033404260873794556,False
traffic_source_campaign_name_1446,target_business_001,33,23,6,0.4462671278315281,0.4041784585510716,195.33993087694668,0.734512622074811,403.9521686258613,0.734512622074811,403.9521686258613,200,0.06272710114717484,False
traffic_source_campaign_name_1447,target_business_001,168,117,26,0.15344828221119203,0.12668062383841047,69.58254797535558,0.10670755319697743,42.17240159765588,0.09302813089933283,35.16584277442622,200,0.008298641070723534,False
traffic_source_campaign_name_1449,target_business_001,61,42,10,0.3527570704709384,0.17698132798987173,36.51505270399561,0.2370380016050448,52.00538383051448,0.20513777397424526,42.16049831900717,200,0.013095992617309093,False
traffic_source_campaign_name_1457,target_business_002,78,54,13,0.32978459883978967,0.42118731089313266,103.5772978329734,0.08624207113223235,20.725188432415642,0.08012003144007666,18.802318384469846,200,0.13028693199157715,False
traffic_source_campaign_name_1461,target_business_002,32,22,6,0.5783246805087131,0.10472345483648948,13.21776621948429,0.23365442351336774,23.576822497472477,0.23365442351336774,23.576822497472477,200,0.007300780154764652,False
traffic_source_campaign_name_1463,target_business_002,259,181,40,0.26471674114478394,0.04990564068519685,26.159751512393253,0.08111335940572037,31.342167474599446,0.08714688815347217,34.78496795069368,200,0.008185746148228645,False
traffic_source_campaign_name_1465,target_business_002,33,23,6,0.3577332532518427,0.07276795153590157,15.704760805976317,0.3950178731009831,56.51409576168255,0.3950178731009831,56.51409576168255,200,0.18638640642166138,False
traffic_source_campaign_name_1467,target_business_002,61,42,10,0.18173304268065157,0.03284844636371033,15.195764139480339,0.08572703855855171,44.058938768043994,0.08572703855855171,44.058938768043994,200,0.035923849791288376,False
traffic_source_campaign_name_1476,target_business_002,40,28,6,0.3074240301661454,0.935528860155654,289.7529262920385,0.08021048553719012,26.987617369475508,0.08021048553719012,26.987617369475508,200,0.03461503982543945,False
traffic_source_campaign_name_1482,target_business_002,37,25,7,0.3587957433518457,0.19103901552147362,32.427581717840795,0.14707291140306558,30.51499771950369,0.14707291140306558,30.51499771950369,200,0.008816600777208805,False
traffic_source_campaign_name_1489,target_business_001,35,24,6,0.2552156115194137,0.3042320751123166,115.9954778730191,0.034228594507269894,13.549160671462873,0.034228594507269894,13.549160671462873,200,0.11216267198324203,False
traffic_source_campaign_name_149,target_business_002,72,50,12,0.2280062946215996,0.28468758639320213,194.42519785204448,0.009024011362280796,6.318625149816475,0.009024011362280796,6.318625149816475,200,0.008887010626494884,False
traffic_source_campaign_name_1490,target_business_001,90,62,15,0.25007596176251634,0.11814548282374367,47.25605130609098,0.0562028110875983,18.292572035363783,0.061656102228492306,19.476148654119598,200,0.01581432856619358,False
traffic_source_campaign_name_1501,target_business_002,411,287,63,0.16065352303051814,0.09228603610766961,70.0956176700029,0.08655451292449025,42.281140972229736,0.08148913544746055,44.06578640879957,200,0.006000976078212261,False
traffic_source_campaign_name_1502,target_business_002,259,181,40,0.31627148610281686,0.09112771394581973,29.15785758848563,0.14430211189927322,45.072235358560064,0.14511659572423463,46.21124336453599,200,0.007356078829616308,False
traffic_source_campaign_name_1503,target_business_002,33,23,6,0.5071840473503413,0.05147694132739555,7.617470436262545,0.2656824514901281,29.8612364324925,0.2656824514901281,29.8612364324925,200,0.026337236166000366,False
traffic_source_campaign_name_1506,target_business_002,411,287,63,0.2184785355719299,0.0738255888427325,29.23087689006188,0.12414548350442074,56.769825236235974,0.11830946654678855,53.824349421413196,200,0.0054517220705747604,False
traffic_source_campaign_name_1511,target_business_001,30,21,5,0.3725300744079308,0.10717177391052246,10.717177391052246,,,,,200,0.02926452085375786,False
traffic_source_campaign_name_1515,target_business_001,63,44,10,0.23934344190756707,0.321553768668818,103.13369042554923,0.3852005106884473,67.38394933055399,0.3852005106884473,67.38394933055399,200,0.050220828503370285,False
traffic_source_campaign_name_1518,target_business_001,83,58,13,0.1851983808270657,0.11919206896919166,36.97577619708783,0.21185518299592723,70.29201855383802,0.20321837359212044,68.8948388689286,200,0.007156766019761562,False
traffic_source_campaign_name_1525,target_business_001,36,25,6,0.5184470862528568,0.40385693246886833,94.14687655803627,0.044753233294205996,10.680126182965306,0.044753233294205996,10.680126182965306,200,0.006061837542802095,False
traffic_source_campaign_name_153,target_business_002,36,25,6,0.6678673136376513,0.1493535501672732,19.847067200924293,0.09871688741721851,13.451776649746186,0.09871688741721851,13.451776649746186,200,0.06535689532756805,False
traffic_source_campaign_name_1534,target_business_002,32,22,6,0.3839418498460958,0.22056515948357402,62.0941060655302,0.48922670754556297,197.47335854245443,0.48922670754556297,197.47335854245443,200,0.033945776522159576,False
traffic_source_campaign_name_1539,target_business_002,162,113,25,0.3521175688445859,0.10991173709607904,21.78645986199108,0.13078011961008085,27.97796403999827,0.13195047734130194,28.78373184134462,200,0.019205179065465927,False
traffic_source_campaign_name_1541,target_business_002,57,39,10,0.5778017407228353,0.10578465709204543,15.669728898570392,0.013210777598676282,1.9389154300985874,0.013210777598676282,1.9389154300985874,200,0.005141907837241888,False
traffic_source_campaign_name_1551,target_business_002,35,24,6,0.5207659239509422,0.11516906850739855,18.378611851384292,0.02491121098740894,2.854795903642925,0.033091018342393044,4.0756960922197205,200,0.012085013091564178,False
traffic_source_campaign_name_1553,target_business_002,64,44,11,0.6004498926856183,0.07167637868604555,10.041286932699661,0.13472077092766743,16.229262798160832,0.13472077092766743,16.229262798160832,200,0.007579411845654249,False
traffic_source_campaign_name_1557,target_business_002,55,38,9,0.31273084015380126,0.09282002038408255,43.83493653712047,,,,,200,0.01975349709391594,False
traffic_source_campaign_name_1558,target_business_002,116,81,18,0.25077313484835245,0.11279257746017328,19.773713015305763,0.10781065145456267,19.8044076419251,0.15788905283972912,26.825824633365375,200,0.01801810786128044,False
traffic_source_campaign_name_1559,target_business_005,132,92,21,0.2858437919276854,0.18671433131277632,50.33973664223011,0.07041300626416384,18.871223194337336,0.07392782209117128,19.046135432450217,200,0.011379345320165157,False
traffic_source_campaign_name_1561,target_business_003,68,47,11,0.46750817861191685,0.04247200795321389,9.681085308899988,0.09524178805506779,16.702143580075635,0.0976833071343672,17.110076171822193,200,0.005912967026233673,False
traffic_source_campaign_name_1562,target_business_003,64,44,11,0.43342425570013554,0.045867752552275654,9.854370501036618,0.14433699276731438,21.697454649614887,0.16085439828165707,23.599760926549433,200,0.014329686760902405,False
traffic_source_campaign_name_1563,target_business_003,60,42,9,0.28087337474310486,0.05858507283239249,28.452135699581515,0.0456640335020421,30.36518722167048,0.048513561082606904,32.71726578082638,200,0.009551056660711765,False
traffic_source_campaign_name_1571,target_business_004,102,71,16,0.18862859892024095,0.18155423231708137,96.05347214472462,0.0544143564722407,30.32770166556007,0.05973235645111891,34.112796352279176,200,0.029081011191010475,False
traffic_source_campaign_name_1572,target_business_004,102,71,16,0.2628537012057125,0.08355772862364973,37.284427908069475,0.08766459381797462,40.77055133170629,0.08243494004189848,40.13796548403481,200,0.013656784780323505,False
traffic_source_campaign_name_1578,target_business_004,69,48,11,0.3085380391536338,0.4482530352167521,131.5551808607317,0.40288430808565034,91.95757869048826,0.40288430808565034,91.95757869048826,200,0.036256711930036545,False
traffic_source_campaign_name_1580,target_business_004,42,29,7,0.2995651842236826,0.6510423340762961,152.44506945386934,0.3344087700839526,56.918823672015684,0.3344087700839526,56.918823672015684,200,0.040685560554265976,False
traffic_source_campaign_name_1587,target_business_002,93,65,15,0.28822860934413275,0.15930559424446483,42.83001870447725,0.22142924061136546,67.79845798299843,0.1949651323898494,54.98278392587493,200,0.013898617587983608,False
traffic_source_campaign_name_1591,target_business_001,133,93,21,0.1768553087986763,0.11248662864918577,75.62989975130363,0.049506262797846985,33.82759518287066,0.053640758418576566,37.366286269944766,200,0.02677561528980732,False
traffic_source_campaign_name_1592,target_business_001,676,473,102,0.12719414697976855,0.03211081604257805,35.710271218729424,0.06227573382624841,62.967265048596424,0.05967084359050587,60.85342116170226,200,0.0035375969018787146,False
traffic_source_campaign_name_1597,target_business_001,101,70,16,0.3580105923522325,0.10140804742475101,28.682710702132177,0.04165027555555556,11.253866295781378,0.06588042380952382,18.075631779178096,200,0.03267207741737366,False
traffic_source_campaign_name_1606,target_business_001,66,46,11,0.37225726249431373,0.21153613209891398,137.66964099238982,0.2251758472640906,54.08134411006418,0.2251758472640906,54.08134411006418,200,0.035716909915208817,False
traffic_source_campaign_name_1607,target_business_001,99,69,16,0.16293776428690693,0.15552691890444365,92.93111345636771,0.1383795003270864,54.19844183102055,0.18035294224753015,63.24599280273545,200,0.013913730159401894,False
traffic_source_campaign_name_1629,target_business_001,31,21,6,0.3471396006905103,0.29826230402924286,89.34331988374898,0.012126228667337499,3.9496356102897168,0.020130390165562836,6.378237580618067,200,0.0693112462759018,False
traffic_source_campaign_name_1635,target_business_001,157,109,25,0.551074719150377,0.10721092929355197,16.366665328957733,0.16113195970253388,24.11228205220029,0.16635467805884968,24.78104116953427,200,0.010253834538161755,False
traffic_source_campaign_name_1639,target_business_001,79,55,13,0.5808491338767293,0.29619549989681776,69.18743078466875,0.09800361441027226,23.241255185633463,0.13366210367236914,32.39391351729656,200,0.019354023039340973,False
traffic_source_campaign_name_1649,target_business_002,35,24,6,0.2012275521256063,0.31153539625312193,45.43850646387432,0.6484975975256225,64.84975975256225,0.6484975975256225,64.84975975256225,200,0.01892746612429619,False
traffic_source_campaign_name_1654,target_business_002,97,67,16,0.23971729719372895,0.09484473644917904,17.92508369252876,0.04973146985554209,10.361781699671118,0.08520322118524878,18.46659798640112,200,0.019946763291954994,False
traffic_source_campaign_name_1656,target_business_002,66,46,11,0.2624256311840111,0.10259467419559186,15.666046799761983,0.05870089458235215,9.217795530601903,0.0983432478919336,14.825040746808337,200,0.015263983979821205,False
traffic_source_campaign_name_1663,target_business_002,30,21,5,0.45779890827445696,0.025649867268526694,3.837749610157698,,,,,200,0.007305790204554796,False
traffic_source_campaign_name_1668,target_business_002,39,27,7,0.2988714061193951,0.41544079667674527,213.32228033816807,0.5778476161275486,74.31664358002664,0.5778476161275486,74.31664358002664,200,0.010299700312316418,False
traffic_source_campaign_name_1685,target_business_005,63,44,10,0.31726540319267843,0.10396644954385331,58.84819390876379,0.007640039235314311,4.217030288308597,0.007640039235314311,4.217030288308597,200,0.024134287610650063,False
traffic_source_campaign_name_1686,target_business_005,370,259,56,0.25615170767144363,0.08743340285265827,25.02441574786987,0.09659270643456443,26.565781004332063,0.107204781708173,32.21834934787227,200,0.0052308193407952785,False
traffic_source_campaign_name_1697,target_business_002,148,103,23,0.1748589846295769,0.06275617904632133,26.475996814855613,0.07525849400038509,31.031022826967774,0.07051113066441102,28.15087984661586,200,0.009740155190229416,False
traffic_source_campaign_name_1705,target_business_004,37,25,7,0.08004690700454388,0.2181800847174919,130.0319910059957,0.32192614619265725,162.96545536516183,0.34626718650987215,156.56793736069966,200,0.009234510362148285,False
traffic_source_campaign_name_1706,target_business_004,34,23,6,0.2542084909632587,0.44048768876166405,91.55871684796908,0.04660835924334855,9.141072762008227,0.04660835924334855,9.141072762008227,200,0.18364165723323822,False
traffic_source_campaign_name_1724,target_business_004,122,85,19,0.146120045576408,0.020134472963318807,40.372902773069846,0.061237198556803776,76.30279341918566,0.04955486207330049,61.96101657332738,200,0.002903194632381201,False
traffic_source_campaign_name_1729,target_business_004,212,148,33,0.13152408689511697,0.04089701356408506,20.47170058878263,0.0408051839174084,20.656241479047225,0.05571880221732465,26.81515300282591,200,0.016163062304258347,False
traffic_source_campaign_name_1731,target_business_004,78,54,13,0.3116519603868409,0.162886103586171,26.710523868168256,0.06443837375684985,11.243216555333218,0.0967165651811887,15.83588071443304,200,0.013811391778290272,False
traffic_source_campaign_name_1732,target_business_004,39,27,7,0.22469672083681594,0.8977852701358949,450.05335327004696,0.03376890823243253,19.223183064802406,0.03376890823243253,19.223183064802406,200,0.015377936884760857,False
traffic_source_campaign_name_1733,target_business_004,136,95,21,0.09633927777197636,0.02430335414532545,19.80996775683019,0.04911305554878296,37.36335684448975,0.06925964252590913,52.48163211526613,200,0.010302896611392498,False
traffic_source_campaign_name_174,target_business_002,30,21,5,0.6592469129726815,0.043798089027404785,4.3798089027404785,,,,,200,0.06379270553588867,False
traffic_source_campaign_name_1741,target_business_004,87,60,14,0.4293123175297576,0.1782476458921406,31.485861625899204,0.16840234762670322,32.40333418115668,0.15253574169278297,28.652016437617068,200,0.004622807726264,False
traffic_source_campaign_name_1750,target_business_004,56,39,9,0.289318193318186,0.05693662032594119,11.573104521635004,0.07891534689977192,13.833484790924022,0.09285148306711652,15.31073054660179,200,0.013733557425439358,False
traffic_source_campaign_name_1752,target_business_004,130,91,20,0.15988628611509823,0.04164742566431365,16.817716727293792,0.07074155349364,28.078422226458017,0.08975467488212627,32.8049145306139,200,0.00639412272721529,False
traffic_source_campaign_name_1754,target_business_004,108,75,17,0.3415706028542136,0.016100962940860632,3.596463831037078,0.05287515563864604,12.260626170284489,0.0689021797795732,15.623899797493573,200,0.005342202261090279,False
traffic_source_campaign_name_1756,target_business_004,101,70,16,0.22144068559383273,0.04823215155002421,13.373754946664352,0.06365206756459711,18.110785236124237,0.0778298811632145,22.002540161129712,200,0.006430599372833967,False
traffic_source_campaign_name_1779,target_business_001,71,49,12,0.20747715913153858,0.5590718899150159,449.2413270945436,0.030307183711310852,20.664205958937476,0.030010302936272538,18.43019809167321,200,0.00323080038651824,False
traffic_source_campaign_name_1782,target_business_001,38,26,7,0.3647079506105431,0.032217168851139684,8.313254745302203,0.03541103453083016,8.794361716808123,0.04204988216926885,10.365476634005,200,0.027484426274895668,False
traffic_source_campaign_name_1784,target_business_001,42,29,7,0.38220238848518157,0.1687912820742312,27.33450906467106,0.07778540564051761,13.172493080440306,0.07778540564051761,13.172493080440306,200,0.027296921238303185,False
traffic_source_campaign_name_1785,target_business_002,94,65,15,0.2928062432664731,0.24736392459019477,118.02825590458372,0.038559782765943906,18.007268867805106,0.03246074278538734,14.970726790925848,200,0.013202056288719177,False
traffic_source_campaign_name_1792,target_business_002,54,37,9,0.6830891799262461,0.25456543042793833,39.717732566060775,0.12509138522919838,16.85436626725105,0.12509138522919838,16.85436626725105,200,0.17636904120445251,False
traffic_source_campaign_name_1796,target_business_002,41,28,7,0.6264315929454766,0.10274349799656146,13.145193478921877,0.027661073050952056,3.610675980650367,0.027661073050952056,3.610675980650367,200,0.003134847851470113,False
traffic_source_campaign_name_1797,target_business_002,32,22,6,0.6348801354922704,0.3750735273854103,50.419318652007384,0.11533738486886536,16.725324860483127,0.11533738486886536,16.725324860483127,200,0.014379452913999557,False
traffic_source_campaign_name_1802,target_business_002,34,23,6,0.5590036997041524,1.5540291837593805,215.5826599889258,0.41437246963562746,41.43724696356274,0.41437246963562746,41.43724696356274,200,0.4575490355491638,False
traffic_source_campaign_name_1826,target_business_002,30,21,5,0.582000870949203,0.3808489685958675,44.66474036552368,,,,,200,0.016998058184981346,False
traffic_source_campaign_name_1836,target_business_003,90,62,15,0.5520133667494944,0.07090243123915195,13.451941382156066,0.08572901492848069,13.485757603762059,0.08818461065420972,13.710736522662076,200,0.00787538755685091,False
traffic_source_campaign_name_1839,target_business_003,98,68,16,0.1275762177444053,0.050810818427135314,38.90733964849441,0.018556982282428542,13.823298790954189,0.016774304377279926,12.516312058510545,200,0.06256961822509766,False
traffic_source_campaign_name_1843,target_business_003,96,67,15,0.5589544056213992,0.11805429431607566,19.734170664186486,0.11008362394241833,18.283908666463677,0.11100332467501707,19.24262956615775,200,0.009487396106123924,False
traffic_source_campaign_name_1902,target_business_003,32,22,6,0.3379200264119013,0.6658758928359764,305.46064560216126,0.6966096185568302,418.87497089399506,0.6966096185568302,418.87497089399506,200,0.02394125424325466,False
traffic_source_campaign_name_1906,target_business_003,38,26,7,0.6425823973350668,0.02675369236794078,2.8335301413358516,0.016774405678264402,1.8648417848825019,0.019593131953358742,2.211483155664342,200,0.01111998688429594,False
traffic_source_campaign_name_1907,target_business_003,184,128,29,0.4902017805789699,0.10805154431515251,26.426408476145465,0.048755308376409665,10.65061016156858,0.05089893890556453,11.123549849751964,200,0.005963546223938465,False
traffic_source_campaign_name_1919,target_business_004,182,127,28,0.2674735484403325,0.10478493644803967,47.58285559809501,0.050716633714605275,24.499153034948748,0.045616157254619545,22.87729556160378,200,0.007513281423598528,False
traffic_source_campaign_name_1920,target_business_004,83,58,13,0.4858045073439855,0.2661353618385138,61.96451639301404,0.2598203008191403,57.52204534494831,0.2690726464643909,59.94460145999341,200,0.027804985642433167,False
traffic_source_campaign_name_1921,target_business_004,181,126,28,0.4171096692775191,0.039899578072150256,7.929409706718632,0.05539654886337202,10.836884559611669,0.05455053185148707,10.526889031019477,200,0.0040838331915438175,False
traffic_source_campaign_name_1924,target_business_002,94,65,15,0.387830543071822,0.0407359319498496,8.641704855058284,0.08171218854514894,17.2299422993331,0.07191241034400853,14.73158345831625,200,0.003833968425169587,False
traffic_source_campaign_name_1928,target_business_002,30,21,5,0.5826231005218999,0.12988820834360343,35.6766430529084,,,,,200,0.11070781946182251,False
traffic_source_campaign_name_1943,target_business_002,201,140,31,0.4093512487179594,0.062130801852966,13.472422429577913,0.11577445116714656,26.249780364868798,0.10715969855116603,24.32882899398912,200,0.007334952242672443,False
traffic_source_campaign_name_1947,target_business_002,59,41,10,0.5149084451277126,0.13597784972029742,18.799465591889,0.08247537961113716,11.010114587976165,0.08247537961113716,11.010114587976165,200,0.020864173769950867,False
traffic_source_campaign_name_1950,target_business_002,73,51,12,0.07575565161917343,0.012132648051575686,16.506393274999898,0.0020596788817992214,2.8370261041118794,0.003152838081765253,4.362390385582999,200,0.0006551332189701498,False
traffic_source_campaign_name_1952,target_business_002,88,61,14,0.22631447334907542,0.23717703857847172,93.28646491517111,0.019556655143238292,8.08600068503567,0.025738126938220026,10.72427112032948,200,0.0023624205496162176,False
traffic_source_campaign_name_1954,target_business_002,85,59,14,0.2434211148243472,0.013512012316293398,5.849723450594304,0.07552617979854294,29.78543163745281,0.0711204294889208,28.553088196515976,200,0.006239623762667179,False
traffic_source_campaign_name_1960,target_business_002,68,47,11,0.2168018098775302,0.13547790925623643,43.67881852118272,0.07575759488513484,16.969013799184438,0.07779660928104758,17.148371437002762,200,0.008620012551546097,False
traffic_source_campaign_name_1965,target_business_002,30,21,5,0.38176438737043566,0.09147583914958546,25.71574954448702,,,,,200,0.01837044209241867,False
traffic_source_campaign_name_1978,target_business_002,30,21,5,0.11221122131060073,0.06555935309465365,58.6896003786516,0.0684503452368109,43.95321106716906,0.0684503452368109,43.95321106716906,200,0.005903125740587711,False
traffic_source_campaign_name_1995,target_business_004,37,25,7,0.40437009634298826,0.2351842168892378,40.66983832124406,0.08563780797079978,32.254426013167866,0.11149504789304857,37.42737936494771,200,0.01809820532798767,False
traffic_source_campaign_name_1999,target_business_002,60,42,9,0.5473507651620433,0.03447557164200432,4.668094827161314,,,,,200,0.0050150444731116295,False
traffic_source_campaign_name_2002,target_business_002,94,65,15,0.5994375115198453,0.03741012952808936,6.183964282087043,0.04481468202868598,7.457665971996609,0.06476773779141637,11.107819095964269,200,0.017108406871557236,False
traffic_source_campaign_name_2004,target_business_005,31,21,6,0.3222310530876176,0.28897226657564545,69.13314545905772,0.012523721812904731,3.0395394124121746,0.012523721812904731,3.0395394124121746,200,0.05312139913439751,False
traffic_source_campaign_name_2007,target_business_005,38,26,7,0.2321621684655914,0.5856001521863801,208.906810340219,0.09918858930975512,31.673218015481325,0.09918858930975512,31.673218015481325,200,0.046208422631025314,False
traffic_source_campaign_name_2016,target_business_005,63,44,10,0.17928376462823065,0.2420627366349394,80.72830066772096,0.040102772021640434,13.645479236487686,0.0615466213944997,19.352378637963913,200,0.015363836660981178,False
traffic_source_campaign_name_2017,target_business_005,72,50,12,0.30154978240026037,0.09415576612810643,43.649367556978056,0.06307071826606327,18.365940426516314,0.06307071826606327,18.365940426516314,200,0.018568474799394608,False
traffic_source_campaign_name_2022,target_business_005,276,193,42,0.15696237441203437,0.23788586431434885,125.0700721184359,0.037095463828630916,18.461110056727364,0.03889167074983784,19.616126928293127,200,0.010893468745052814,False
traffic_source_campaign_name_2028,target_business_005,246,172,38,0.19795509191973554,0.11772363988340943,55.677765302451945,0.13360922404696488,69.53662793686327,0.11681837411272042,64.43181440412557,200,0.01240033470094204,False
traffic_source_campaign_name_2029,target_business_005,34,23,6,0.4789102300414517,1.999487000866619,603.4530848069053,0.11322395553164784,42.63033479381593,0.13925945849022772,53.69619655202242,200,0.5192846059799194,False
traffic_source_campaign_name_2031,target_business_001,39,27,7,0.20832747141974556,0.12208632504999706,53.35115084619581,0.3539421730335331,133.38779390101607,0.3539421730335331,133.38779390101607,200,0.008478211238980293,False
traffic_source_campaign_name_2035,target_business_001,73,51,12,0.4237072120570654,1.992150893371077,329.73710859906095,0.11445227698835607,24.735479760965852,0.09301099639826331,21.59598918319212,200,0.0389203205704689,False
traffic_source_campaign_name_2036,target_business_001,136,95,21,0.2426086903897361,0.11734056616709612,42.07178259159563,0.11308710562414265,52.532986936831506,0.12665064096283232,57.00929754758488,200,0.017019325867295265,False
traffic_source_campaign_name_2038,target_business_002,117,81,19,0.19276659673647886,0.038881367151684956,28.604207189730456,0.051481240023072694,39.91479922855223,0.05496461829449878,43.12597049419226,200,0.013464127667248249,False
traffic_source_campaign_name_2049,target_business_002,36,25,6,0.24699612498037724,0.5410720406157561,203.93305360182285,0.17566385837687962,46.623266345881696,0.17566385837687962,46.623266345881696,200,0.01404988020658493,False
traffic_source_campaign_name_2060,target_business_002,36,25,6,0.3013891658886838,0.20556910947459875,117.24040378746452,0.07719170193389406,33.454827407084586,0.07719170193389406,33.454827407084586,200,0.02638169750571251,False
traffic_source_campaign_name_2064,target_business_005,39,27,7,0.6220105819166857,1.3279513082090826,218.3545383455138,0.0680505925633701,12.187787765218781,0.0680505925633701,12.187787765218781,200,0.0577569417655468,False
traffic_source_campaign_name_2068,target_business_005,112,78,18,0.27720461077629543,0.13657293819602254,23.68850951804275,0.06205709972060503,11.125038010694743,0.1061768181399925,18.46442871955445,200,0.01727808639407158,False
traffic_source_campaign_name_2069,target_business_005,62,43,10,0.6013028209145251,0.14330190202521148,17.80417713419945,0.2835039452895892,29.762879549727515,0.2835039452895892,29.762879549727515,200,0.008653908967971802,False
traffic_source_campaign_name_207,target_business_002,39,27,7,0.24969966318379117,0.9723646746271427,256.81428822636065,0.07550575055317399,23.441289928310326,0.07550575055317399,23.441289928310326,200,0.03926488012075424,False
traffic_source_campaign_name_2070,target_business_005,90,62,15,0.3610784310840105,0.13144557781404165,27.616833057317002,0.08882427503110528,16.364992030238902,0.11867234507232573,21.337557569883188,200,0.005222420208156109,False
traffic_source_campaign_name_2095,target_business_001,84,58,14,0.2964665828408387,0.07183999813845811,18.286406954018933,0.08889693536755276,26.514283461437543,0.0832152249611859,25.02716950385806,200,0.008716498501598835,False
traffic_source_campaign_name_2099,target_business_002,30,21,5,0.3515615605584876,0.2758786229034262,68.33529951761871,0.04417033199201532,10.843544788047012,0.05942562159326806,15.356326803859,200,0.025690054520964622,False
traffic_source_campaign_name_2100,target_business_002,548,383,83,0.11731313971146563,0.049466589826356926,58.781239630747315,0.0708859665010627,60.60112508609511,0.06317275757698936,56.97573169769894,200,0.009956966154277325,False
traffic_source_campaign_name_2105,target_business_002,514,359,78,0.16936019241804495,0.08735062353742093,30.159304912966654,0.102426530279658,45.053948182930824,0.09994858130467688,43.1355940640837,200,0.009698114357888699,False
traffic_source_campaign_name_211,target_business_002,214,149,33,0.1953515346271461,0.12199740521963873,101.31869281642807,0.16457507747357378,104.25352174685376,0.16330494105891874,134.76669173385125,200,0.01595688983798027,False
traffic_source_campaign_name_212,target_business_002,208,145,32,0.354999688157221,0.10208540017839858,19.328785056433478,0.1118705695300176,21.212473728014537,0.10124124467191155,19.13447929920652,200,0.02295168861746788,False
traffic_source_campaign_name_2123,target_business_002,68,47,11,0.18616709198629633,0.05369665276975387,14.930458459673199,0.028931487242873873,10.592151431165528,0.049914924143270124,17.74537860802015,200,0.00038078977377153933,False
traffic_source_campaign_name_2135,target_business_002,37,25,7,0.4002433072438788,0.7924780125275356,191.9078407879847,0.24758942464286848,53.947615988750385,0.21622881497078209,49.142743678928774,200,0.2761402726173401,False
traffic_source_campaign_name_2137,target_business_002,31,21,6,0.4334526113040175,0.7883814007090095,232.62328099767427,0.012599287866338016,3.6750998668442154,0.012599287866338016,3.6750998668442154,200,0.05784106254577637,False
traffic_source_campaign_name_2151,target_business_002,39,27,7,0.34600086713116346,1.2143903140334404,199.36554767702887,0.08540477044702581,12.336992166269566,0.12462434686870322,18.105440623082263,200,0.036048952490091324,False
traffic_source_campaign_name_2155,target_business_002,116,81,18,0.252873544693615,0.14012047294718266,55.17962025233889,0.12299728301744887,38.168958613125035,0.16388909146503067,50.70907567561297,200,0.008593900129199028,False
traffic_source_campaign_name_2157,target_business_002,54,37,9,0.2947932596286051,0.0754630202853818,14.636806215274802,0.3298864878248694,147.43916566099549,0.3298864878248694,147.43916566099549,200,0.015581862069666386,False
traffic_source_campaign_name_2159,target_business_002,166,116,26,0.1608638877679153,0.03548238142667691,40.49823918661846,0.02798350404690072,31.152057533588106,0.027703070847779798,30.077762127845265,200,0.005054654087871313,False
traffic_source_campaign_name_2163,target_business_002,33,23,6,0.4518030518121867,0.44846115942537984,74.7791463657449,0.6617770505797823,66.17770505797823,0.6617770505797823,66.17770505797823,200,0.05202549323439598,False
traffic_source_campaign_name_2170,target_business_002,72,50,12,0.2884074922586948,0.09006632420450746,36.731225680945464,0.10026244833155401,33.76899915463653,0.10026244833155401,33.76899915463653,200,0.019295552745461464,False
traffic_source_campaign_name_2171,target_business_002,31,21,6,0.2647579472798324,0.5134004644385196,69.115860114382,0.6179211123449042,61.79211123449042,0.6179211123449042,61.79211123449042,200,0.03454464673995972,False
traffic_source_campaign_name_2172,target_business_002,60,42,9,0.30405420375186665,0.2407088241829778,89.52471047199421,,,,,200,0.00931982696056366,False
traffic_source_campaign_name_2177,target_business_002,86,60,14,0.34204873065840397,5.343607501870605,1433.469753273108,0.12975943543356205,28.20306438800856,0.14129153670201705,29.831686780726084,200,0.031024105846881866,False
traffic_source_campaign_name_2181,target_business_002,41,28,7,0.37540447026909,0.1463958340906629,39.00055241993224,0.0303352941176471,9.35432780945452,0.0303352941176471,9.35432780945452,200,0.08274734020233154,False
traffic_source_campaign_name_2183,target_business_002,604,422,92,0.29725562672225186,0.051117402919885965,28.07417277451706,0.0716167798199401,32.58974505610555,0.06799404486230072,31.489801223096116,200,0.004009149502962828,False
traffic_source_campaign_name_2217,target_business_005,57,39,10,0.3313773561457874,0.20023828780619157,32.15127826251028,0.13942427986113293,25.88921756152106,0.13942427986113293,25.88921756152106,200,0.011351757682859898,False
traffic_source_campaign_name_2218,target_business_005,117,81,19,0.09404626939659745,0.03577248110834664,35.85353035303067,0.02805080134028713,27.081073017657804,0.03186462134973154,31.37623504545323,200,0.036010630428791046,False
traffic_source_campaign_name_2219,target_business_005,255,178,39,0.2672548073970438,0.3309194365238557,70.75529316452379,0.1035794560457722,21.954185229683624,0.09596689776347465,19.72831600664236,200,0.00894765742123127,False
traffic_source_campaign_name_2224,target_business_005,63,44,10,0.30949293224738555,0.3441223105131396,270.26816583587197,0.0689483436353569,44.61468286359055,0.0689483436353569,44.61468286359055,200,0.03729311004281044,False
traffic_source_campaign_name_2231,target_business_005,61,42,10,0.5102392521894135,0.10853159138623725,18.495319430250756,0.014459468202109083,2.4968579807289495,0.014459468202109083,2.4968579807289495,200,0.0032478529028594494,False
traffic_source_campaign_name_227,target_business_002,33,23,6,0.40073069554493135,1.532550372144766,209.42980428928539,0.3660891800347711,36.60891800347711,0.3660891800347711,36.60891800347711,200,0.007673005107790232,False
traffic_source_campaign_name_2271,target_business_005,103,72,16,0.16647171177405756,0.07974429920962522,29.42665967353582,0.10380406686623042,35.71888165964152,0.10481774694820112,43.310189220096646,200,0.006297694984823465,False
traffic_source_campaign_name_2277,target_business_005,37,25,7,0.5608542263576393,0.29063057621147187,35.553839928132795,0.22227147701720062,34.73203725832644,0.22227147701720062,34.73203725832644,200,0.06425110250711441,False
traffic_source_campaign_name_2278,target_business_005,41,28,7,0.3552429021336559,0.16289634017665033,30.31224956455067,0.44319613985812534,174.17067284984748,0.44319613985812534,174.17067284984748,200,0.0048813847824931145,False
traffic_source_campaign_name_2284,target_business_005,76,53,12,0.3699851054241736,0.07880742429082128,14.346506054763703,0.22752143044301346,60.93514500180394,0.22752143044301346,60.93514500180394,200,0.023560918867588043,False
traffic_source_campaign_name_2288,target_business_005,72,50,12,0.22272424230292506,0.15972433943546294,74.42322653199037,0.09450384049460714,37.186290853639875,0.09450384049460714,37.186290853639875,200,0.05005670711398125,False
traffic_source_campaign_name_2289,target_business_001,35,24,6,0.38371892307921385,0.17149345083920742,36.55487055475226,0.5208492180484252,71.9283056835997,0.5208492180484252,71.9283056835997,200,0.012383394874632359,False
traffic_source_campaign_name_2290,target_business_001,58,40,10,0.1398777947861242,0.15806667080343095,206.57979641783197,0.05500470675069757,77.10827086841974,0.07736888129397097,132.38715762234713,200,0.015903741121292114,False
traffic_source_campaign_name_2292,target_business_002,55,38,9,0.26578619984524565,0.4188099796392685,220.31938583035875,,,,,200,0.011225319467484951,False
traffic_source_campaign_name_2302,target_business_001,32,22,6,0.45970173846000795,0.07180287830234132,12.328061594482705,0.0077950905292479165,1.3401469625257967,0.009459348885793894,1.6240602480080504,200,0.007409711368381977,False
traffic_source_campaign_name_2304,target_business_001,56,39,9,0.3015446021026929,0.7553925514221191,75.53925514221191,,,,,200,0.01362060010433197,False
traffic_source_campaign_name_2305,target_business_001,70,49,11,0.4028736454661959,0.51645960468983,177.7901087414885,0.10913319898355794,28.430375017921865,0.10913319898355794,28.430375017921865,200,0.02269878052175045,False
traffic_source_campaign_name_2330,target_business_001,35,24,6,0.4114978202416348,0.4106157736387894,117.19334148278693,0.4224838647061678,65.93800886128679,0.4224838647061678,65.93800886128679,200,0.012853402644395828,False
traffic_source_campaign_name_2333,target_business_001,108,75,17,0.207715036943361,0.09024558533252251,92.19898898859226,0.04832543071576456,42.21249387730512,0.047292498324658906,39.09346381780685,200,0.043751638382673264,False
traffic_source_campaign_name_2334,target_business_001,35,24,6,0.3850333333333333,0.04739170095053595,14.362157072547507,0.026710317460317448,8.345597148008778,0.04360714285714285,14.037759164803571,200,0.010673987679183483,False
traffic_source_campaign_name_2335,target_business_001,543,380,82,0.13676291628823448,0.022417699816782325,22.52906281622194,0.036495080156773364,29.67311437383608,0.03454669036982667,27.840634961732754,200,0.00603182939812541,False
traffic_source_campaign_name_2343,target_business_004,542,379,82,0.022808788856258054,0.0357637209506455,90.6317768626166,0.03963038232398299,69.69110954489923,0.04923223688855048,118.11518212897174,200,0.006421383004635572,False
traffic_source_campaign_name_2344,target_business_004,97,67,16,0.39549184752140093,0.17914173543097806,39.42918047334017,0.15303255723461623,35.77095372001246,0.15426823505007667,37.47678962004993,200,0.014357293024659157,False
traffic_source_campaign_name_2345,target_business_004,522,365,79,0.22123940656174354,0.029265100114670754,11.323626067740888,0.02549791738971397,10.815113228402815,0.026921011903036588,10.978319645903895,200,0.0031919353641569614,False
traffic_source_campaign_name_2347,target_business_005,38,26,7,0.31432893519001787,0.4880124254047837,194.7635201279803,0.031673624097265554,11.804948436449354,0.037383129107784914,14.39026549729611,200,0.03256222605705261,False
traffic_source_campaign_name_2348,target_business_005,38,26,7,0.31158342650759746,2.0608374878276514,647.4811137567604,0.018997203733393798,6.186636481004587,0.02413456898087421,7.770324133812909,200,0.015460179187357426,False
traffic_source_campaign_name_2352,target_business_003,95,66,15,0.20689188561485103,0.11648698016751687,39.28011359782559,0.10551994817514197,38.384501883959175,0.12436443254747748,49.497466605306876,200,0.03537259250879288,False
traffic_source_campaign_name_2368,target_business_003,93,65,15,0.3835630695951245,0.10847352873863038,26.71994463353328,0.08998239334809593,22.00225105550901,0.09224224364136546,22.92696368215657,200,0.015491622500121593,False
traffic_source_campaign_name_2391,target_business_003,34,23,6,0.35899265992839496,8.563215454762236,3486.098335078116,0.03658115758936929,14.911376898607209,0.048380474452554764,18.613710091211622,200,0.022267654538154602,False
traffic_source_campaign_name_2396,target_business_003,31,21,6,0.4129590136378349,0.13054469730602253,20.508860284173856,0.18546123318168617,25.307092854312508,0.18546123318168617,25.307092854312508,200,0.036340177059173584,False
traffic_source_campaign_name_2409,target_business_003,84,58,14,0.2995760988064282,0.04187439632164501,6.3920876096407495,0.04135106751842077,7.899245359755891,0.060254358735388265,10.457763857591132,200,0.007926847785711288,False
traffic_source_campaign_name_2437,target_business_003,31,21,6,0.2781107723657267,0.5338432612945498,426.8266508867975,0.11487889359241181,57.93766038680606,0.11487889359241181,57.93766038680606,200,0.24873347580432892,False
traffic_source_campaign_name_244,target_business_002,70,49,11,0.07151595342717039,0.12172632676153654,543.5715063800841,0.005229416549029149,24.917627079281395,0.005229416549029149,24.917627079281395,200,0.06479756534099579,False
traffic_source_campaign_name_2446,target_business_005,38,26,7,0.32833531381446124,0.15856671788124882,34.358320954790074,0.19653742627558093,46.1994442829668,0.19653742627558093,46.1994442829668,200,0.021329382434487343,False
traffic_source_campaign_name_245,target_business_002,75,52,12,0.44733126364329745,0.06909248586701229,17.5427706167524,0.048053716084027844,13.34552999393852,0.048053716084027844,13.34552999393852,200,0.014403254725039005,False
traffic_source_campaign_name_2453,target_business_005,31,21,6,0.40826617272816257,1.7908474318537817,535.5563096035801,0.07457771185522324,19.69792423097213,0.07457771185522324,19.69792423097213,200,0.03879334032535553,False
traffic_source_campaign_name_2457,target_business_004,250,175,38,0.25467244100046327,0.07789518409678907,58.56846519151628,0.09157356988161398,55.63399159247394,0.10207790996581528,66.79244012026363,200,0.005523751024156809,False
traffic_source_campaign_name_2474,target_business_002,37,25,7,0.32508969292087647,0.16117039693112611,28.910774997564154,0.4149274190160078,80.95138946662973,0.4149274190160078,80.95138946662973,200,0.03952784091234207,False
traffic_source_campaign_name_2479,target_business_002,55,38,9,0.3300341371572577,0.07221474118241128,37.40895454716283,0.005553298117296601,2.874369040942289,0.005553298117296601,2.874369040942289,200,0.022060882300138474,False
traffic_source_campaign_name_2480,target_business_002,83,58,13,0.3275410431231157,0.426052844149585,92.39901482257109,0.09311606693959634,16.997986105823966,0.10954368792051232,22.291530457343953,200,0.017306704074144363,False
traffic_source_campaign_name_2481,target_business_002,144,100,23,0.18030118149005853,0.10463683419967323,51.560520079156944,0.11506769705262168,58.60484047044058,0.10381030184619558,51.6603240215928,200,0.02226698398590088,False
traffic_source_campaign_name_249,target_business_002,37,25,7,0.48943118652399037,0.05102225432884341,9.113901171798334,0.051797764116320116,9.388029780089601,0.051797764116320116,9.388029780089601,200,0.003603310789912939,False
traffic_source_campaign_name_2506,target_business_002,31,21,6,0.31556590512025473,0.21859489432370088,72.63799898330349,0.04511526124883847,14.976614588516291,0.04511526124883847,14.976614588516291,200,0.0198733601719141,False
traffic_source_campaign_name_2511,target_business_002,35,24,6,0.3307153331532103,0.06784966838328542,23.55344690603612,0.15616797900262472,45.137931034482776,0.15616797900262472,45.137931034482776,200,0.004544858820736408,False
traffic_source_campaign_name_2517,target_business_003,31,21,6,0.3321544924612883,0.5245266468410102,187.58580339452516,0.09001874639492402,41.36388735505245,0.09001874639492402,41.36388735505245,200,0.021627012640237808,False
traffic_source_campaign_name_2523,target_business_002,85,59,14,0.25972357574439375,0.2382073998312818,178.25210822047435,0.07533057399666694,61.42280668716841,0.06993924678305055,59.1804924233393,200,0.012899788096547127,False
traffic_source_campaign_name_2525,target_business_002,94,65,15,0.3595235481503481,0.15435315487325824,100.86116973257538,0.07185407018927831,62.344861482359704,0.0750953901325105,63.645524217349106,200,0.022342538461089134,False
traffic_source_campaign_name_2527,target_business_002,42,29,7,0.3758246019287525,0.1980090545917658,48.001806842418794,0.12478033477667919,32.228520203206365,0.12478033477667919,32.228520203206365,200,0.042287006974220276,False
traffic_source_campaign_name_2537,target_business_002,30,21,5,0.35402517351725854,0.5528350740178349,149.94560951475685,,,,,200,0.03525671362876892,False
traffic_source_campaign_name_2538,target_business_002,30,21,5,0.34428965949774254,0.05904572936131719,17.43317899395285,,,,,200,0.22453385591506958,False
traffic_source_campaign_name_2539,target_business_002,30,21,5,0.4512449091106126,0.445516950079914,61.04826082981474,,,,,200,0.021218841895461082,False
traffic_source_campaign_name_2542,target_business_002,42,29,7,0.17953978154342448,0.3991217648421219,199.70148459926395,0.12547791208993392,40.905708007120424,0.12674982980993907,41.64456631136592,200,0.01844603754580021,False
traffic_source_campaign_name_2547,target_business_002,94,65,15,0.29393463847474366,0.15519805933549558,45.87624760812781,0.09356098552492124,21.657420425974948,0.08891313500878377,20.32381436786731,200,0.02757224254310131,False
traffic_source_campaign_name_256,target_business_004,99,69,16,0.3381113402246301,3.713132919939181,24185.3265214277,0.11626839905473499,555.9696841971245,0.09547393891957562,438.80034003004226,200,0.024166086688637733,False
traffic_source_campaign_name_2576,target_business_002,34,23,6,0.27411507338407143,0.2666721133413549,90.91332266620114,0.1944495041126737,52.72353945408659,0.1944495041126737,52.72353945408659,200,0.0363178625702858,False
traffic_source_campaign_name_2581,target_business_002,216,151,33,0.2136895040042765,0.12107513885610614,56.11441150815158,0.13620523925718303,54.289392426403595,0.15321819819445556,62.049141625036675,200,0.01865730993449688,False
traffic_source_campaign_name_259,target_business_004,280,196,42,0.1696024174895975,0.030160563436921833,18.01122712918292,0.051302124529382494,31.07885513807018,0.0451773368756593,26.499933298932866,200,0.00535815441980958,False
traffic_source_campaign_name_2612,target_business_002,39,27,7,0.4351816566075557,0.16708395668961504,54.0882542407521,0.07937538973186448,22.713731026899563,0.07937538973186448,22.713731026899563,200,0.025232218205928802,False
traffic_source_campaign_name_2614,target_business_002,38,26,7,0.3524611694047645,0.19705114026876647,51.311392916339415,0.27499999999999997,43.71791856561988,0.27499999999999997,43.71791856561988,200,0.0673900619149208,False
traffic_source_campaign_name_2636,target_business_002,31,21,6,0.4645301593982714,1.0587788911530038,159.67997166515653,0.49066622220105727,49.06662222010573,0.49066622220105727,49.06662222010573,200,0.07630625367164612,False
traffic_source_campaign_name_2644,target_business_002,34,23,6,0.5866815914284593,0.1499467538847232,25.239970841747112,0.3060699364609627,36.06010692918815,0.3060699364609627,36.06010692918815,200,0.05706330016255379,False
traffic_source_campaign_name_2658,target_business_002,73,51,12,0.03721242054882337,0.06066767301727304,207.8951060987078,0.002737022140246244,8.273814231598454,0.002737022140246244,8.273814231598454,200,0.016200240701436996,False
traffic_source_campaign_name_2666,target_business_002,33,23,6,0.1173293249281292,0.05350039250006988,97.26731580626975,0.007292383119059005,11.805852962169968,0.007292383119059005,11.805852962169968,200,0.010705451481044292,False
traffic_source_campaign_name_2673,target_business_002,84,58,14,0.34570241636663546,0.13244631374033639,103.70630945728354,0.2476156943799265,104.49851877148602,0.2298423017219331,93.25584248396581,200,0.018730726093053818,False
traffic_source_campaign_name_270,target_business_004,98,68,16,0.24532000598961687,0.03946901216688729,15.417541593466822,0.0720456763703886,30.311159562711172,0.09096038713434439,38.284618508469215,200,0.0077280146069824696,False
traffic_source_campaign_name_2742,target_business_001,268,187,41,0.15168009929981574,0.04329631355927846,36.921002453675115,0.044266773393825225,34.00806292516885,0.055836941407899306,44.0060783044045,200,0.009576445445418358,False
traffic_source_campaign_name_2744,target_business_001,115,80,18,0.2943935411164589,0.08639615316790078,36.509153493622215,0.1162156230134484,53.350472443188565,0.09910866046135168,45.986836864101605,200,0.008556491695344448,False
traffic_source_campaign_name_2746,target_business_001,54,37,9,0.2656931058612211,0.6291247860406899,86.13284489455408,0.24556720686367972,43.026557541339564,0.24556720686367972,43.026557541339564,200,0.033369533717632294,False
traffic_source_campaign_name_2748,target_business_001,308,215,47,0.21227159412963537,0.059288711152323696,16.24872812518937,0.09166754813893639,28.18024811418717,0.0840363685016561,25.41202142571341,200,0.006499090231955051,False
traffic_source_campaign_name_2749,target_business_001,103,72,16,0.16665539776020136,0.027556873940500194,20.322190127022573,0.0440934609267875,34.0318192484796,0.060337774420523786,48.192759355726,200,0.002171493135392666,False
traffic_source_campaign_name_2750,target_business_001,81,56,13,0.1405087313102033,0.04918972574525811,30.708050835585126,0.07353626533033596,39.255682342778734,0.07773401271453016,41.199093280648654,200,0.021535905078053474,False
traffic_source_campaign_name_2754,target_business_002,299,209,46,0.18191755683255872,0.0480153615537233,38.11394279205039,0.07467711960348382,55.923101605552986,0.06850712576688933,53.22858964164937,200,0.012828287668526173,False
traffic_source_campaign_name_2756,target_business_002,85,59,14,0.2558134858909326,0.10506649153266706,38.77255432264359,0.14929879010558744,46.233536456865686,0.15292792106172387,45.20619060934057,200,0.02803802490234375,False
traffic_source_campaign_name_2757,target_business_002,85,59,14,0.28765865313126676,0.565650934018355,231.07049116629378,0.12087130470977911,67.78895595937642,0.10843330670118091,62.56634272005773,200,0.025990892201662064,False
traffic_source_campaign_name_2759,target_business_002,42,29,7,0.3222852256812157,0.3307849088454545,123.55067026570285,0.27734792822512117,84.34561288732006,0.27734792822512117,84.34561288732006,200,0.05097322538495064,False
traffic_source_campaign_name_276,target_business_004,282,197,43,0.21844456706276041,0.03374036461547163,11.927874550989698,0.029781730930089605,9.787498740038728,0.03642245697935547,12.193903412889712,200,0.006687465589493513,False
traffic_source_campaign_name_2767,target_business_004,104,72,17,0.11928438859839187,0.0638168728671994,108.09929188277201,0.013819630208504394,23.35016256166434,0.011466621138773133,19.440869181008512,200,0.004406518768519163,False
traffic_source_campaign_name_2768,target_business_004,328,229,50,0.32567370536787665,0.05343875707283935,17.038288424159806,0.06894677029914725,20.502783198607574,0.06482397607285104,18.677706627031707,200,0.014446423389017582,False
traffic_source_campaign_name_2769,target_business_004,130,91,20,0.2653710758278616,0.22439673344607627,133.96948110143342,0.04470974595426653,34.432859594269246,0.06547184136246124,46.54719859595162,200,0.007491188123822212,False
traffic_source_campaign_name_277,target_business_004,70,49,11,0.23101784254964283,0.1814867874721785,90.8442467512105,0.017639511573669456,9.232012430193832,0.017639511573669456,9.232012430193832,200,0.008657315745949745,False
traffic_source_campaign_name_2781,target_business_004,139,97,22,0.38708202424672167,0.4906345993012146,139.9569743641692,0.18005275913892083,56.53456450934592,0.17283765464874576,55.4852873497379,200,0.010406129993498325,False
traffic_source_campaign_name_2783,target_business_004,315,220,48,0.3191789819908662,0.08165561386327236,30.12473660866049,0.07122091556328808,27.728005066889565,0.0704081607052674,28.725035469507176,200,0.007527013309299946,False
traffic_source_campaign_name_2784,target_business_004,161,112,25,0.3230733931867008,0.08714520267715764,31.022932881765026,0.16293554997425583,76.44064445667806,0.15603245400667623,72.43487958938746,200,0.006717595737427473,False
traffic_source_campaign_name_2787,target_business_004,94,65,15,0.35998451004044274,0.13736780452759162,25.551433459771477,0.13941104097259502,18.529627566696625,0.15391348792900114,20.714892242057328,200,0.014576208777725697,False
traffic_source_campaign_name_279,target_business_004,76,53,12,0.11185894901123301,0.4983978235502249,537.4727876524938,0.03245745386496593,26.175768758017053,0.03245745386496593,26.175768758017053,200,0.03925079107284546,False
traffic_source_campaign_name_2790,target_business_002,39,27,7,0.15091848864623914,0.2896028903679114,43.76694308068064,0.22024319343870855,31.28386745746832,0.22024319343870855,31.28386745746832,200,0.004564261995255947,False
traffic_source_campaign_name_282,target_business_004,58,40,10,0.24895895837532306,0.5346888153704312,110.8306063151656,0.11349523398102496,20.40231955530292,0.11349523398102496,20.40231955530292,200,0.017598984763026237,False
traffic_source_campaign_name_284,target_business_004,59,41,10,0.26058073053635916,0.10400055702953026,14.798996090651507,0.07746793983197842,10.925743162468827,0.07746793983197842,10.925743162468827,200,0.016321463510394096,False
traffic_source_campaign_name_286,target_business_004,94,65,15,0.19195714752868098,0.11811931476545569,32.163523400603765,0.21669900971461262,60.65797327345827,0.20190513605889449,60.19050789582575,200,0.008937341161072254,False
traffic_source_campaign_name_287,target_business_004,83,58,13,0.22818342328642363,0.14814162861437147,34.030351736018126,0.24050888456884018,45.211237303279894,0.23322415438209296,44.482764284605175,200,0.018155604600906372,False
traffic_source_campaign_name_289,target_business_004,55,38,9,0.08707703329042141,0.23958982150774044,806.1288556565094,,,,,200,0.027059262618422508,False
traffic_source_campaign_name_290,target_business_004,56,39,9,0.41936888002082073,0.171231210231781,17.1231210231781,,,,,200,0.004652069881558418,False
traffic_source_campaign_name_291,target_business_004,337,235,52,0.17721178757735834,0.03969690723872709,17.405714669675028,0.0703361746498567,29.7746517800677,0.061533661051677506,25.401040165763256,200,0.005854052025824785,False
traffic_source_campaign_name_294,target_business_004,118,82,19,0.25336389263326453,0.07877217578110883,13.27614755913899,0.12655146215252752,19.28304856988938,0.12563247870626737,18.054636561659542,200,0.006754125002771616,False
traffic_source_campaign_name_295,target_business_004,69,48,11,0.4127055690672273,0.5085330707126354,76.04344310793249,0.1477166827158392,21.39577537139543,0.1477166827158392,21.39577537139543,200,0.010597736574709415,False
traffic_source_campaign_name_315,target_business_004,238,166,37,0.41104561431016023,0.11263012112169228,19.03082033506849,0.13092486500806616,22.008539799358026,0.12902423022558654,22.73265241414801,200,0.006581718567758799,False
traffic_source_campaign_name_328,target_business_002,40,28,6,0.29299159141401965,0.05842470874281319,14.98050229284997,0.3169826547819803,122.31970208222822,0.3169826547819803,122.31970208222822,200,0.02363532967865467,False
traffic_source_campaign_name_336,target_business_002,119,83,19,0.18578990314362398,0.08871413849703079,28.896353713397826,0.07804627675942381,26.98142864910248,0.07356482530532134,26.095408259763392,200,0.020000997930765152,False
traffic_source_campaign_name_340,target_business_002,107,74,17,0.22388213754826383,0.17244580574607266,60.04445650322604,0.09186028260464396,31.46262996538181,0.08320776401943816,28.20729711496952,200,0.014006088487803936,False
traffic_source_campaign_name_341,target_business_002,31,21,6,0.2955336261243034,0.2794147533670648,295.3096328863415,0.031337439232176106,33.46443959896093,0.031337439232176106,33.46443959896093,200,0.05643976107239723,False
traffic_source_campaign_name_343,target_business_002,30,21,5,0.32490523684098604,0.13180596224203756,18.499307284194703,,,,,200,0.003070850856602192,False
traffic_source_campaign_name_344,target_business_002,80,56,12,0.13658740294440577,0.16410717056713053,49.11549879513653,0.3379273843287498,64.72874911973267,0.3379273843287498,64.72874911973267,200,0.018958117812871933,False
traffic_source_campaign_name_356,target_business_002,110,77,17,0.19057221308296055,0.05885164640164927,29.627537393823744,0.07106338681103992,31.139859906537794,0.07088501630552926,31.654204868637294,200,0.01430120225995779,False
traffic_source_campaign_name_358,target_business_002,69,48,11,0.37243309242617306,0.3952437302049159,83.65177284130235,0.18065374084095243,26.271925763877046,0.18065374084095243,26.271925763877046,200,0.047999460250139236,False
traffic_source_campaign_name_359,target_business_002,156,109,24,0.2982333138568745,0.17121385956138915,59.86382971760382,0.20729217740138178,83.41423850892674,0.23984641875470938,89.45307740913512,200,0.017758704721927643,False
traffic_source_campaign_name_363,target_business_002,241,168,37,0.14740427036192214,0.07493089613437053,59.33148533112412,0.08256924664089796,35.83558744798534,0.07541013889932234,31.01534224413679,200,0.013902888633310795,False
traffic_source_campaign_name_366,target_business_002,78,54,13,0.2410046142706196,0.24227541469986977,75.57143029153308,0.1330229083838248,38.06339173038985,0.17240353414695472,52.23826402906102,200,0.02540433220565319,False
traffic_source_campaign_name_367,target_business_002,36,25,6,0.2183299309402741,0.3483402513215675,124.28950870125671,0.15070936237767021,42.817178824772014,0.15070936237767021,42.817178824772014,200,0.027719706296920776,False
traffic_source_campaign_name_369,target_business_002,108,75,17,0.20895755265952176,0.11290931184824911,40.91609349456433,0.08185260321014756,37.87809382793713,0.09184982762749734,44.37306824271754,200,0.025363555178046227,False
traffic_source_campaign_name_370,target_business_002,141,98,22,0.28491469921685314,0.289781089484197,123.02013131429308,0.06782582174420299,22.741965057808326,0.06704160116259143,23.10676088037659,200,0.012952146120369434,False
traffic_source_campaign_name_372,target_business_002,36,25,6,0.2952523040212312,0.41698878232378195,71.21266245030817,0.03230225600634978,5.485807478188774,0.03230225600634978,5.485807478188774,200,0.03422650694847107,False
traffic_source_campaign_name_373,target_business_002,108,75,17,0.19574387617539385,0.10799953724118008,47.8651516760194,0.07975413797103965,37.17443407889979,0.07084709127791342,33.22507869665161,200,0.011870486661791801,False
traffic_source_campaign_name_374,target_business_002,30,21,5,0.31677803953287026,0.19008600595674205,137.66123913515472,,,,,200,0.031799886375665665,False
traffic_source_campaign_name_396,target_business_001,317,221,49,0.18555052326472438,0.11293791347721398,96.31840387160491,0.08993453273902148,51.0043903878405,0.10260704359225697,64.55980668954997,200,0.011541808024048805,False
traffic_source_campaign_name_397,target_business_001,83,58,13,0.35512585179523615,0.12224027290955046,35.161904216107565,0.21530398322851152,64.55013156201078,0.20298420244639231,59.158659382619526,200,0.012451207265257835,False
traffic_source_campaign_name_398,target_business_001,60,42,9,0.4503678027400871,0.3937361415528364,118.7357190045941,0.12436049529176246,40.97599706834424,0.12436049529176246,40.97599706834424,200,0.03477888181805611,False
traffic_source_campaign_name_402,target_business_001,86,60,14,0.3829749682511963,0.1787428455003003,28.724523954989138,0.2233671064328721,34.46459190588268,0.22380321776398918,32.914337670301066,200,0.011794373393058777,False
traffic_source_campaign_name_405,target_business_001,119,83,19,0.20472612360008752,0.27287142872856385,235.80186652205134,0.02765187777626502,19.149746543555615,0.03047739248853161,20.124875758083558,200,0.010532339103519917,False
traffic_source_campaign_name_406,target_business_001,57,39,10,0.5121586362888771,0.2010041376779158,29.987989183634834,0.16306151475643005,33.93832590835743,0.16306151475643005,33.93832590835743,200,0.022880686447024345,False
traffic_source_campaign_name_407,target_business_001,57,39,10,0.3154197999164856,0.11970730459982011,53.75500226882386,0.0673139783392967,30.236591501994663,0.060760717381158735,27.014349048937753,200,0.015592901036143303,False
traffic_source_campaign_name_408,target_business_001,304,212,47,0.2424471768707603,0.07638872332889177,28.746516373033256,0.11636813079141124,48.96824321390975,0.09896396283950232,40.04941455838937,200,0.01604292169213295,False
traffic_source_campaign_name_409,target_business_001,80,56,12,0.34345065626547794,0.10477126674670625,46.82492441324134,0.11499960897786812,44.79845589440878,0.11927912897647781,46.04582818121576,200,0.014005114324390888,False
traffic_source_campaign_name_411,target_business_001,150,105,23,0.29210537555677585,0.06086095119664516,31.932073655563137,0.07712996522057478,42.13126589785121,0.07423442770848042,42.06264045071336,200,0.016158079728484154,False
traffic_source_campaign_name_417,target_business_001,86,60,14,0.3300805110883277,0.12101191778063354,26.243806839498234,0.18779420234398375,30.33722228099334,0.16867513963088876,25.77865729681496,200,0.017838947474956512,False
traffic_source_campaign_name_419,target_business_001,34,23,6,0.4244825350553743,0.8561510445382791,291.54031096883057,0.13357400722021662,61.984521629582076,0.13357400722021662,61.984521629582076,200,0.029910817742347717,False
traffic_source_campaign_name_428,target_business_001,60,42,9,0.19488016056884802,1.0538434004642248,772.8751880434278,,,,,200,0.021779483184218407,False
traffic_source_campaign_name_442,target_business_003,30,21,5,0.5188965746498992,0.2157987494572089,23.44045355902965,,,,,200,0.04279091954231262,False
traffic_source_campaign_name_444,target_business_003,80,56,12,0.27559136801598355,0.046589758756879596,20.30782969733477,0.04640214753483362,23.458128102064038,0.04640214753483362,23.458128102064038,200,0.01188390702009201,False
traffic_source_campaign_name_450,target_business_003,83,58,13,0.16078553907672347,0.2771755575139042,408.94123626975426,0.03215982437774358,28.815182641899074,0.039104342612297394,33.842888152147204,200,0.02004040777683258,False
traffic_source_campaign_name_460,target_business_003,32,22,6,0.46687850869375014,0.23935617780949284,48.682404664502585,0.0007124125605703635,0.14481716832497796,0.0007124125605703635,0.14481716832497796,200,0.01835009641945362,False
traffic_source_campaign_name_487,target_business_003,65,45,11,0.19133693252902922,0.38554538782331677,159.18603876142458,0.10104500000000002,50.43675751222922,0.10104500000000002,50.43675751222922,200,0.015924738720059395,False
traffic_source_campaign_name_489,target_business_003,61,42,10,0.25553507536266357,0.25312848474215566,44.48123844819358,0.7464662552259607,298.8840175368674,0.7464662552259607,298.8840175368674,200,0.02154473215341568,False
traffic_source_campaign_name_498,target_business_001,258,180,40,0.2306402400361789,0.11262695579215114,43.5558357581581,0.13616844203263417,50.47715060765832,0.13276050406117146,53.50368633891562,200,0.01164450403302908,False
traffic_source_campaign_name_499,target_business_001,34,23,6,0.3570102813941886,0.23312122875700017,66.33848632883361,0.04963952642370523,13.090877376591651,0.04963952642370523,13.090877376591651,200,0.08435839414596558,False
traffic_source_campaign_name_500,target_business_001,393,275,60,0.18350153240426303,0.06762366935714713,35.90913509661399,0.07176613025774176,35.175656063168,0.07189855285443846,37.50100042879361,200,0.0044707912020385265,False
traffic_source_campaign_name_502,target_business_001,104,72,17,0.27605327843403393,0.0782304923058474,40.61086256164483,0.02576280260721685,12.006650725091326,0.03563402100407786,17.476451198232095,200,0.006683195475488901,False
traffic_source_campaign_name_503,target_business_001,83,58,13,0.14975125805826092,0.0714060746025786,41.47873907341405,0.03354622944975168,20.097982491052903,0.03307701228355901,19.773750946583267,200,0.0037441407330334187,False
traffic_source_campaign_name_505,target_business_001,77,53,13,0.2226631520993391,0.0964830525052851,23.297976879897647,0.06880123076170204,18.790681668113226,0.07123576243607625,19.423673842939067,200,0.025927407667040825,False
traffic_source_campaign_name_506,target_business_001,87,60,14,0.152235587282685,0.17479608681141698,94.27667597022985,0.21824617178820918,70.23586485420171,0.19515110923603662,54.61345407103353,200,0.01338630635291338,False
traffic_source_campaign_name_507,target_business_001,95,66,15,0.2650338815077312,0.060685292286453245,20.58195183876233,0.05144504272197992,14.052697144961957,0.06505566887559096,17.594824490536134,200,0.006875303573906422,False
traffic_source_campaign_name_508,target_business_001,88,61,14,0.29747616710177005,0.18631850472951586,50.371612630519934,0.15364518272136188,38.69851470289812,0.1496775990637787,41.59494998699301,200,0.020462851971387863,False
traffic_source_campaign_name_509,target_business_001,94,65,15,0.2852018600214182,0.034536133269870845,11.744298074597818,0.09481378736306306,30.96150727687807,0.08589551115524756,27.48774348818755,200,0.012594846077263355,False
traffic_source_campaign_name_510,target_business_001,91,63,15,0.340360450651465,0.06506194080097528,15.059384122452983,0.11294247667043224,24.501331934837445,0.12246877752040808,25.261264115891173,200,0.013454055413603783,False
traffic_source_campaign_name_511,target_business_001,66,46,11,0.25771645842816676,0.15543738567271362,38.01341391273443,0.17679261625074427,39.132438687719514,0.17679261625074427,39.132438687719514,200,0.06910746544599533,False
traffic_source_campaign_name_512,target_business_001,59,41,10,0.17499743462655717,0.1908588449920186,31.977222250445,0.0886695611423967,28.118262803689888,0.13048541904436228,36.36608553443176,200,0.022507652640342712,False
traffic_source_campaign_name_513,target_business_001,41,28,7,0.24815431975636384,0.23961049063963838,67.61568501328537,0.3499217947291611,37.61240745520579,0.3499217947291611,37.61240745520579,200,0.01159578189253807,False
traffic_source_campaign_name_515,target_business_001,183,128,28,0.21979459264542517,0.0911725260529227,24.702035981069212,0.09485672688346025,24.26880314961707,0.10020965913460281,25.23710651677833,200,0.0059747761115431786,False
traffic_source_campaign_name_520,target_business_001,56,39,9,0.39814489548693077,0.004427379343043936,0.6012247565363837,,,,,200,0.015484471805393696,False
traffic_source_campaign_name_521,target_business_001,32,22,6,0.2999977593835581,0.5231736675951209,78.76845004940702,0.32080565413898743,37.59019015461168,0.32080565413898743,37.59019015461168,200,0.09604186564683914,False
traffic_source_campaign_name_522,target_business_001,30,21,5,0.4057563930892508,1.3568049412592273,187.25336500262267,,,,,200,0.08310510218143463,False
traffic_source_campaign_name_523,target_business_001,74,51,12,0.19054796990900655,0.1985853199853826,33.75895351384457,0.2578147703754731,29.65201564267736,0.2578147703754731,29.65201564267736,200,0.054745595902204514,False
traffic_source_campaign_name_529,target_business_001,120,84,18,0.2992349726510375,0.14657560077608942,33.65759056986038,0.12916313857510192,30.93342826920258,0.18985479992513904,49.548558689977604,200,0.010657133534550667,False
traffic_source_campaign_name_530,target_business_001,166,116,26,0.31355928993568355,0.07453417974049116,19.76056987017544,0.11231992689688623,26.38957789768581,0.1111368910509985,25.193885505312323,200,0.009491569362580776,False
traffic_source_campaign_name_531,target_business_001,199,139,31,0.18388593379577328,0.04109687557642248,24.226638547831342,0.07485605635198021,40.875576427360585,0.06721040176986616,35.57308762586945,200,0.01830408349633217,False
traffic_source_campaign_name_534,target_business_001,31,21,6,0.3286128182031596,0.4917087355574439,74.22495768928356,0.5047100213053013,55.27766397059531,0.5047100213053013,55.27766397059531,200,0.003932829014956951,False
traffic_source_campaign_name_541,target_business_001,79,55,13,0.1523152991803154,0.08004535642409344,37.95304240627244,0.16614967747509357,167.64191358719756,0.17541015061877968,173.05628220331593,200,0.008007724769413471,False
traffic_source_campaign_name_545,target_business_001,283,198,43,0.1903207238084088,0.05008114263624234,32.635075492576746,0.07408509818895624,38.35795111533661,0.08008663297987681,37.921195378650395,200,0.007792503107339144,False
traffic_source_campaign_name_546,target_business_001,185,129,29,0.1763005872840633,0.0692279988917521,41.38374571464725,0.09975245341954932,57.656811122320285,0.10416003260474248,57.8451061785795,200,0.003932764753699303,False
traffic_source_campaign_name_549,target_business_001,163,114,25,0.20529325173350774,0.10478047836158923,26.74697162463594,0.19372601571086737,55.43482847116654,0.16645925605045367,48.08258718896474,200,0.012218495830893517,False
traffic_source_campaign_name_552,target_business_004,432,302,66,0.21634895300668977,0.07423469810140053,21.142564560322242,0.08097903426614342,22.010848269086676,0.10925669101470424,27.561724741502886,200,0.01129439752548933,False
traffic_source_campaign_name_553,target_business_004,91,63,15,0.4336249942782937,0.09168269149127126,13.864493290049246,0.08559292301889278,13.444492174901388,0.08888232552257845,13.692444420291563,200,0.01590868830680847,False
traffic_source_campaign_name_555,target_business_004,363,254,55,0.2565801586683501,0.03162552653301238,11.132645336394061,0.05659956470730561,19.064223213894135,0.0543137702260675,18.007644846591493,200,0.0041685644537210464,False
traffic_source_campaign_name_557,target_business_002,250,175,38,0.20155147943512938,0.07595379921666422,73.98669787207098,0.07806584547960077,53.15605996458316,0.07944503242303906,56.519319723509334,200,0.03552914038300514,False
traffic_source_campaign_name_558,target_business_002,102,71,16,0.15267470073006095,0.09396960665681153,31.962413825332902,0.10929846297493359,42.354156688008075,0.10991251628856673,40.28456599264415,200,0.015820739790797234,False
traffic_source_campaign_name_561,target_business_002,128,89,20,0.18587248895842645,0.07159963143493407,44.930398982477065,0.09830446625318422,54.46136514652644,0.07537444069037477,39.18209803714266,200,0.00930686853826046,False
traffic_source_campaign_name_562,target_business_002,153,107,24,0.219562224672126,0.09448692608371549,42.59573575926684,0.13846619802279286,56.62706911959449,0.12495605719975753,50.66769697654654,200,0.011446771211922169,False
traffic_source_campaign_name_566,target_business_002,118,82,19,0.37022522219355614,0.18648530041950637,172.38707077153697,0.04606219608224139,24.879905385825012,0.05173122098128553,31.668812246747834,200,0.01996345818042755,False
traffic_source_campaign_name_568,target_business_002,319,223,49,0.19675511949138716,0.05516176499978048,27.732694977392224,0.09111384894946695,40.88619476982458,0.09616028354046639,46.24969903636224,200,0.005622901953756809,False
traffic_source_campaign_name_570,target_business_002,311,217,48,0.15673719098156932,0.14956183330749037,75.61870840247724,0.08535076884400807,47.98359081895044,0.08384888640857592,48.99987414039242,200,0.01001782063394785,False
traffic_source_campaign_name_571,target_business_002,322,225,49,0.26668503738422056,0.10135664515361754,49.735255028968865,0.12059307672579211,58.42273274418701,0.10730311021871218,54.634911067767476,200,0.014164143241941929,False
traffic_source_campaign_name_572,target_business_002,249,174,38,0.4195692490915637,0.07849731876402453,19.04654088448613,0.15790802376701954,39.16589582532672,0.17262268756062027,43.16288407542094,200,0.01095814909785986,False
traffic_source_campaign_name_574,target_business_002,360,251,55,0.1147253392893748,0.09074029161529203,67.66907694039152,0.09289045368577502,65.85754444565582,0.09286650988352457,69.98623353811537,200,0.006595781072974205,False
traffic_source_campaign_name_576,target_business_002,128,89,20,0.2665377378210621,0.22703631642258645,48.99222417046989,0.08961780896974875,19.90244112920429,0.12696206800833476,24.177793755620463,200,0.02429817058146,False
traffic_source_campaign_name_582,target_business_001,142,99,22,0.21129411848249394,0.08831284599635483,59.65836032536818,0.060772116017471435,36.582594471842626,0.0533989393414878,29.805042840794048,200,0.023786433041095734,False
traffic_source_campaign_name_583,target_business_001,509,356,77,0.24512354982359874,0.06644007282172984,39.696350513885456,0.0682883118939364,30.289190767136105,0.07017603999647544,33.296200420251,200,0.00829106755554676,False
traffic_source_campaign_name_587,target_business_001,73,51,12,0.23007617241430595,0.2705157902887586,659.5257898403704,0.08129427467604272,76.13086975992093,0.08129427467604272,76.13086975992093,200,0.09708109498023987,False
traffic_source_campaign_name_598,target_business_001,56,39,9,0.1263765609704357,0.03641010490875789,77.017942322717,0.018380572168601596,51.05509134683478,0.018380572168601596,51.05509134683478,200,0.010422762483358383,False
traffic_source_campaign_name_601,target_business_001,107,74,17,0.16450072106724548,0.24895033716024215,166.07585695769015,0.09077787248245761,44.19117994509486,0.09634705564535806,41.235595011151325,200,0.013580350205302238,False
traffic_source_campaign_name_603,target_business_001,38,26,7,0.26417899986203564,1.1303454043613999,516.7229470766011,0.1996784174662773,48.31278823979568,0.1996784174662773,48.31278823979568,200,0.13944807648658752,False
traffic_source_campaign_name_604,target_business_001,32,22,6,0.3126602599410539,0.136232453935525,55.6650098882815,0.13524881671504413,36.57162049885982,0.13524881671504413,36.57162049885982,200,0.0016845728969201446,False
traffic_source_campaign_name_605,target_business_001,98,68,16,0.3461867910402179,0.0636050058292845,11.319829831483784,0.1718124984072266,41.00253868247138,0.15094560335201826,36.99889973943652,200,0.011929993517696857,False
traffic_source_campaign_name_606,target_business_001,507,354,77,0.18224203446189446,0.11833284774153638,60.32784253304244,0.06295272194199286,28.439499777915668,0.06296487699265116,28.955911911999078,200,0.004946860484778881,False
traffic_source_campaign_name_617,target_business_005,193,135,30,0.21681099064075318,0.06935688430231675,33.144785917992166,0.07478775763235221,33.86329968698561,0.09305906446807682,40.541058729743995,200,0.0038632010109722614,False
traffic_source_campaign_name_621,target_business_001,30,21,5,0.4252918789059565,0.25025282207530986,113.65513267089466,,,,,200,0.05786524713039398,False
traffic_source_campaign_name_625,target_business_001,74,51,12,0.25870012396088765,0.2894576817006219,77.62344910781465,0.05332526507187707,15.626325903387494,0.05332526507187707,15.626325903387494,200,0.07346756756305695,False
traffic_source_campaign_name_640,target_business_001,82,57,13,0.26814843338657496,1.0450930647223526,236.13370486619917,0.30826089216335967,105.88095985652015,0.28446955521771333,95.21564561368582,200,0.05944725126028061,False
traffic_source_campaign_name_641,target_business_001,106,74,17,0.4922606324088495,0.3757401583348971,130.98099637894174,0.08903022339623612,33.02087957439156,0.10892279050531928,36.52468886913653,200,0.022102955728769302,False
traffic_source_campaign_name_647,target_business_001,33,23,6,0.259245506450538,0.11071017624294877,19.797174493919005,0.2583748150141263,44.94500351041424,0.2583748150141263,44.94500351041424,200,0.017516033723950386,False
traffic_source_campaign_name_649,target_business_001,40,28,6,0.21524567391044433,0.5538309565944606,406.59866217927,0.0729967575547217,41.77488905371936,0.0729967575547217,41.77488905371936,200,0.04556766152381897,False
traffic_source_campaign_name_664,target_business_002,97,67,16,0.19793615908290527,0.039165766644626614,20.33349955177201,0.052402345705830244,27.325771399809405,0.049781877201090764,26.811822115359824,200,0.01439183484762907,False
traffic_source_campaign_name_665,target_business_002,526,368,80,0.14465251468273654,0.024379097503862173,17.43371112338841,0.038462541370151045,23.299353362180636,0.038046101017240326,23.05983108373915,200,0.00321094854734838,False
traffic_source_campaign_name_669,target_business_002,117,81,19,0.334009097357598,0.05124663260591549,17.50414453172636,0.09104673065695372,33.50406309683531,0.08003422382471526,29.031128647058445,200,0.013129500672221184,False
traffic_source_campaign_name_670,target_business_002,66,46,11,0.10120567250035208,0.20686218372286547,303.2187145723802,0.009338432750296454,12.39490691318403,0.009338432750296454,12.39490691318403,200,0.008113742806017399,False
traffic_source_campaign_name_705,target_business_002,34,23,6,0.4242703196112146,0.07327393374674632,15.246399151106205,0.13490735129846904,28.386832887823775,0.13490735129846904,28.386832887823775,200,0.007307563908398151,False
traffic_source_campaign_name_721,target_business_002,31,21,6,0.2553107622664074,0.3620639992113007,104.95021871999413,0.09219508115341449,28.706951130186475,0.12431219904434192,42.228482343415436,200,0.08404423296451569,False
traffic_source_campaign_name_745,target_business_002,92,64,15,0.15253033621843679,0.08677058840021631,259.72198901345064,0.09332848823559932,259.3411373316188,0.08709867526083631,255.16610569711506,200,0.013851743191480637,False
traffic_source_campaign_name_751,target_business_005,89,62,14,0.32883812380081817,0.1186679366011224,33.65306555436662,0.2577437220689197,41.76589951999515,0.25852569606672027,39.630137045766226,200,0.015399708412587643,False
traffic_source_campaign_name_753,target_business_005,36,25,6,0.44872045823200385,0.39337428629380133,74.61960914349316,0.1389684540177208,28.41663412729404,0.1389684540177208,28.41663412729404,200,0.013187379576265812,False
traffic_source_campaign_name_791,target_business_004,74,51,12,0.11525927778787896,0.1973686808133187,129.6473789919074,0.1988419477973796,139.1309637195078,0.1988419477973796,139.1309637195078,200,0.029087908565998077,False
traffic_source_campaign_name_793,target_business_004,248,173,38,0.26194345223681853,0.0643914255138404,22.37220464516323,0.12197097033672993,43.15724806335454,0.12005090053191356,43.846444153878615,200,0.00996437668800354,False
traffic_source_campaign_name_796,target_business_002,123,86,19,0.18126310497016196,0.14014400853044978,65.03279038008698,0.11955063153603254,48.04300498820527,0.13457623239910615,54.68951545999057,200,0.02012893557548523,False
traffic_source_campaign_name_797,target_business_002,69,48,11,0.21161002951568028,0.1904971598445017,96.5771272954717,0.25981831214161055,114.27942205704464,0.27141792362669326,116.21365510213761,200,0.01554017048329115,False
traffic_source_campaign_name_800,target_business_002,117,81,19,0.21506288538985335,0.303765336706378,88.45828098726366,0.3145653848359316,89.24849990318197,0.29810367780500246,91.58147943579387,200,0.00932210311293602,False
traffic_source_campaign_name_801,target_business_002,30,21,5,0.31498200666608445,0.827808195335182,352.02061477652944,0.09932538642913284,37.604601692316216,0.09932538642913284,37.604601692316216,200,0.09284769743680954,False
traffic_source_campaign_name_802,target_business_002,88,61,14,0.2615828069379964,0.14732772859401913,66.86402899146398,0.08463258023519749,34.198495659390396,0.08277287736765285,33.513691604968955,200,0.02170914225280285,False
traffic_source_campaign_name_803,target_business_002,93,65,15,0.3119622686668238,0.09949505245502617,34.43613936990849,0.17333697688275057,44.35275873197067,0.18719816254884344,52.38801566430645,200,0.01785421371459961,False
traffic_source_campaign_name_805,target_business_002,66,46,11,0.5375627930379995,0.1060055738269155,18.495927347280535,0.14842009842009843,42.49957989822202,0.14842009842009843,42.49957989822202,200,0.014080687426030636,False
traffic_source_campaign_name_815,target_business_002,40,28,6,0.4784694470296261,0.19560076385833539,36.27051969440573,0.2736563517915309,35.39229919175055,0.2736563517915309,35.39229919175055,200,0.007483813911676407,False
traffic_source_campaign_name_823,target_business_002,31,21,6,0.28716572186170064,0.07101632539773015,18.102769726023578,0.2366243910633294,46.53919220285785,0.2366243910633294,46.53919220285785,200,0.0939212292432785,False
traffic_source_campaign_name_826,target_business_002,81,56,13,0.44577337876448325,0.2418772652227113,96.08702696072189,0.22205677183945058,62.70489738376372,0.2161184445875367,60.34526696443181,200,0.05281127244234085,False
traffic_source_campaign_name_827,target_business_002,65,45,11,0.39033764153074685,0.13453798413983004,72.68400842409278,0.19245443935721335,97.30170233169353,0.19203221788311337,97.05623651749728,200,0.016610389575362206,False
traffic_source_campaign_name_832,target_business_002,31,21,6,0.3793466558844772,0.17242442195232105,25.37376282323282,0.1387757554945056,18.505340522718697,0.1387757554945056,18.505340522718697,200,0.02283504791557789,False
traffic_source_campaign_name_837,target_business_006,85,59,14,0.2715310583358983,0.17323031455080704,116.24063722689351,0.09057666160486796,40.726926593881025,0.11467927397163472,49.81759157120915,200,0.023376012220978737,False
traffic_source_campaign_name_838,target_business_006,129,90,20,0.21267385435671632,0.10645394835915985,49.2123313668427,0.10405960113294026,53.49543518396628,0.11892656354210482,68.54164589853535,200,0.016787996515631676,False
traffic_source_campaign_name_840,target_business_002,108,75,17,0.47499304545398036,0.10619276277252682,24.297483881966496,0.07379125282204191,17.91868765138493,0.06627615295866585,16.475028749646718,200,0.04747011139988899,False
traffic_source_campaign_name_842,target_business_002,103,72,16,0.3049081495697549,0.12808039781232636,88.17453620886411,0.10787272555986223,67.94483472993372,0.10183485443326774,62.61418903771157,200,0.011601865291595459,False
traffic_source_campaign_name_844,target_business_005,34,23,6,0.3542791545236842,0.1581023246596109,71.27494754947463,0.1082035994258585,53.37690631808283,0.1082035994258585,53.37690631808283,200,0.027997678145766258,False
traffic_source_campaign_name_855,target_business_002,206,144,32,0.3773481194178848,0.07684903782764918,21.545543743812775,0.15911599581311262,45.28192023360399,0.16304969889754364,45.15649707514171,200,0.025317059829831123,False
traffic_source_campaign_name_859,target_business_002,342,239,52,0.12774361845308768,0.06886576211073349,43.02542140524101,0.09455812832893497,53.31773145579576,0.0828704975458572,48.075351047227485,200,0.007017664145678282,False
traffic_source_campaign_name_860,target_business_002,186,130,29,0.13162596673641627,0.08058754479972258,56.9367832322035,0.02711999386890483,20.06210233400225,0.025698245357606106,19.662568229017058,200,0.011629662476480007,False
traffic_source_campaign_name_865,target_business_002,77,53,13,0.37697544768059243,0.14061786347159452,30.316024225647887,0.03956157723412139,8.995896292809022,0.04052863312736911,9.234684028867118,200,0.022784216329455376,False
traffic_source_campaign_name_869,target_business_002,30,21,5,0.546671151067284,0.547511478737295,66.18561936317528,,,,,200,0.0816039890050888,False
traffic_source_campaign_name_870,target_business_002,40,28,6,0.3145774623047049,0.1796710836589474,32.748556110996255,0.3028492100218153,46.120082148753674,0.3028492100218153,46.120082148753674,200,0.009313960559666157,False
traffic_source_campaign_name_874,target_business_002,173,121,27,0.41365871325713127,0.15327244315311497,40.15419170920961,0.20067251461988306,55.27976448512691,0.1841466165413534,51.377114421335705,200,0.025230519473552704,False
traffic_source_campaign_name_875,target_business_002,31,21,6,0.49261495448955767,1.9503253132850062,219.239465967489,0.019329668380918652,2.1955886796253457,0.019329668380918652,2.1955886796253457,200,0.01333840936422348,False
traffic_source_campaign_name_880,target_business_002,31,21,6,0.49680857205312984,0.40399119054450394,58.46096989708565,0.5498613308832287,54.98613308832287,0.5498613308832287,54.98613308832287,200,0.04061264544725418,False
traffic_source_campaign_name_881,target_business_006,390,273,59,0.10359699657817506,0.0323194460930336,28.91734196935911,0.04551115631565906,28.471251496895523,0.0451661218541674,26.73408666946042,200,0.004727537743747234,False
traffic_source_campaign_name_888,target_business_002,41,28,7,0.3823054661535462,0.06059778104849047,14.626291734756897,0.15366813956432637,64.50176198544972,0.15366813956432637,64.50176198544972,200,0.10658933222293854,False
traffic_source_campaign_name_889,target_business_002,106,74,17,0.29090053477698075,0.11687339920999294,24.802625056147427,0.17561267073269005,40.17126169993153,0.19085806325938234,45.456701594470964,200,0.013059884309768677,False
traffic_source_campaign_name_897,target_business_002,258,180,40,0.36546067452794445,0.0991822393737192,41.40473218271755,0.14886072906861003,48.6288040560322,0.1484588804385913,51.39825959115094,200,0.010165694169700146,False
traffic_source_campaign_name_898,target_business_001,33,23,6,0.2693819071836011,0.2046736765762576,103.4962153668217,0.12078371436455887,42.61533852606354,0.12078371436455887,42.61533852606354,200,0.023715734481811523,False
traffic_source_campaign_name_909,target_business_002,235,164,36,0.16867324978443607,0.11905320711944803,48.20099482888352,0.15370350077465905,67.04353490667009,0.12237125268456121,56.00548374557792,200,0.007239882368594408,False
traffic_source_campaign_name_919,target_business_002,117,81,19,0.2268343112463743,0.04929625921047669,21.873297544411052,0.08950440482042707,39.657170904102266,0.10672901231378704,49.03604152119022,200,0.00974622555077076,False
traffic_source_campaign_name_920,target_business_002,83,58,13,0.36814884367543155,0.11666906168207931,16.30110957047351,0.19451010819995465,24.598150646266863,0.19637734190398784,24.796270540462075,200,0.016206327825784683,False
traffic_source_campaign_name_923,target_business_002,128,89,20,0.18144555069404153,0.22166553840272976,127.048920753213,0.20930927506617766,94.60411789547145,0.23051631902676925,104.38252358525708,200,0.007400811649858952,False
traffic_source_campaign_name_925,target_business_002,129,90,20,0.18227331589126,0.07214078117846054,34.27627972159822,0.10009373214434754,39.43866676143136,0.10485285108053356,43.557735695825436,200,0.006764773279428482,False
traffic_source_campaign_name_927,target_business_002,113,79,18,0.22123044629795113,0.07263841498244218,24.501530145443603,0.08637275489071214,28.406927111514747,0.07417593213979028,23.58040789678056,200,0.006459060125052929,False
traffic_source_campaign_name_941,target_business_002,73,51,12,0.31835995891655927,0.4261456306348787,116.22943756171915,0.2367438638163104,48.47656079556798,0.23515290973871739,48.12455760728404,200,0.0078791044652462,False
traffic_source_campaign_name_943,target_business_002,73,51,12,0.5610931577583398,0.22276112582972385,30.72715385071082,0.08117167512815959,12.778423281175929,0.08117167512815959,12.778423281175929,200,0.0044013457372784615,False
traffic_source_campaign_name_954,target_business_005,72,50,12,0.5329101745654636,0.27440847411974467,39.1826308180532,0.1884710426538682,30.72563796800094,0.1884710426538682,30.72563796800094,200,0.02187114767730236,False
traffic_source_campaign_name_956,target_business_002,31,21,6,0.49524563262109383,0.4968264249570134,75.25162676259988,0.0023014759302938947,0.3493525595502612,0.0023014759302938947,0.3493525595502612,200,0.17653001844882965,False
traffic_source_campaign_name_957,target_business_002,180,125,28,0.2873213934071365,0.04535826482751023,18.77761808247069,0.057570016190805366,24.23539133822487,0.06793439306341306,27.160306773908026,200,0.005526116583496332,False
traffic_source_campaign_name_971,target_business_002,32,22,6,0.5342797475072184,0.16910928466915728,29.376872244845657,0.29852436112374653,42.12682658399456,0.29852436112374653,42.12682658399456,200,0.02914370223879814,False
traffic_source_campaign_name_977,target_business_002,30,21,5,0.4649223238018203,0.7767326940348844,102.61630111190179,,,,,200,0.051979899406433105,False
traffic_source_campaign_name_980,target_business_005,95,66,15,0.39596645159616944,0.14872862765622857,68.58717612708972,0.037934675855276975,14.85034120909907,0.033159561479993736,12.796753355627954,200,0.04257584363222122,False
traffic_source_campaign_name_981,target_business_005,480,336,72,0.38657802872165553,0.028448427285903164,7.025184870254822,0.04153216346198625,10.358836270455441,0.04477589271905404,11.119728982410303,200,0.003186145331710577,False
traffic_source_campaign_name_982,target_business_005,145,101,23,0.4531770396885332,0.1231292029168209,30.785632945605407,0.04338663993536896,11.103399408732667,0.04074011221139249,10.521058918654347,200,0.006977273616939783,False
traffic_source_campaign_name_984,target_business_005,100,70,15,0.6239878030413082,0.08256953625937219,17.33306523478477,0.018898530082561153,4.523466757354032,0.02536092960745439,6.116324958748068,200,0.007978731766343117,False
traffic_source_campaign_name_985,target_business_005,96,67,15,0.5650949800677186,0.047476252873210924,8.575708919815957,0.10804202249824979,19.56720141272621,0.10114053564722796,18.53777629534115,200,0.009383656084537506,False
