Campaign,Business,Total_Days,Train_Days,Test_Days,Avg_CPL,Test_MAE,Test_MAPE,SMA3_MAE,SMA3_MAPE,SMA7_MAE,SMA7_MAPE,Epochs_Trained,Final_Loss,Converged_Early
traffic_source_campaign_name_004,target_business_002,202,141,31,0.20179331432470798,0.2014951140326404,78.43686009329751,0.21179843517709634,73.67739049894557,0.19771241477896812,62.274299918753876,200,0.04524244740605354,False
traffic_source_campaign_name_015,target_business_002,30,21,5,0.3790162538297761,0.6165061454346552,198.25920931565102,,,,,200,0.007130305748432875,False
traffic_source_campaign_name_016,target_business_002,152,106,24,0.22923808142110044,0.4805946437826564,96.24418871395561,0.18210913966253797,49.849204245573695,0.17112071339252596,46.63133809238487,200,0.022015545517206192,False
traffic_source_campaign_name_023,target_business_002,39,27,7,0.5880672781933286,0.13056034831030866,28.814404310327784,0.2792116846738696,55.68582000858461,0.28093800020008003,57.588596539848695,200,0.01870761811733246,False
traffic_source_campaign_name_025,target_business_002,76,53,12,0.2465011851667905,0.15559580803895087,41.55999123420095,0.1434182749762063,36.9468035074558,0.1313066217985874,32.44063005165175,200,0.007866770029067993,False
traffic_source_campaign_name_037,target_business_002,30,21,5,0.2641734276037032,0.17433759093849915,121.06894367034175,0.09018968583283934,39.97635312664214,0.09018968583283934,39.97635312664214,200,0.016892407089471817,False
traffic_source_campaign_name_040,target_business_001,130,91,20,0.3712643452761695,0.09864553444125043,60.497316019998294,0.08424815083153389,34.24717352120422,0.08781388954000455,32.154717116309016,200,0.012654670514166355,False
traffic_source_campaign_name_052,target_business_001,40,28,6,0.46233162560808383,0.21834281089709373,36.49548977115952,0.4513262510857219,105.64591804817016,0.4513262510857219,105.64591804817016,200,0.011359329335391521,False
traffic_source_campaign_name_058,target_business_001,31,21,6,0.19041611785142581,0.21567574693652955,208.85074227987826,0.10366472229267058,129.86497220015903,0.10366472229267058,129.86497220015903,200,0.034553349018096924,False
traffic_source_campaign_name_059,target_business_001,42,29,7,0.3777215768875275,1.2776218744565455,837.4627440435665,0.4574027926960259,198.94952271583583,0.4574027926960259,198.94952271583583,200,0.031243562698364258,False
traffic_source_campaign_name_060,target_business_001,33,23,6,0.3037949889351343,0.4793022711154244,74.09420027271568,0.46806374701970144,156.58677672369072,0.46806374701970144,156.58677672369072,200,0.015048138797283173,False
traffic_source_campaign_name_061,target_business_001,30,21,5,0.4261929308901828,0.5466616148727415,150.31846180749307,,,,,200,0.011593998409807682,False
traffic_source_campaign_name_066,target_business_001,39,27,7,0.4154496838081296,0.42655286209043797,66.20953483550377,0.3778623116574147,38.71488224580102,0.3778623116574147,38.71488224580102,200,0.019535986706614494,False
traffic_source_campaign_name_075,target_business_003,56,39,9,0.25023798861550295,0.06913624005683923,28.087360694883145,0.07488175851460246,32.50366268452146,0.07154049495861366,31.50893797358179,200,0.012266114354133606,False
traffic_source_campaign_name_096,target_business_003,65,45,11,0.15144852784296167,0.028949436147369684,37.628793323347814,0.070776893629332,106.76670290157213,0.06894103996402205,105.63171196610905,200,0.00876081082969904,False
traffic_source_campaign_name_1004,target_business_005,30,21,5,0.6539341497541632,0.36106954808754244,49.560430631361214,,,,,200,0.00511016882956028,False
traffic_source_campaign_name_101,target_business_004,79,55,13,0.3926122060353049,0.15276087832230317,20.378913399126823,0.3883267115736259,77.85679790201283,0.36429860326807934,69.28673803852396,200,0.015445917844772339,False
traffic_source_campaign_name_1010,target_business_005,65,45,11,0.2927688664700683,0.2346811877048335,148.19057981495388,0.12386396249323274,103.97591619314656,0.12386396249323274,103.97591619314656,200,0.008343595080077648,False
traffic_source_campaign_name_1011,target_business_005,42,29,7,0.1527868601953332,0.19988048752179055,159.91802655903442,0.051455798683839156,25.237533225737387,0.051455798683839156,25.237533225737387,200,0.009351606480777264,False
traffic_source_campaign_name_1032,target_business_005,109,76,17,0.5450646853541988,0.045666537265220825,5.100402347020608,0.06497151825870856,6.98895821334487,0.06483238495247375,6.90788568918983,200,0.012480625882744789,False
traffic_source_campaign_name_1033,target_business_005,83,58,13,0.44218518556893527,0.23324328270816244,51.26819952490385,0.2114776757256486,41.12169135907362,0.22544416945078732,45.608266918839995,200,0.010380669496953487,False
traffic_source_campaign_name_106,target_business_004,172,120,27,0.20322461007110695,0.19437451258846847,120.04150546861791,0.17906486624172277,98.22293365802302,0.14110176255887333,81.91382451511006,200,0.017385443672537804,False
traffic_source_campaign_name_1061,target_business_002,33,23,6,0.2091547652746998,1.1574733434320672,865.403834699049,0.011393774797903822,8.783120706575161,0.011393774797903822,8.783120706575161,200,0.05103317275643349,False
traffic_source_campaign_name_1064,target_business_004,103,72,16,0.04367038264778654,0.06720446628388459,89.85151818955366,0.02220497124656661,27.00370840906592,0.02014946206050877,23.02696460272567,200,0.016965236514806747,False
traffic_source_campaign_name_1067,target_business_004,31,21,6,0.698166054912829,0.10210368037223816,15.021626154581707,0.1875,25.0,0.1875,25.0,200,0.06775347888469696,False
traffic_source_campaign_name_107,target_business_004,107,74,17,0.26609580881660067,1.6163538294217188,399.84415592688663,0.1454605174026292,35.56412744911511,0.1364603409508076,33.64294606495091,200,0.04648242145776749,False
traffic_source_campaign_name_1070,target_business_004,137,95,22,0.379248510449992,0.08304915043327007,22.44338572992141,0.044306028157099824,11.765947545504558,0.045623969345340305,12.252143267304142,200,0.013833734206855297,False
traffic_source_campaign_name_1071,target_business_004,39,27,7,0.17777315551956965,1.2123167715988956,552.2690277064078,0.08979910326999095,48.07724688411375,0.08979910326999095,48.07724688411375,200,0.02196338400244713,False
traffic_source_campaign_name_1087,target_business_004,69,48,11,0.3355181628240531,0.7774177388738182,161.71210057710218,0.07755826119246198,15.378483561014814,0.0786254852814691,15.313793826149706,200,0.03964632749557495,False
traffic_source_campaign_name_1089,target_business_004,58,40,10,0.3695451436804233,0.24191697765367884,36.60971562545608,0.040750600448295815,6.618876295432549,0.04544142058488325,7.135371080716252,200,0.008970151655375957,False
traffic_source_campaign_name_1091,target_business_002,66,46,11,0.2912379445059799,0.3331540926787802,48.36457092404138,0.17657123124254415,22.57136411790893,0.17657123124254415,22.57136411790893,200,0.03940734639763832,False
traffic_source_campaign_name_1092,target_business_002,81,56,13,0.2910466154170142,0.18347713084103784,31.875363544354705,0.23467478894858018,48.40917125243498,0.2475697109235098,50.89744719961503,200,0.011687878519296646,False
traffic_source_campaign_name_1093,target_business_002,71,49,12,0.3523790375701203,0.8155219016066392,274.8072012796274,0.16154860709000832,57.5845524349479,0.16154860709000832,57.5845524349479,200,0.047152310609817505,False
traffic_source_campaign_name_1094,target_business_002,37,25,7,0.3941319330402507,0.25892748487168465,36.00061387454529,0.23558601134215498,50.44559888528654,0.23558601134215498,50.44559888528654,200,0.03390343487262726,False
traffic_source_campaign_name_1095,target_business_002,137,95,22,0.21162541993110529,0.12356447101338623,48.23285572663557,0.1771620800900788,62.627715766132106,0.1622892376449207,59.66296415746191,200,0.00994111131876707,False
traffic_source_campaign_name_1096,target_business_002,36,25,6,0.17824010723073117,0.0713286620676199,35.46986637101638,0.1469707036613781,54.85542347942538,0.1469707036613781,54.85542347942538,200,0.054708488285541534,False
traffic_source_campaign_name_1097,target_business_002,109,76,17,0.24777959439623673,0.3404546399367248,104.70092741986943,0.3676578594294679,132.94047512414645,0.3346324181265714,130.32169318009926,200,0.014113524928689003,False
traffic_source_campaign_name_1098,target_business_002,125,87,20,0.2265617598594065,0.18892587641679445,62.26028116696241,0.18373685817737648,84.50814339243941,0.19309438434231616,86.64621083295377,200,0.02064298465847969,False
traffic_source_campaign_name_1099,target_business_002,176,123,27,0.23034343825310105,0.11267603663541792,54.944379025199055,0.12206839912295103,60.45563699256339,0.12218729989851135,58.662234850880125,200,0.013469050638377666,False
traffic_source_campaign_name_1100,target_business_001,30,21,5,0.49074826831935836,1.8308250176668526,613.7919498524186,0.06352533722201964,22.534866544648658,0.06352533722201964,22.534866544648658,200,0.015703702345490456,False
traffic_source_campaign_name_1101,target_business_001,36,25,6,0.21836701252854923,1.7187563257321192,1234.443859431956,0.1278809864057749,55.992299053425356,0.1278809864057749,55.992299053425356,200,0.004644530825316906,False
traffic_source_campaign_name_1103,target_business_001,62,43,10,0.33820464909039455,0.2793959030306704,68.09514064070268,0.057902802484794645,15.925831346849442,0.057902802484794645,15.925831346849442,200,0.03254222869873047,False
traffic_source_campaign_name_1111,target_business_004,81,56,13,0.27167064280340364,0.19624387568127097,48.71076745624148,0.08684475785559277,24.51800786788862,0.08219765195769302,22.87144041548069,200,0.03752397373318672,False
traffic_source_campaign_name_1125,target_business_002,35,24,6,0.5014627373410724,0.4187911561644551,105.94512984075011,0.3152844555415696,88.965878653779,0.3152844555415696,88.965878653779,200,0.01211666502058506,False
traffic_source_campaign_name_113,target_business_002,321,224,49,0.10275630018322492,0.05241245915460895,37.208064960354584,0.05898740012449381,33.95598959108702,0.051900700769860066,28.008009385177914,200,0.0042608208023011684,False
traffic_source_campaign_name_114,target_business_002,151,105,24,0.5191315394670876,0.0647180069328294,12.254498688288251,0.13319216114930285,25.134610018585253,0.15095159533180028,27.979796313607153,200,0.013750452548265457,False
traffic_source_campaign_name_1141,target_business_002,100,70,15,0.27706528282264636,0.09593901669336573,20.78801849479399,0.11106075150483041,22.500170410876915,0.0999777638094524,19.974285968325347,200,0.018959324806928635,False
traffic_source_campaign_name_1142,target_business_002,42,29,7,0.41641203001910493,0.20667091630058695,33.87605266765278,0.29317850318507954,34.18693015462257,0.3262961828866455,37.498698124779175,200,0.047243379056453705,False
traffic_source_campaign_name_1150,target_business_005,30,21,5,0.36188777184703785,0.11467709042010432,72.62391445189111,,,,,200,0.008870301768183708,False
traffic_source_campaign_name_1151,target_business_005,30,21,5,0.5586977846874294,0.025787558471757066,3.470027047405165,,,,,200,0.013866135850548744,False
traffic_source_campaign_name_116,target_business_002,102,71,16,0.24449504494899105,0.09933561952368856,23.68817850019567,0.03269618423817414,7.507342967664302,0.052803074582788476,12.28420064594463,200,0.007741168141365051,False
traffic_source_campaign_name_1164,target_business_006,33,23,6,0.4795585090480561,1.43389735757187,401.37794915505873,0.016620018329081387,4.537094636626747,0.016620018329081387,4.537094636626747,200,0.021669575944542885,False
traffic_source_campaign_name_1165,target_business_006,32,22,6,0.2832934958452313,0.2350080648223161,184.46027485470282,0.060004167016697106,30.753651229803445,0.060004167016697106,30.753651229803445,200,0.1466880738735199,False
traffic_source_campaign_name_1174,target_business_002,116,81,18,0.171855809522244,0.043162075003450234,47.2946270529971,0.0561797362253208,56.389255222956905,0.051614875773930126,52.74330617131242,200,0.013760254718363285,False
traffic_source_campaign_name_1180,target_business_002,157,109,25,0.36624554599897313,0.11031667681245359,24.896300351445515,0.115338111449424,24.642063310578173,0.10275965411286038,20.703559284997194,200,0.01046048104763031,False
traffic_source_campaign_name_1183,target_business_002,201,140,31,0.23485955780564324,0.17826696800828737,68.53919289949727,0.23477715462794216,87.28526753158071,0.20763308398730493,68.00527378447278,200,0.011722205206751823,False
traffic_source_campaign_name_1184,target_business_002,59,41,10,0.4432085491808979,0.24532690725039993,45.055340019727154,0.17806419649291375,34.70768787079761,0.17806419649291375,34.70768787079761,200,0.05429316684603691,False
traffic_source_campaign_name_1187,target_business_002,254,177,39,0.15916955544744152,0.04854369620403832,104.31158114471823,0.041561865594863016,83.55328108611579,0.03867340221900499,81.74313686231855,200,0.0027669246774166822,False
traffic_source_campaign_name_119,target_business_002,56,39,9,0.14503644466184765,0.010381241697771715,11.941925732176516,,,,,200,0.01869816519320011,False
traffic_source_campaign_name_1191,target_business_002,37,25,7,0.5030161280924251,0.03252304743337586,6.513196755532549,0.12195720098822843,22.924351313811776,0.12195720098822843,22.924351313811776,200,0.047783780843019485,False
traffic_source_campaign_name_1207,target_business_002,63,44,10,0.3203335935426177,0.21895569440740031,83.63073186139322,0.09177235459902641,27.47363374880154,0.09177235459902641,27.47363374880154,200,0.01705753058195114,False
traffic_source_campaign_name_1209,target_business_002,116,81,18,0.26688953715231045,0.11483556146179796,42.56021164403237,0.18029282466116703,78.59887144371591,0.1665343498640346,75.3797746398746,200,0.015688620507717133,False
traffic_source_campaign_name_1210,target_business_002,35,24,6,0.17847805407997208,0.14494228341416196,50.233178827018634,0.2623034744769424,57.523561910952246,0.2623034744769424,57.523561910952246,200,0.014375334605574608,False
traffic_source_campaign_name_1212,target_business_002,132,92,21,0.2875303492885374,0.13325262026333035,42.853011144750255,0.2201631681479176,62.28778750390569,0.18592423389108725,53.96700022952674,200,0.004452417138963938,False
traffic_source_campaign_name_1213,target_business_002,39,27,7,0.39136347559651846,0.2392417182908269,75.84612314216427,0.1986707460416234,38.74306851075561,0.1986707460416234,38.74306851075561,200,0.04180362820625305,False
traffic_source_campaign_name_124,target_business_002,55,38,9,0.24552880855174053,0.18458463286936758,41.8227302793131,0.15930303786690175,30.097597949743825,0.17098113497898476,34.75549510284464,200,0.005036705639213324,False
traffic_source_campaign_name_1246,target_business_002,486,340,74,0.25972083683516,0.08389209534409332,41.50385543013141,0.14174668128426182,66.6694819250502,0.12847977680906014,62.18772578923216,200,0.019165856763720512,False
traffic_source_campaign_name_125,target_business_002,35,24,6,0.47360103690017424,0.10469888757852522,26.35223585946732,0.07369424126918728,16.621550972988693,0.07369424126918728,16.621550972988693,200,0.02013307251036167,False
traffic_source_campaign_name_1251,target_business_002,68,47,11,0.4512423440840636,0.3602193521824275,69.01968670213927,0.4040851978767721,79.41224424852716,0.4040851978767721,79.41224424852716,200,0.030365390703082085,False
traffic_source_campaign_name_1252,target_business_002,81,56,13,0.39136349693784045,0.19234604699758215,42.809286740716765,0.3311268930020786,39.65016657732991,0.35184474908443036,41.73932218168165,200,0.021843284368515015,False
traffic_source_campaign_name_1254,target_business_002,173,121,27,0.2235961076068176,0.1492400748897801,92.20348794510161,0.15532853693368662,68.8455952802707,0.13654475090532295,57.793375134873834,200,0.018209971487522125,False
traffic_source_campaign_name_1256,target_business_002,554,387,84,0.08923872851930903,0.03664117780169641,103.89224322802252,0.019001397985673255,30.91184849957436,0.020231998157367027,36.938466112586994,200,0.0023617870174348354,False
traffic_source_campaign_name_1257,target_business_002,551,385,84,0.21142030070599233,0.10582519779840195,84.86131045565944,0.0855563132135685,53.003281262734326,0.08317403796509584,48.668053790530905,200,0.005374545231461525,False
traffic_source_campaign_name_1258,target_business_002,97,67,16,0.3754474597708982,0.10508554430847115,39.564128036476944,0.13349109301751008,50.569455830883484,0.11340136174828037,44.3498489285849,200,0.026016296818852425,False
traffic_source_campaign_name_1264,target_business_002,61,42,10,0.2325693504206319,0.3267436145460284,121.9531601655214,0.012404051594524021,4.375601058369768,0.01916989791880985,6.660399531885808,200,0.02055654115974903,False
traffic_source_campaign_name_1265,target_business_002,128,89,20,0.26551466798409856,0.057640930557479174,18.61483516681638,0.0750161776345555,22.647910845116197,0.08567018428161513,24.889707989882396,200,0.008471142500638962,False
traffic_source_campaign_name_1268,target_business_002,33,23,6,0.4174526295332923,0.05753869290535904,11.992131638459153,0.5840720032728763,65.28963414634148,0.5840720032728763,65.28963414634148,200,0.004210896324366331,False
traffic_source_campaign_name_127,target_business_002,271,189,42,0.16564296064235282,0.13957271818024086,42.130402570761625,0.10103750451573458,30.10473379836646,0.12748862736893593,39.49453507432444,200,0.005271037574857473,False
traffic_source_campaign_name_1279,target_business_002,63,44,10,0.3638690763306604,0.10635391534799613,24.451123957070322,0.13951118114460065,25.033990687153345,0.13951118114460065,25.033990687153345,200,0.008922205306589603,False
traffic_source_campaign_name_128,target_business_002,36,25,6,0.34485395737709645,0.18627049121787936,45.57982734927922,0.22603273577552618,83.27351040918886,0.22603273577552618,83.27351040918886,200,0.012838310562074184,False
traffic_source_campaign_name_1283,target_business_002,36,25,6,0.299877294656311,0.5404021098613636,209.82772045980292,0.1694969621495151,48.94072413685752,0.1694969621495151,48.94072413685752,200,0.026486797258257866,False
traffic_source_campaign_name_1284,target_business_002,40,28,6,0.11665551386504709,0.16180337904331174,108.01698484331229,0.0776226618442204,59.13058300893702,0.0776226618442204,59.13058300893702,200,0.010917414911091328,False
traffic_source_campaign_name_1321,target_business_002,495,346,75,0.43049525639095054,0.08687881855838123,40.41627648158499,0.06600312015103302,28.232142173761314,0.07739102995415047,35.489901141735494,200,0.013282742351293564,False
traffic_source_campaign_name_1323,target_business_002,130,91,20,0.4581328800908206,0.13635437953632143,23.731548375668822,0.08336065593579568,13.485009266219244,0.0943499932679399,15.340895733605631,200,0.011148788966238499,False
traffic_source_campaign_name_1324,target_business_002,68,47,11,0.2871269469010712,0.3439012678615563,119.90021545001535,0.08161686075708635,23.54354580762143,0.08161686075708635,23.54354580762143,200,0.015346753410995007,False
traffic_source_campaign_name_1357,target_business_002,58,40,10,0.3422955280378938,0.11330193079535633,29.21845904807737,0.14418975442083903,31.479849008837963,0.14418975442083903,31.479849008837963,200,0.010252496227622032,False
traffic_source_campaign_name_1392,target_business_002,32,22,6,0.503542700390874,0.10145845271773257,12.706211361752118,0.15635593220338984,16.56252200239386,0.15635593220338984,16.56252200239386,200,0.018731269985437393,False
traffic_source_campaign_name_1396,target_business_001,42,29,7,0.3917451424965985,0.26715947584711397,41.82936628349523,0.3177560174082957,43.268952536381626,0.3177560174082957,43.268952536381626,200,0.02806842513382435,False
traffic_source_campaign_name_1397,target_business_001,182,127,28,0.18281849265417371,0.029246673698175928,31.139706385518917,0.06417013987463474,69.58714400152469,0.06901919443449808,75.40844428904738,200,0.012617536820471287,False
traffic_source_campaign_name_1401,target_business_001,178,124,28,0.15269055477098495,0.048624639678075704,56.605885313104764,0.052393736864837455,52.4659719310017,0.05175202585033299,52.333493854069765,200,0.009021756239235401,False
traffic_source_campaign_name_1427,target_business_002,94,65,15,0.44380343492366975,0.03644404215947624,7.917890670804464,0.07664840077303078,18.68303328174878,0.08170675169854051,19.338858715817477,200,0.014559638686478138,False
traffic_source_campaign_name_1430,target_business_001,365,255,56,0.21725079199958489,0.11643976529625504,77.35585479685652,0.1344426354466515,63.23557586498146,0.13062549057385545,60.90148527579273,200,0.014874326065182686,False
traffic_source_campaign_name_1432,target_business_001,196,137,30,0.38537726858041715,0.11174717385201755,29.158923673370403,0.1259324468383944,33.12005897984811,0.1174961278032029,30.15821288924243,200,0.01769591122865677,False
traffic_source_campaign_name_1433,target_business_001,103,72,16,0.22165865418047317,0.1832354248933219,103.72898765855957,0.10789687597544477,56.750430747934374,0.09080271675312512,41.65197383927761,200,0.07099013030529022,False
traffic_source_campaign_name_1436,target_business_001,466,326,71,0.30756861826246656,0.10802036517085611,191.90288291313863,0.14572884591403112,53.73358293134951,0.15208138106749222,67.87850628019318,200,0.012160650454461575,False
traffic_source_campaign_name_1437,target_business_001,662,463,100,0.23582398342561245,0.07103180255329643,35.02265416020221,0.11906668803216458,59.92088869203116,0.11732556616097566,60.039874898709364,200,0.006563897244632244,False
traffic_source_campaign_name_1438,target_business_001,175,122,27,0.2722245166250468,0.16761125990376757,51.27314505266014,0.19924908119061072,47.99803864172031,0.20512209966011785,51.69080621675503,200,0.02689259685575962,False
traffic_source_campaign_name_1439,target_business_001,273,191,42,0.2143019822727416,0.1288545436351465,83.43065114405562,0.15641006632397156,87.24898385940578,0.13483468615977104,74.75814692916283,200,0.012007570825517178,False
traffic_source_campaign_name_1440,target_business_001,432,302,66,0.24288999324926253,0.07422908862521534,24.829017273663993,0.10712787423024704,36.219457539543605,0.11255141141196587,38.61306763870041,200,0.005242729093879461,False
traffic_source_campaign_name_1441,target_business_001,94,65,15,0.13925469256462936,0.05085054452949538,47.6259191472562,0.020576495547573747,17.85900658722157,0.021162191490646676,17.88000347614344,200,0.008896498009562492,False
traffic_source_campaign_name_1443,target_business_001,82,57,13,0.4305922334903231,0.17865892425383956,102.36719054820944,0.14449376477729642,89.25856212328841,0.18869551488196368,117.94481440592367,200,0.030565062537789345,False
traffic_source_campaign_name_1444,target_business_001,69,48,11,0.41579579528573296,0.2632515406807607,47.16643578543015,0.4794797063903281,55.94130257478932,0.4794797063903281,55.94130257478932,200,0.024731328710913658,False
traffic_source_campaign_name_1446,target_business_001,33,23,6,0.4462671278315281,0.5515430333966985,107.49732811424764,0.734512622074811,403.9521686258613,0.734512622074811,403.9521686258613,200,0.03715980798006058,False
traffic_source_campaign_name_1447,target_business_001,168,117,26,0.15344828221119203,0.18231067759235556,102.07915113696299,0.10670755319697743,42.17240159765588,0.09302813089933283,35.16584277442622,200,0.011340329423546791,False
traffic_source_campaign_name_1449,target_business_001,61,42,10,0.3527570704709384,0.3958665407126236,78.99271660945848,0.2370380016050448,52.00538383051448,0.20513777397424526,42.16049831900717,200,0.02642362006008625,False
traffic_source_campaign_name_1457,target_business_002,78,54,13,0.32978459883978967,0.11568037422611606,33.561581610772016,0.08624207113223235,20.725188432415642,0.08012003144007666,18.802318384469846,200,0.01036061067134142,False
traffic_source_campaign_name_1461,target_business_002,32,22,6,0.5783246805087131,0.27330618965279885,28.97285530251955,0.23365442351336774,23.576822497472477,0.23365442351336774,23.576822497472477,200,0.022171705961227417,False
traffic_source_campaign_name_1463,target_business_002,259,181,40,0.26471674114478394,0.053235775908963445,27.4975338673991,0.08111335940572037,31.342167474599446,0.08714688815347217,34.78496795069368,200,0.010878704488277435,False
traffic_source_campaign_name_1465,target_business_002,33,23,6,0.3577332532518427,0.9543955838206201,231.4154272848826,0.3950178731009831,56.51409576168255,0.3950178731009831,56.51409576168255,200,0.05752800405025482,False
traffic_source_campaign_name_1467,target_business_002,61,42,10,0.18173304268065157,0.07004700729063602,34.69399834501563,0.08572703855855171,44.058938768043994,0.08572703855855171,44.058938768043994,200,0.011216466315090656,False
traffic_source_campaign_name_1476,target_business_002,40,28,6,0.3074240301661454,0.9652945243677378,298.6103893717302,0.08021048553719012,26.987617369475508,0.08021048553719012,26.987617369475508,200,0.038382746279239655,False
traffic_source_campaign_name_1482,target_business_002,37,25,7,0.3587957433518457,0.6020244061838108,107.83483278037045,0.14707291140306558,30.51499771950369,0.14707291140306558,30.51499771950369,200,0.026049235835671425,False
traffic_source_campaign_name_1489,target_business_001,35,24,6,0.2552156115194137,0.4037721137213784,150.90307576849295,0.034228594507269894,13.549160671462873,0.034228594507269894,13.549160671462873,200,0.04595138132572174,False
traffic_source_campaign_name_149,target_business_002,72,50,12,0.2280062946215996,0.5329733572751232,356.66178575482206,0.009024011362280796,6.318625149816475,0.009024011362280796,6.318625149816475,200,0.023360736668109894,False
traffic_source_campaign_name_1490,target_business_001,90,62,15,0.25007596176251634,0.16065136527794707,70.82530673677498,0.0562028110875983,18.292572035363783,0.061656102228492306,19.476148654119598,200,0.027218887582421303,False
traffic_source_campaign_name_1501,target_business_002,411,287,63,0.16065352303051814,0.06679207480069013,39.10564130226709,0.08655451292449025,42.281140972229736,0.08148913544746055,44.06578640879957,200,0.00507390359416604,False
traffic_source_campaign_name_1502,target_business_002,259,181,40,0.31627148610281686,0.06334799195102019,19.18937728984256,0.14430211189927322,45.072235358560064,0.14511659572423463,46.21124336453599,200,0.0050963531248271465,False
traffic_source_campaign_name_1503,target_business_002,33,23,6,0.5071840473503413,0.11337528047944852,16.90270989200433,0.2656824514901281,29.8612364324925,0.2656824514901281,29.8612364324925,200,0.03945399075746536,False
traffic_source_campaign_name_1506,target_business_002,411,287,63,0.2184785355719299,0.07341790647181187,30.504949736988046,0.12414548350442074,56.769825236235974,0.11830946654678855,53.824349421413196,200,0.005865531507879496,False
traffic_source_campaign_name_1511,target_business_001,30,21,5,0.3725300744079308,0.3583340048789978,35.83340048789978,,,,,200,0.05738295987248421,False
traffic_source_campaign_name_1515,target_business_001,63,44,10,0.23934344190756707,0.16304427895338502,41.373207836480816,0.3852005106884473,67.38394933055399,0.3852005106884473,67.38394933055399,200,0.1028267964720726,False
traffic_source_campaign_name_1518,target_business_001,83,58,13,0.1851983808270657,0.07728147724765694,26.985133952586498,0.21185518299592723,70.29201855383802,0.20321837359212044,68.8948388689286,200,0.00936767365783453,False
traffic_source_campaign_name_1525,target_business_001,36,25,6,0.5184470862528568,0.10823046351239785,23.355600933235767,0.044753233294205996,10.680126182965306,0.044753233294205996,10.680126182965306,200,0.005635594949126244,False
traffic_source_campaign_name_153,target_business_002,36,25,6,0.6678673136376513,0.1452028589532865,18.339868445504425,0.09871688741721851,13.451776649746186,0.09871688741721851,13.451776649746186,200,0.03745688870549202,False
traffic_source_campaign_name_1534,target_business_002,32,22,6,0.3839418498460958,0.6039502729987432,210.5915701926284,0.48922670754556297,197.47335854245443,0.48922670754556297,197.47335854245443,200,0.03867834061384201,False
traffic_source_campaign_name_1539,target_business_002,162,113,25,0.3521175688445859,0.06486837905521128,13.058420015120303,0.13078011961008085,27.97796403999827,0.13195047734130194,28.78373184134462,200,0.010178555734455585,False
traffic_source_campaign_name_1541,target_business_002,57,39,10,0.5778017407228353,0.24795702347273696,36.86745355965024,0.013210777598676282,1.9389154300985874,0.013210777598676282,1.9389154300985874,200,0.006514048669487238,False
traffic_source_campaign_name_1551,target_business_002,35,24,6,0.5207659239509422,0.28461314139592125,48.08544852928273,0.02491121098740894,2.854795903642925,0.033091018342393044,4.0756960922197205,200,0.01736261695623398,False
traffic_source_campaign_name_1553,target_business_002,64,44,11,0.6004498926856183,0.049656197665944646,7.376195419311838,0.13472077092766743,16.229262798160832,0.13472077092766743,16.229262798160832,200,0.009017238393425941,False
traffic_source_campaign_name_1557,target_business_002,55,38,9,0.31273084015380126,0.08368087000299429,39.51890562805051,,,,,200,0.020516090095043182,False
traffic_source_campaign_name_1558,target_business_002,116,81,18,0.25077313484835245,0.20444464488900602,43.5424795956655,0.10781065145456267,19.8044076419251,0.15788905283972912,26.825824633365375,200,0.016075391322374344,False
traffic_source_campaign_name_1559,target_business_005,132,92,21,0.2858437919276854,0.06145350977962311,17.248983179091415,0.07041300626416384,18.871223194337336,0.07392782209117128,19.046135432450217,200,0.006512281484901905,False
traffic_source_campaign_name_1561,target_business_003,68,47,11,0.46750817861191685,0.07978161120813072,20.26858033750372,0.09524178805506779,16.702143580075635,0.0976833071343672,17.110076171822193,200,0.008966846391558647,False
traffic_source_campaign_name_1562,target_business_003,64,44,11,0.43342425570013554,0.14426690898598468,26.889993469292573,0.14433699276731438,21.697454649614887,0.16085439828165707,23.599760926549433,200,0.013387665152549744,False
traffic_source_campaign_name_1563,target_business_003,60,42,9,0.28087337474310486,0.05436128684005959,28.299206449966963,0.0456640335020421,30.36518722167048,0.048513561082606904,32.71726578082638,200,0.004147591535001993,False
traffic_source_campaign_name_1571,target_business_004,102,71,16,0.18862859892024095,0.09991360415058459,51.64628039009547,0.0544143564722407,30.32770166556007,0.05973235645111891,34.112796352279176,200,0.036498554050922394,False
traffic_source_campaign_name_1572,target_business_004,102,71,16,0.2628537012057125,0.09869792850608518,47.63268085707196,0.08766459381797462,40.77055133170629,0.08243494004189848,40.13796548403481,200,0.0164234209805727,False
traffic_source_campaign_name_1578,target_business_004,69,48,11,0.3085380391536338,0.38984850921765446,91.4132088245728,0.40288430808565034,91.95757869048826,0.40288430808565034,91.95757869048826,200,0.030503898859024048,False
traffic_source_campaign_name_1580,target_business_004,42,29,7,0.2995651842236826,0.41197487809001115,98.18506940862773,0.3344087700839526,56.918823672015684,0.3344087700839526,56.918823672015684,200,0.03673897311091423,False
traffic_source_campaign_name_1587,target_business_002,93,65,15,0.28822860934413275,0.14117115914698777,40.68953740729611,0.22142924061136546,67.79845798299843,0.1949651323898494,54.98278392587493,200,0.007812252268195152,False
traffic_source_campaign_name_1591,target_business_001,133,93,21,0.1768553087986763,0.06206146037524286,41.77423279908729,0.049506262797846985,33.82759518287066,0.053640758418576566,37.366286269944766,200,0.01359973382204771,False
traffic_source_campaign_name_1592,target_business_001,676,473,102,0.12719414697976855,0.03257467994802288,35.668718175288156,0.06227573382624841,62.967265048596424,0.05967084359050587,60.85342116170226,200,0.0033816578797996044,False
traffic_source_campaign_name_1597,target_business_001,101,70,16,0.3580105923522325,0.29778306965640666,82.84451523710882,0.04165027555555556,11.253866295781378,0.06588042380952382,18.075631779178096,200,0.01927521824836731,False
traffic_source_campaign_name_1606,target_business_001,66,46,11,0.37225726249431373,0.15936772306927124,92.92323229743761,0.2251758472640906,54.08134411006418,0.2251758472640906,54.08134411006418,200,0.02940869890153408,False
traffic_source_campaign_name_1607,target_business_001,99,69,16,0.16293776428690693,0.17495893268584217,77.85978945820074,0.1383795003270864,54.19844183102055,0.18035294224753015,63.24599280273545,200,0.01602444425225258,False
traffic_source_campaign_name_1629,target_business_001,31,21,6,0.3471396006905103,0.3733816489901578,112.6232157664643,0.012126228667337499,3.9496356102897168,0.020130390165562836,6.378237580618067,200,0.1318379044532776,False
traffic_source_campaign_name_1635,target_business_001,157,109,25,0.551074719150377,0.12469015855213035,18.007551818798394,0.16113195970253388,24.11228205220029,0.16635467805884968,24.78104116953427,200,0.02034616842865944,False
traffic_source_campaign_name_1639,target_business_001,79,55,13,0.5808491338767293,0.7137184051670763,170.34748739900215,0.09800361441027226,23.241255185633463,0.13366210367236914,32.39391351729656,200,0.009599791839718819,False
traffic_source_campaign_name_1649,target_business_002,35,24,6,0.2012275521256063,0.42607974318171843,60.847543386544636,0.6484975975256225,64.84975975256225,0.6484975975256225,64.84975975256225,200,0.017710231244564056,False
traffic_source_campaign_name_1654,target_business_002,97,67,16,0.23971729719372895,0.05796170952884728,12.815776436779828,0.04973146985554209,10.361781699671118,0.08520322118524878,18.46659798640112,200,0.02198297716677189,False
traffic_source_campaign_name_1656,target_business_002,66,46,11,0.2624256311840111,0.052239871246049285,8.049529703597148,0.05870089458235215,9.217795530601903,0.0983432478919336,14.825040746808337,200,0.004450448788702488,False
traffic_source_campaign_name_1663,target_business_002,30,21,5,0.45779890827445696,0.2542260505876185,38.03746492410621,,,,,200,0.004118858836591244,False
traffic_source_campaign_name_1668,target_business_002,39,27,7,0.2988714061193951,0.2332960840200089,114.74950655576006,0.5778476161275486,74.31664358002664,0.5778476161275486,74.31664358002664,200,0.0061688413843512535,False
traffic_source_campaign_name_1685,target_business_005,63,44,10,0.31726540319267843,0.46480502279184177,261.7608329282259,0.007640039235314311,4.217030288308597,0.007640039235314311,4.217030288308597,200,0.03550295904278755,False
traffic_source_campaign_name_1686,target_business_005,370,259,56,0.25615170767144363,0.0903233892257684,22.615626569672724,0.09659270643456443,26.565781004332063,0.107204781708173,32.21834934787227,200,0.005156021099537611,False
traffic_source_campaign_name_1697,target_business_002,148,103,23,0.1748589846295769,0.05598783584683499,24.721869485626925,0.07525849400038509,31.031022826967774,0.07051113066441102,28.15087984661586,200,0.005177410785108805,False
traffic_source_campaign_name_1705,target_business_004,37,25,7,0.08004690700454388,0.23154367243264903,181.13065171904643,0.32192614619265725,162.96545536516183,0.34626718650987215,156.56793736069966,200,0.025173719972372055,False
traffic_source_campaign_name_1706,target_business_004,34,23,6,0.2542084909632587,0.04776011438462899,9.783397236677022,0.04660835924334855,9.141072762008227,0.04660835924334855,9.141072762008227,200,0.02371041104197502,False
traffic_source_campaign_name_1724,target_business_004,122,85,19,0.146120045576408,0.046957471916811905,79.45649494164044,0.061237198556803776,76.30279341918566,0.04955486207330049,61.96101657332738,200,0.012134318239986897,False
traffic_source_campaign_name_1729,target_business_004,212,148,33,0.13152408689511697,0.055558487857266976,22.246810169336385,0.0408051839174084,20.656241479047225,0.05571880221732465,26.81515300282591,200,0.00741349533200264,False
traffic_source_campaign_name_1731,target_business_004,78,54,13,0.3116519603868409,0.07231327093555596,11.781077775102796,0.06443837375684985,11.243216555333218,0.0967165651811887,15.83588071443304,200,0.014837848953902721,False
traffic_source_campaign_name_1732,target_business_004,39,27,7,0.22469672083681594,0.7918588558050946,388.9688026407292,0.03376890823243253,19.223183064802406,0.03376890823243253,19.223183064802406,200,0.02636146731674671,False
traffic_source_campaign_name_1733,target_business_004,136,95,21,0.09633927777197636,0.04918948422141267,41.08499009027179,0.04911305554878296,37.36335684448975,0.06925964252590913,52.48163211526613,200,0.005065872799605131,False
traffic_source_campaign_name_174,target_business_002,30,21,5,0.6592469129726815,0.33124303817749023,33.12430381774902,,,,,200,0.025507852435112,False
traffic_source_campaign_name_1741,target_business_004,87,60,14,0.4293123175297576,0.10633847295196137,19.10776012028876,0.16840234762670322,32.40333418115668,0.15253574169278297,28.652016437617068,200,0.007733064237982035,False
traffic_source_campaign_name_1750,target_business_004,56,39,9,0.289318193318186,0.06908486685084199,12.218270514889817,0.07891534689977192,13.833484790924022,0.09285148306711652,15.31073054660179,200,0.005808116402477026,False
traffic_source_campaign_name_1752,target_business_004,130,91,20,0.15988628611509823,0.07250838838675255,26.464232449989545,0.07074155349364,28.078422226458017,0.08975467488212627,32.8049145306139,200,0.005967941600829363,False
traffic_source_campaign_name_1754,target_business_004,108,75,17,0.3415706028542136,0.03342196917531749,6.975494025347424,0.05287515563864604,12.260626170284489,0.0689021797795732,15.623899797493573,200,0.004403682891279459,False
traffic_source_campaign_name_1756,target_business_004,101,70,16,0.22144068559383273,0.04618034805121218,12.521171138724174,0.06365206756459711,18.110785236124237,0.0778298811632145,22.002540161129712,200,0.007082812022417784,False
traffic_source_campaign_name_1779,target_business_001,71,49,12,0.20747715913153858,0.05473252823893189,43.54125788381206,0.030307183711310852,20.664205958937476,0.030010302936272538,18.43019809167321,200,0.0027463571168482304,False
traffic_source_campaign_name_1782,target_business_001,38,26,7,0.3647079506105431,1.077978949065308,277.7872161499634,0.03541103453083016,8.794361716808123,0.04204988216926885,10.365476634005,200,0.04364083334803581,False
traffic_source_campaign_name_1784,target_business_001,42,29,7,0.38220238848518157,0.05658338137321384,9.174897913992016,0.07778540564051761,13.172493080440306,0.07778540564051761,13.172493080440306,200,0.004204381722956896,False
traffic_source_campaign_name_1785,target_business_002,94,65,15,0.2928062432664731,0.029541290888980935,14.258336412363876,0.038559782765943906,18.007268867805106,0.03246074278538734,14.970726790925848,200,0.019497569650411606,False
traffic_source_campaign_name_1792,target_business_002,54,37,9,0.6830891799262461,1.3560115568386022,201.3697147880817,0.12509138522919838,16.85436626725105,0.12509138522919838,16.85436626725105,200,0.054158344864845276,False
traffic_source_campaign_name_1796,target_business_002,41,28,7,0.6264315929454766,0.10965203395389789,14.064664148469591,0.027661073050952056,3.610675980650367,0.027661073050952056,3.610675980650367,200,0.004550873767584562,False
traffic_source_campaign_name_1797,target_business_002,32,22,6,0.6348801354922704,0.3520116457446251,47.3658749362972,0.11533738486886536,16.725324860483127,0.11533738486886536,16.725324860483127,200,0.02048366144299507,False
traffic_source_campaign_name_1802,target_business_002,34,23,6,0.5590036997041524,0.987581146583866,144.73569780907496,0.41437246963562746,41.43724696356274,0.41437246963562746,41.43724696356274,200,0.019933491945266724,False
traffic_source_campaign_name_1826,target_business_002,30,21,5,0.582000870949203,0.44972974601327864,52.74285608385381,,,,,200,0.15498289465904236,False
traffic_source_campaign_name_1836,target_business_003,90,62,15,0.5520133667494944,0.08739976060709317,13.971270460389357,0.08572901492848069,13.485757603762059,0.08818461065420972,13.710736522662076,200,0.01391675602644682,False
traffic_source_campaign_name_1839,target_business_003,98,68,16,0.1275762177444053,0.0643146265618867,47.314920198806604,0.018556982282428542,13.823298790954189,0.016774304377279926,12.516312058510545,200,0.007071679923683405,False
traffic_source_campaign_name_1843,target_business_003,96,67,15,0.5589544056213992,0.16265969100406014,27.214146867892993,0.11008362394241833,18.283908666463677,0.11100332467501707,19.24262956615775,200,0.012959647923707962,False
traffic_source_campaign_name_1902,target_business_003,32,22,6,0.3379200264119013,0.31047018083619904,81.29220322673409,0.6966096185568302,418.87497089399506,0.6966096185568302,418.87497089399506,200,0.010537248104810715,False
traffic_source_campaign_name_1906,target_business_003,38,26,7,0.6425823973350668,0.0440179800033463,4.6176456196329045,0.016774405678264402,1.8648417848825019,0.019593131953358742,2.211483155664342,200,0.010265807621181011,False
traffic_source_campaign_name_1907,target_business_003,184,128,29,0.4902017805789699,0.08308104320100902,20.395533390259033,0.048755308376409665,10.65061016156858,0.05089893890556453,11.123549849751964,200,0.007580348290503025,False
traffic_source_campaign_name_1919,target_business_004,182,127,28,0.2674735484403325,0.11989554297254358,57.42842773545921,0.050716633714605275,24.499153034948748,0.045616157254619545,22.87729556160378,200,0.010315613821148872,False
traffic_source_campaign_name_1920,target_business_004,83,58,13,0.4858045073439855,0.19479036875676758,43.50809647744774,0.2598203008191403,57.52204534494831,0.2690726464643909,59.94460145999341,200,0.04192115366458893,False
traffic_source_campaign_name_1921,target_business_004,181,126,28,0.4171096692775191,0.05197656616386348,10.50855091397543,0.05539654886337202,10.836884559611669,0.05455053185148707,10.526889031019477,200,0.0035495758056640625,False
traffic_source_campaign_name_1924,target_business_002,94,65,15,0.387830543071822,0.0852318333163562,18.27464517098813,0.08171218854514894,17.2299422993331,0.07191241034400853,14.73158345831625,200,0.008155906572937965,False
traffic_source_campaign_name_1928,target_business_002,30,21,5,0.5826231005218999,0.17481845779619437,48.01772075688122,,,,,200,0.00862866174429655,False
traffic_source_campaign_name_1943,target_business_002,201,140,31,0.4093512487179594,0.06504779207058205,13.507379456538345,0.11577445116714656,26.249780364868798,0.10715969855116603,24.32882899398912,200,0.007201529107987881,False
traffic_source_campaign_name_1947,target_business_002,59,41,10,0.5149084451277126,0.043282673118887505,6.077777032314622,0.08247537961113716,11.010114587976165,0.08247537961113716,11.010114587976165,200,0.005264322739094496,False
traffic_source_campaign_name_1950,target_business_002,73,51,12,0.07575565161917343,0.03088439269199346,42.83619134676066,0.0020596788817992214,2.8370261041118794,0.003152838081765253,4.362390385582999,200,0.0009453731472603977,False
traffic_source_campaign_name_1952,target_business_002,88,61,14,0.22631447334907542,0.262350554137729,105.99024753425917,0.019556655143238292,8.08600068503567,0.025738126938220026,10.72427112032948,200,0.003030825173482299,False
traffic_source_campaign_name_1954,target_business_002,85,59,14,0.2434211148243472,0.042623587872049055,16.252567113304202,0.07552617979854294,29.78543163745281,0.0711204294889208,28.553088196515976,200,0.016922758892178535,False
traffic_source_campaign_name_1960,target_business_002,68,47,11,0.2168018098775302,0.07877298683051792,21.693470625520387,0.07575759488513484,16.969013799184438,0.07779660928104758,17.148371437002762,200,0.008260290138423443,False
traffic_source_campaign_name_1965,target_business_002,30,21,5,0.38176438737043566,0.08065708948337147,22.674375347898167,,,,,200,0.00629277853295207,False
traffic_source_campaign_name_1978,target_business_002,30,21,5,0.11221122131060073,0.0346197955050631,33.31422780165494,0.0684503452368109,43.95321106716906,0.0684503452368109,43.95321106716906,200,0.0178910493850708,False
traffic_source_campaign_name_1995,target_business_004,37,25,7,0.40437009634298826,0.24625087779674865,49.2607783858368,0.08563780797079978,32.254426013167866,0.11149504789304857,37.42737936494771,200,0.046028271317481995,False
traffic_source_campaign_name_1999,target_business_002,60,42,9,0.5473507651620433,0.24504786061278694,33.180208363529644,,,,,200,0.0071029928512871265,False
traffic_source_campaign_name_2002,target_business_002,94,65,15,0.5994375115198453,0.03599186643210545,6.277370215378851,0.04481468202868598,7.457665971996609,0.06476773779141637,11.107819095964269,200,0.007252888288348913,False
traffic_source_campaign_name_2004,target_business_005,31,21,6,0.3222310530876176,0.23411840889756774,56.75472619676633,0.012523721812904731,3.0395394124121746,0.012523721812904731,3.0395394124121746,200,0.08424817025661469,False
traffic_source_campaign_name_2007,target_business_005,38,26,7,0.2321621684655914,0.0776576877041002,23.530379679897674,0.09918858930975512,31.673218015481325,0.09918858930975512,31.673218015481325,200,0.015751490369439125,False
traffic_source_campaign_name_2016,target_business_005,63,44,10,0.17928376462823065,0.07916987171453618,26.997988894031028,0.040102772021640434,13.645479236487686,0.0615466213944997,19.352378637963913,200,0.012824641540646553,False
traffic_source_campaign_name_2017,target_business_005,72,50,12,0.30154978240026037,0.15755200634317473,65.0144599373672,0.06307071826606327,18.365940426516314,0.06307071826606327,18.365940426516314,200,0.032679107040166855,False
traffic_source_campaign_name_2022,target_business_005,276,193,42,0.15696237441203437,0.0993312321756758,48.8746282694829,0.037095463828630916,18.461110056727364,0.03889167074983784,19.616126928293127,200,0.007332393899559975,False
traffic_source_campaign_name_2028,target_business_005,246,172,38,0.19795509191973554,0.14357509362491383,86.78815446723036,0.13360922404696488,69.53662793686327,0.11681837411272042,64.43181440412557,200,0.01582445204257965,False
traffic_source_campaign_name_2029,target_business_005,34,23,6,0.4789102300414517,0.10969434203268862,35.126454786206466,0.11322395553164784,42.63033479381593,0.13925945849022772,53.69619655202242,200,0.023016881197690964,False
traffic_source_campaign_name_2031,target_business_001,39,27,7,0.20832747141974556,0.2760582395202655,175.92967327710045,0.3539421730335331,133.38779390101607,0.3539421730335331,133.38779390101607,200,0.02441774681210518,False
traffic_source_campaign_name_2035,target_business_001,73,51,12,0.4237072120570654,2.623573551018267,441.3134251564366,0.11445227698835607,24.735479760965852,0.09301099639826331,21.59598918319212,200,0.03103262558579445,False
traffic_source_campaign_name_2036,target_business_001,136,95,21,0.2426086903897361,0.21522786441502578,65.52895643556246,0.11308710562414265,52.532986936831506,0.12665064096283232,57.00929754758488,200,0.018578054383397102,False
traffic_source_campaign_name_2038,target_business_002,117,81,19,0.19276659673647886,0.029542359004696414,22.465684367573903,0.051481240023072694,39.91479922855223,0.05496461829449878,43.12597049419226,200,0.02022584341466427,False
traffic_source_campaign_name_2049,target_business_002,36,25,6,0.24699612498037724,0.2690663633925506,87.35302280478554,0.17566385837687962,46.623266345881696,0.17566385837687962,46.623266345881696,200,0.005287292413413525,False
traffic_source_campaign_name_2060,target_business_002,36,25,6,0.3013891658886838,0.7997705089880104,401.6053766970668,0.07719170193389406,33.454827407084586,0.07719170193389406,33.454827407084586,200,0.01936858892440796,False
traffic_source_campaign_name_2064,target_business_005,39,27,7,0.6220105819166857,0.047760510327040206,7.723769913958193,0.0680505925633701,12.187787765218781,0.0680505925633701,12.187787765218781,200,0.003984907642006874,False
traffic_source_campaign_name_2068,target_business_005,112,78,18,0.27720461077629543,0.05161242260555852,10.971658312792778,0.06205709972060503,11.125038010694743,0.1061768181399925,18.46442871955445,200,0.024903783574700356,False
traffic_source_campaign_name_2069,target_business_005,62,43,10,0.6013028209145251,0.07714399477766815,10.767287063008649,0.2835039452895892,29.762879549727515,0.2835039452895892,29.762879549727515,200,0.020931970328092575,False
traffic_source_campaign_name_207,target_business_002,39,27,7,0.24969966318379117,0.7373293818229015,186.04534195375786,0.07550575055317399,23.441289928310326,0.07550575055317399,23.441289928310326,200,0.04445621743798256,False
traffic_source_campaign_name_2070,target_business_005,90,62,15,0.3610784310840105,0.05860905803322332,12.020462889402648,0.08882427503110528,16.364992030238902,0.11867234507232573,21.337557569883188,200,0.0041143158450722694,False
traffic_source_campaign_name_2095,target_business_001,84,58,14,0.2964665828408387,0.08678424782892034,22.225117743561203,0.08889693536755276,26.514283461437543,0.0832152249611859,25.02716950385806,200,0.008208157494664192,False
traffic_source_campaign_name_2099,target_business_002,30,21,5,0.3515615605584876,1.128254296110074,294.2003332481368,0.04417033199201532,10.843544788047012,0.05942562159326806,15.356326803859,200,0.22568529844284058,False
traffic_source_campaign_name_2100,target_business_002,548,383,83,0.11731313971146563,0.04958567599669468,57.943536689967786,0.0708859665010627,60.60112508609511,0.06317275757698936,56.97573169769894,200,0.009969732724130154,False
traffic_source_campaign_name_2105,target_business_002,514,359,78,0.16936019241804495,0.08033822254632661,31.50084671723735,0.102426530279658,45.053948182930824,0.09994858130467688,43.1355940640837,200,0.01130423042923212,False
traffic_source_campaign_name_211,target_business_002,214,149,33,0.1953515346271461,0.10923013596801782,69.53500777103105,0.16457507747357378,104.25352174685376,0.16330494105891874,134.76669173385125,200,0.014726871624588966,False
traffic_source_campaign_name_212,target_business_002,208,145,32,0.354999688157221,0.10900586638868001,21.68992167366265,0.1118705695300176,21.212473728014537,0.10124124467191155,19.13447929920652,200,0.02600213885307312,False
traffic_source_campaign_name_2123,target_business_002,68,47,11,0.18616709198629633,0.178975650436748,56.251960847780644,0.028931487242873873,10.592151431165528,0.049914924143270124,17.74537860802015,200,0.0005848697619512677,False
traffic_source_campaign_name_2135,target_business_002,37,25,7,0.4002433072438788,0.4424228378526641,85.35711194676799,0.24758942464286848,53.947615988750385,0.21622881497078209,49.142743678928774,200,0.12218492478132248,False
traffic_source_campaign_name_2137,target_business_002,31,21,6,0.4334526113040175,0.8498745530797478,252.2410868088561,0.012599287866338016,3.6750998668442154,0.012599287866338016,3.6750998668442154,200,0.00789310410618782,False
traffic_source_campaign_name_2151,target_business_002,39,27,7,0.34600086713116346,0.7566139344481745,120.96670618802752,0.08540477044702581,12.336992166269566,0.12462434686870322,18.105440623082263,200,0.015258642844855785,False
traffic_source_campaign_name_2155,target_business_002,116,81,18,0.252873544693615,0.18684901802440845,57.4379399315007,0.12299728301744887,38.168958613125035,0.16388909146503067,50.70907567561297,200,0.01470885705202818,False
traffic_source_campaign_name_2157,target_business_002,54,37,9,0.2947932596286051,0.10716009480063009,19.123677782791546,0.3298864878248694,147.43916566099549,0.3298864878248694,147.43916566099549,200,0.025769827887415886,False
traffic_source_campaign_name_2159,target_business_002,166,116,26,0.1608638877679153,0.06459598070246865,67.8195420426693,0.02798350404690072,31.152057533588106,0.027703070847779798,30.077762127845265,200,0.00810396857559681,False
traffic_source_campaign_name_2163,target_business_002,33,23,6,0.4518030518121867,0.491293899076583,103.3558697430171,0.6617770505797823,66.17770505797823,0.6617770505797823,66.17770505797823,200,0.09165968000888824,False
traffic_source_campaign_name_2170,target_business_002,72,50,12,0.2884074922586948,0.12384501795543036,44.12634779207546,0.10026244833155401,33.76899915463653,0.10026244833155401,33.76899915463653,200,0.019891750067472458,False
traffic_source_campaign_name_2171,target_business_002,31,21,6,0.2647579472798324,0.3502091757288791,63.80299855045277,0.6179211123449042,61.79211123449042,0.6179211123449042,61.79211123449042,200,0.013864856213331223,False
traffic_source_campaign_name_2172,target_business_002,60,42,9,0.30405420375186665,0.2055430672421361,76.44582057527724,,,,,200,0.006835908629000187,False
traffic_source_campaign_name_2177,target_business_002,86,60,14,0.34204873065840397,0.38233861470101943,92.24844273658263,0.12975943543356205,28.20306438800856,0.14129153670201705,29.831686780726084,200,0.011401359923183918,False
traffic_source_campaign_name_2181,target_business_002,41,28,7,0.37540447026909,0.15897554005220826,45.01870544028658,0.0303352941176471,9.35432780945452,0.0303352941176471,9.35432780945452,200,0.01718498021364212,False
traffic_source_campaign_name_2183,target_business_002,604,422,92,0.29725562672225186,0.05866857625637577,31.1282529564817,0.0716167798199401,32.58974505610555,0.06799404486230072,31.489801223096116,200,0.0048502120189368725,False
traffic_source_campaign_name_2217,target_business_005,57,39,10,0.3313773561457874,0.04911968793643229,7.710697782936607,0.13942427986113293,25.88921756152106,0.13942427986113293,25.88921756152106,200,0.027153074741363525,False
traffic_source_campaign_name_2218,target_business_005,117,81,19,0.09404626939659745,0.015872805478209982,15.452153204776398,0.02805080134028713,27.081073017657804,0.03186462134973154,31.37623504545323,200,0.010735576041042805,False
traffic_source_campaign_name_2219,target_business_005,255,178,39,0.2672548073970438,0.29038282676907107,63.029227958624,0.1035794560457722,21.954185229683624,0.09596689776347465,19.72831600664236,200,0.004131794441491365,False
traffic_source_campaign_name_2224,target_business_005,63,44,10,0.30949293224738555,0.2818823965550653,291.909685275536,0.0689483436353569,44.61468286359055,0.0689483436353569,44.61468286359055,200,0.0376817062497139,False
traffic_source_campaign_name_2231,target_business_005,61,42,10,0.5102392521894135,0.022928950280585392,3.8844817776998193,0.014459468202109083,2.4968579807289495,0.014459468202109083,2.4968579807289495,200,0.004556939471513033,False
traffic_source_campaign_name_227,target_business_002,33,23,6,0.40073069554493135,0.15054327990729338,22.96289119393266,0.3660891800347711,36.60891800347711,0.3660891800347711,36.60891800347711,200,0.00659321341663599,False
traffic_source_campaign_name_2271,target_business_005,103,72,16,0.16647171177405756,0.11218447131311685,42.70845551324239,0.10380406686623042,35.71888165964152,0.10481774694820112,43.310189220096646,200,0.008627548813819885,False
traffic_source_campaign_name_2277,target_business_005,37,25,7,0.5608542263576393,0.2910087940364014,40.10705563758256,0.22227147701720062,34.73203725832644,0.22227147701720062,34.73203725832644,200,0.004596345592290163,False
traffic_source_campaign_name_2278,target_business_005,41,28,7,0.3552429021336559,0.15728558441690188,35.5994983830805,0.44319613985812534,174.17067284984748,0.44319613985812534,174.17067284984748,200,0.005375309381633997,False
traffic_source_campaign_name_2284,target_business_005,76,53,12,0.3699851054241736,0.2341080369349911,53.05700713723124,0.22752143044301346,60.93514500180394,0.22752143044301346,60.93514500180394,200,0.015714654698967934,False
traffic_source_campaign_name_2288,target_business_005,72,50,12,0.22272424230292506,0.12860150618541794,57.851556618064706,0.09450384049460714,37.186290853639875,0.09450384049460714,37.186290853639875,200,0.025253241881728172,False
traffic_source_campaign_name_2289,target_business_001,35,24,6,0.38371892307921385,0.4679276821354529,223.58995624435084,0.5208492180484252,71.9283056835997,0.5208492180484252,71.9283056835997,200,0.019773943349719048,False
traffic_source_campaign_name_2290,target_business_001,58,40,10,0.1398777947861242,0.16478117599404574,290.4450498602869,0.05500470675069757,77.10827086841974,0.07736888129397097,132.38715762234713,200,0.01639874093234539,False
traffic_source_campaign_name_2292,target_business_002,55,38,9,0.26578619984524565,0.2957610110261208,155.5881843072757,,,,,200,0.02236659824848175,False
traffic_source_campaign_name_2302,target_business_001,32,22,6,0.45970173846000795,0.2983681503666034,51.48281380861389,0.0077950905292479165,1.3401469625257967,0.009459348885793894,1.6240602480080504,200,0.011439279653131962,False
traffic_source_campaign_name_2304,target_business_001,56,39,9,0.3015446021026929,0.16585004329681396,16.585004329681396,,,,,200,0.045789267867803574,False
traffic_source_campaign_name_2305,target_business_001,70,49,11,0.4028736454661959,0.29081876020694425,107.43574913603646,0.10913319898355794,28.430375017921865,0.10913319898355794,28.430375017921865,200,0.012928388081490993,False
traffic_source_campaign_name_2330,target_business_001,35,24,6,0.4114978202416348,0.1844039699257494,58.659937321623325,0.4224838647061678,65.93800886128679,0.4224838647061678,65.93800886128679,200,0.004870257340371609,False
traffic_source_campaign_name_2333,target_business_001,108,75,17,0.207715036943361,0.5460963039528566,538.5474946002269,0.04832543071576456,42.21249387730512,0.047292498324658906,39.09346381780685,200,0.02953067049384117,False
traffic_source_campaign_name_2334,target_business_001,35,24,6,0.3850333333333333,0.20126926133849407,61.941313471768424,0.026710317460317448,8.345597148008778,0.04360714285714285,14.037759164803571,200,0.0060597737319767475,False
traffic_source_campaign_name_2335,target_business_001,543,380,82,0.13676291628823448,0.02266685881077533,22.03866618712271,0.036495080156773364,29.67311437383608,0.03454669036982667,27.840634961732754,200,0.005281304474920034,False
traffic_source_campaign_name_2343,target_business_004,542,379,82,0.022808788856258054,0.029736246951456206,62.747068061959446,0.03963038232398299,69.69110954489923,0.04923223688855048,118.11518212897174,200,0.0054369522258639336,False
traffic_source_campaign_name_2344,target_business_004,97,67,16,0.39549184752140093,0.0611237551711811,12.26765743452112,0.15303255723461623,35.77095372001246,0.15426823505007667,37.47678962004993,200,0.010548966005444527,False
traffic_source_campaign_name_2345,target_business_004,522,365,79,0.22123940656174354,0.02384110039041576,9.411452736676939,0.02549791738971397,10.815113228402815,0.026921011903036588,10.978319645903895,200,0.0032874951139092445,False
traffic_source_campaign_name_2347,target_business_005,38,26,7,0.31432893519001787,0.21232869510494012,82.03810177054372,0.031673624097265554,11.804948436449354,0.037383129107784914,14.39026549729611,200,0.0394657701253891,False
traffic_source_campaign_name_2348,target_business_005,38,26,7,0.31158342650759746,0.9502474070586536,308.7041481390473,0.018997203733393798,6.186636481004587,0.02413456898087421,7.770324133812909,200,0.12885059416294098,False
traffic_source_campaign_name_2352,target_business_003,95,66,15,0.20689188561485103,0.13164312068278217,56.528548046669094,0.10551994817514197,38.384501883959175,0.12436443254747748,49.497466605306876,200,0.012152275070548058,False
traffic_source_campaign_name_2368,target_business_003,93,65,15,0.3835630695951245,0.13632576867054577,33.264683052955185,0.08998239334809593,22.00225105550901,0.09224224364136546,22.92696368215657,200,0.022288119420409203,False
traffic_source_campaign_name_2391,target_business_003,34,23,6,0.35899265992839496,3.2185881069027675,1274.4407203781386,0.03658115758936929,14.911376898607209,0.048380474452554764,18.613710091211622,200,0.008077955804765224,False
traffic_source_campaign_name_2396,target_business_003,31,21,6,0.4129590136378349,0.14145989973372447,19.558526069339248,0.18546123318168617,25.307092854312508,0.18546123318168617,25.307092854312508,200,0.01425548642873764,False
traffic_source_campaign_name_2409,target_business_003,84,58,14,0.2995760988064282,0.03132249341338149,4.979276402251607,0.04135106751842077,7.899245359755891,0.060254358735388265,10.457763857591132,200,0.010724062100052834,False
traffic_source_campaign_name_2437,target_business_003,31,21,6,0.2781107723657267,0.1507843580352989,77.13128629244619,0.11487889359241181,57.93766038680606,0.11487889359241181,57.93766038680606,200,0.020978283137083054,False
traffic_source_campaign_name_244,target_business_002,70,49,11,0.07151595342717039,0.014135955138283243,59.728698145548876,0.005229416549029149,24.917627079281395,0.005229416549029149,24.917627079281395,200,0.014992442913353443,False
traffic_source_campaign_name_2446,target_business_005,38,26,7,0.32833531381446124,0.8750720963513763,237.9845420465898,0.19653742627558093,46.1994442829668,0.19653742627558093,46.1994442829668,200,0.058326128870248795,False
traffic_source_campaign_name_245,target_business_002,75,52,12,0.44733126364329745,0.3208168565812589,82.18602661101399,0.048053716084027844,13.34552999393852,0.048053716084027844,13.34552999393852,200,0.017052773386240005,False
traffic_source_campaign_name_2453,target_business_005,31,21,6,0.40826617272816257,8.10008747256262,2402.0424713416487,0.07457771185522324,19.69792423097213,0.07457771185522324,19.69792423097213,200,0.06116245687007904,False
traffic_source_campaign_name_2457,target_business_004,250,175,38,0.25467244100046327,0.07469440137809175,62.701101116153154,0.09157356988161398,55.63399159247394,0.10207790996581528,66.79244012026363,200,0.006784724537283182,False
traffic_source_campaign_name_2474,target_business_002,37,25,7,0.32508969292087647,0.2522650815448115,100.5081428763081,0.4149274190160078,80.95138946662973,0.4149274190160078,80.95138946662973,200,0.07873383909463882,False
traffic_source_campaign_name_2479,target_business_002,55,38,9,0.3300341371572577,0.13839490360099907,73.48285363428857,0.005553298117296601,2.874369040942289,0.005553298117296601,2.874369040942289,200,0.05693132430315018,False
traffic_source_campaign_name_2480,target_business_002,83,58,13,0.3275410431231157,0.21029446415605868,40.06811013950861,0.09311606693959634,16.997986105823966,0.10954368792051232,22.291530457343953,200,0.014506494626402855,False
traffic_source_campaign_name_2481,target_business_002,144,100,23,0.18030118149005853,0.08474294162952828,49.59702538842479,0.11506769705262168,58.60484047044058,0.10381030184619558,51.6603240215928,200,0.016856402158737183,False
traffic_source_campaign_name_249,target_business_002,37,25,7,0.48943118652399037,0.05769774666703135,11.955027243852777,0.051797764116320116,9.388029780089601,0.051797764116320116,9.388029780089601,200,0.020902279764413834,False
traffic_source_campaign_name_2506,target_business_002,31,21,6,0.31556590512025473,0.5074968630930243,173.05637290221566,0.04511526124883847,14.976614588516291,0.04511526124883847,14.976614588516291,200,0.061910588294267654,False
traffic_source_campaign_name_2511,target_business_002,35,24,6,0.3307153331532103,0.04332047450573741,22.508529618644403,0.15616797900262472,45.137931034482776,0.15616797900262472,45.137931034482776,200,0.006945793516933918,False
traffic_source_campaign_name_2517,target_business_003,31,21,6,0.3321544924612883,0.8363197208528129,339.6303734591597,0.09001874639492402,41.36388735505245,0.09001874639492402,41.36388735505245,200,0.041859220713377,False
traffic_source_campaign_name_2523,target_business_002,85,59,14,0.25972357574439375,0.0735297331590195,48.274720659405965,0.07533057399666694,61.42280668716841,0.06993924678305055,59.1804924233393,200,0.017846662551164627,False
traffic_source_campaign_name_2525,target_business_002,94,65,15,0.3595235481503481,0.38591365352496776,255.25048433159364,0.07185407018927831,62.344861482359704,0.0750953901325105,63.645524217349106,200,0.01388317160308361,False
traffic_source_campaign_name_2527,target_business_002,42,29,7,0.3758246019287525,0.18533009444289497,51.98632002638033,0.12478033477667919,32.228520203206365,0.12478033477667919,32.228520203206365,200,0.04021003097295761,False
traffic_source_campaign_name_2537,target_business_002,30,21,5,0.35402517351725854,0.33850922877628836,91.81395143100731,,,,,200,0.032669443637132645,False
traffic_source_campaign_name_2538,target_business_002,30,21,5,0.34428965949774254,0.06564488740994695,19.381572293782533,,,,,200,0.10576294362545013,False
traffic_source_campaign_name_2539,target_business_002,30,21,5,0.4512449091106126,0.02092379946422185,2.8671447113593063,,,,,200,0.01616060733795166,False
traffic_source_campaign_name_2542,target_business_002,42,29,7,0.17953978154342448,0.32463394954149843,173.01159193840238,0.12547791208993392,40.905708007120424,0.12674982980993907,41.64456631136592,200,0.01784387417137623,False
traffic_source_campaign_name_2547,target_business_002,94,65,15,0.29393463847474366,0.2129663865345271,58.53054958339898,0.09356098552492124,21.657420425974948,0.08891313500878377,20.32381436786731,200,0.05427330732345581,False
traffic_source_campaign_name_256,target_business_004,99,69,16,0.3381113402246301,2.016405803433182,9821.526423473753,0.11626839905473499,555.9696841971245,0.09547393891957562,438.80034003004226,200,0.016731200739741325,False
traffic_source_campaign_name_2576,target_business_002,34,23,6,0.27411507338407143,0.1662390182171507,57.86780381165566,0.1944495041126737,52.72353945408659,0.1944495041126737,52.72353945408659,200,0.010850010439753532,False
traffic_source_campaign_name_2581,target_business_002,216,151,33,0.2136895040042765,0.10192014563214787,38.57849423072465,0.13620523925718303,54.289392426403595,0.15321819819445556,62.049141625036675,200,0.012373575940728188,False
traffic_source_campaign_name_259,target_business_004,280,196,42,0.1696024174895975,0.04145991595764843,26.89955513222865,0.051302124529382494,31.07885513807018,0.0451773368756593,26.499933298932866,200,0.00698469951748848,False
traffic_source_campaign_name_2612,target_business_002,39,27,7,0.4351816566075557,0.33309400170279546,99.98678118891094,0.07937538973186448,22.713731026899563,0.07937538973186448,22.713731026899563,200,0.045823004096746445,False
traffic_source_campaign_name_2614,target_business_002,38,26,7,0.3524611694047645,0.22562201031451856,42.85753386762392,0.27499999999999997,43.71791856561988,0.27499999999999997,43.71791856561988,200,0.06132932007312775,False
traffic_source_campaign_name_2636,target_business_002,31,21,6,0.4645301593982714,0.22132406551327904,27.358682557218096,0.49066622220105727,49.06662222010573,0.49066622220105727,49.06662222010573,200,0.009654080495238304,False
traffic_source_campaign_name_2644,target_business_002,34,23,6,0.5866815914284593,0.2451965885097054,39.3204389827833,0.3060699364609627,36.06010692918815,0.3060699364609627,36.06010692918815,200,0.06905490159988403,False
traffic_source_campaign_name_2658,target_business_002,73,51,12,0.03721242054882337,0.19839452987853654,682.2551222760327,0.002737022140246244,8.273814231598454,0.002737022140246244,8.273814231598454,200,0.011434052139520645,False
traffic_source_campaign_name_2666,target_business_002,33,23,6,0.1173293249281292,0.05375712772292773,92.57637973061834,0.007292383119059005,11.805852962169968,0.007292383119059005,11.805852962169968,200,0.009748371317982674,False
traffic_source_campaign_name_2673,target_business_002,84,58,14,0.34570241636663546,0.2896825567417565,203.20293102084855,0.2476156943799265,104.49851877148602,0.2298423017219331,93.25584248396581,200,0.012891842983663082,False
traffic_source_campaign_name_270,target_business_004,98,68,16,0.24532000598961687,0.0843853739203958,29.658168696500585,0.0720456763703886,30.311159562711172,0.09096038713434439,38.284618508469215,200,0.005976248998194933,False
traffic_source_campaign_name_2742,target_business_001,268,187,41,0.15168009929981574,0.03370971318308162,29.133176113599184,0.044266773393825225,34.00806292516885,0.055836941407899306,44.0060783044045,200,0.012239477597177029,False
traffic_source_campaign_name_2744,target_business_001,115,80,18,0.2943935411164589,0.09822223783942327,46.71838855680422,0.1162156230134484,53.350472443188565,0.09910866046135168,45.986836864101605,200,0.005372534040361643,False
traffic_source_campaign_name_2746,target_business_001,54,37,9,0.2656931058612211,0.7608711601113343,109.5896425721417,0.24556720686367972,43.026557541339564,0.24556720686367972,43.026557541339564,200,0.07113661617040634,False
traffic_source_campaign_name_2748,target_business_001,308,215,47,0.21227159412963537,0.06452386139398164,19.00408203480325,0.09166754813893639,28.18024811418717,0.0840363685016561,25.41202142571341,200,0.007385445758700371,False
traffic_source_campaign_name_2749,target_business_001,103,72,16,0.16665539776020136,0.05503631625658187,52.20397534339531,0.0440934609267875,34.0318192484796,0.060337774420523786,48.192759355726,200,0.005018908996134996,False
traffic_source_campaign_name_2750,target_business_001,81,56,13,0.1405087313102033,0.1734430968499922,91.18535987465079,0.07353626533033596,39.255682342778734,0.07773401271453016,41.199093280648654,200,0.01735415682196617,False
traffic_source_campaign_name_2754,target_business_002,299,209,46,0.18191755683255872,0.0458914040736356,38.068203912264494,0.07467711960348382,55.923101605552986,0.06850712576688933,53.22858964164937,200,0.014198565855622292,False
traffic_source_campaign_name_2756,target_business_002,85,59,14,0.2558134858909326,0.16743462683367663,51.98544189289189,0.14929879010558744,46.233536456865686,0.15292792106172387,45.20619060934057,200,0.04397213086485863,False
traffic_source_campaign_name_2757,target_business_002,85,59,14,0.28765865313126676,0.35849967176252323,214.90006507958395,0.12087130470977911,67.78895595937642,0.10843330670118091,62.56634272005773,200,0.025752855464816093,False
traffic_source_campaign_name_2759,target_business_002,42,29,7,0.3222852256812157,0.10013887909661072,23.414054091357727,0.27734792822512117,84.34561288732006,0.27734792822512117,84.34561288732006,200,0.028913915157318115,False
traffic_source_campaign_name_276,target_business_004,282,197,43,0.21844456706276041,0.031302964716464064,10.432494104319307,0.029781730930089605,9.787498740038728,0.03642245697935547,12.193903412889712,200,0.0072854626923799515,False
traffic_source_campaign_name_2767,target_business_004,104,72,17,0.11928438859839187,0.026082265465133637,39.782144063203376,0.013819630208504394,23.35016256166434,0.011466621138773133,19.440869181008512,200,0.013286012224853039,False
traffic_source_campaign_name_2768,target_business_004,328,229,50,0.32567370536787665,0.12239768283877828,39.14356065812559,0.06894677029914725,20.502783198607574,0.06482397607285104,18.677706627031707,200,0.008651578798890114,False
traffic_source_campaign_name_2769,target_business_004,130,91,20,0.2653710758278616,0.26398559966810725,136.4370139210479,0.04470974595426653,34.432859594269246,0.06547184136246124,46.54719859595162,200,0.005986228119581938,False
traffic_source_campaign_name_277,target_business_004,70,49,11,0.23101784254964283,0.26638529531559346,133.483281034881,0.017639511573669456,9.232012430193832,0.017639511573669456,9.232012430193832,200,0.010357638821005821,False
traffic_source_campaign_name_2781,target_business_004,139,97,22,0.38708202424672167,0.11964479827971429,37.73595188081018,0.18005275913892083,56.53456450934592,0.17283765464874576,55.4852873497379,200,0.00604352867230773,False
traffic_source_campaign_name_2783,target_business_004,315,220,48,0.3191789819908662,0.12197887197530255,44.64437751157389,0.07122091556328808,27.728005066889565,0.0704081607052674,28.725035469507176,200,0.006672861985862255,False
traffic_source_campaign_name_2784,target_business_004,161,112,25,0.3230733931867008,0.1818412934417498,77.76779230318446,0.16293554997425583,76.44064445667806,0.15603245400667623,72.43487958938746,200,0.005623458418995142,False
traffic_source_campaign_name_2787,target_business_004,94,65,15,0.35998451004044274,0.08971836494209032,18.255439817008085,0.13941104097259502,18.529627566696625,0.15391348792900114,20.714892242057328,200,0.008495867252349854,False
traffic_source_campaign_name_279,target_business_004,76,53,12,0.11185894901123301,0.028420559314919033,35.03362332225999,0.03245745386496593,26.175768758017053,0.03245745386496593,26.175768758017053,200,0.010010898113250732,False
traffic_source_campaign_name_2790,target_business_002,39,27,7,0.15091848864623914,0.236792186922112,35.7044841334112,0.22024319343870855,31.28386745746832,0.22024319343870855,31.28386745746832,200,0.014779319986701012,False
traffic_source_campaign_name_282,target_business_004,58,40,10,0.24895895837532306,1.1951876879779193,250.6193258629298,0.11349523398102496,20.40231955530292,0.11349523398102496,20.40231955530292,200,0.0165699515491724,False
traffic_source_campaign_name_284,target_business_004,59,41,10,0.26058073053635916,0.19472636636523888,29.856306939403993,0.07746793983197842,10.925743162468827,0.07746793983197842,10.925743162468827,200,0.027559379115700722,False
traffic_source_campaign_name_286,target_business_004,94,65,15,0.19195714752868098,0.173467073462681,54.48493977809481,0.21669900971461262,60.65797327345827,0.20190513605889449,60.19050789582575,200,0.00945038627833128,False
traffic_source_campaign_name_287,target_business_004,83,58,13,0.22818342328642363,0.14592175494760817,38.240163200313695,0.24050888456884018,45.211237303279894,0.23322415438209296,44.482764284605175,200,0.015505175106227398,False
traffic_source_campaign_name_289,target_business_004,55,38,9,0.08707703329042141,0.09052285928506809,304.57507963822087,,,,,200,0.024040956050157547,False
traffic_source_campaign_name_290,target_business_004,56,39,9,0.41936888002082073,0.25501126050949097,25.501126050949097,,,,,200,0.0046376013197004795,False
traffic_source_campaign_name_291,target_business_004,337,235,52,0.17721178757735834,0.03356752116389568,13.23442677854566,0.0703361746498567,29.7746517800677,0.061533661051677506,25.401040165763256,200,0.0036146617494523525,False
traffic_source_campaign_name_294,target_business_004,118,82,19,0.25336389263326453,0.23775668535193895,35.768814630345695,0.12655146215252752,19.28304856988938,0.12563247870626737,18.054636561659542,200,0.011048768647015095,False
traffic_source_campaign_name_295,target_business_004,69,48,11,0.4127055690672273,0.5032914598240585,77.64980459866128,0.1477166827158392,21.39577537139543,0.1477166827158392,21.39577537139543,200,0.01043716911226511,False
traffic_source_campaign_name_315,target_business_004,238,166,37,0.41104561431016023,0.08973862988703793,15.33538238221407,0.13092486500806616,22.008539799358026,0.12902423022558654,22.73265241414801,200,0.003941696137189865,False
traffic_source_campaign_name_328,target_business_002,40,28,6,0.29299159141401965,0.24877209216248586,67.26796224407097,0.3169826547819803,122.31970208222822,0.3169826547819803,122.31970208222822,200,0.030413761734962463,False
traffic_source_campaign_name_336,target_business_002,119,83,19,0.18578990314362398,0.06808988833782767,23.211663054226072,0.07804627675942381,26.98142864910248,0.07356482530532134,26.095408259763392,200,0.022015661001205444,False
traffic_source_campaign_name_340,target_business_002,107,74,17,0.22388213754826383,0.049823960474285695,19.41927063921781,0.09186028260464396,31.46262996538181,0.08320776401943816,28.20729711496952,200,0.012584028765559196,False
traffic_source_campaign_name_341,target_business_002,31,21,6,0.2955336261243034,0.16179644355520328,154.39341438491604,0.031337439232176106,33.46443959896093,0.031337439232176106,33.46443959896093,200,0.004895098973065615,False
traffic_source_campaign_name_343,target_business_002,30,21,5,0.32490523684098604,0.22742790571585347,31.92009406306349,,,,,200,0.011272527277469635,False
traffic_source_campaign_name_344,target_business_002,80,56,12,0.13658740294440577,0.46487470722505747,416.57950497883746,0.3379273843287498,64.72874911973267,0.3379273843287498,64.72874911973267,200,0.024994872510433197,False
traffic_source_campaign_name_356,target_business_002,110,77,17,0.19057221308296055,0.08518893473441304,39.16550589202795,0.07106338681103992,31.139859906537794,0.07088501630552926,31.654204868637294,200,0.014896529726684093,False
traffic_source_campaign_name_358,target_business_002,69,48,11,0.37243309242617306,0.05984588674783925,12.072244273173538,0.18065374084095243,26.271925763877046,0.18065374084095243,26.271925763877046,200,0.01829555071890354,False
traffic_source_campaign_name_359,target_business_002,156,109,24,0.2982333138568745,0.1920332689635211,63.02195555055553,0.20729217740138178,83.41423850892674,0.23984641875470938,89.45307740913512,200,0.011810651049017906,False
traffic_source_campaign_name_363,target_business_002,241,168,37,0.14740427036192214,0.2135648793161241,228.13144559852446,0.08256924664089796,35.83558744798534,0.07541013889932234,31.01534224413679,200,0.01315807644277811,False
traffic_source_campaign_name_366,target_business_002,78,54,13,0.2410046142706196,0.2639676319205848,83.73099246818595,0.1330229083838248,38.06339173038985,0.17240353414695472,52.23826402906102,200,0.02658730000257492,False
traffic_source_campaign_name_367,target_business_002,36,25,6,0.2183299309402741,0.2936284385373459,124.93952824854537,0.15070936237767021,42.817178824772014,0.15070936237767021,42.817178824772014,200,0.034615736454725266,False
traffic_source_campaign_name_369,target_business_002,108,75,17,0.20895755265952176,0.07479825186450528,30.09686243899381,0.08185260321014756,37.87809382793713,0.09184982762749734,44.37306824271754,200,0.011965428479015827,False
traffic_source_campaign_name_370,target_business_002,141,98,22,0.28491469921685314,0.158386733922221,63.184514999341744,0.06782582174420299,22.741965057808326,0.06704160116259143,23.10676088037659,200,0.026213735342025757,False
traffic_source_campaign_name_372,target_business_002,36,25,6,0.2952523040212312,0.15121016677480503,26.291906525040194,0.03230225600634978,5.485807478188774,0.03230225600634978,5.485807478188774,200,0.025349002331495285,False
traffic_source_campaign_name_373,target_business_002,108,75,17,0.19574387617539385,0.12930984158724945,53.62416297243324,0.07975413797103965,37.17443407889979,0.07084709127791342,33.22507869665161,200,0.007408450357615948,False
traffic_source_campaign_name_374,target_business_002,30,21,5,0.31677803953287026,0.12916976097306895,93.54538891406347,,,,,200,0.05820126831531525,False
traffic_source_campaign_name_396,target_business_001,317,221,49,0.18555052326472438,0.0873264840401462,71.03698397173443,0.08993453273902148,51.0043903878405,0.10260704359225697,64.55980668954997,200,0.010730753652751446,False
traffic_source_campaign_name_397,target_business_001,83,58,13,0.35512585179523615,0.1768125266515126,69.67261758377448,0.21530398322851152,64.55013156201078,0.20298420244639231,59.158659382619526,200,0.06372082233428955,False
traffic_source_campaign_name_398,target_business_001,60,42,9,0.4503678027400871,0.3893227609581684,92.36942194005024,0.12436049529176246,40.97599706834424,0.12436049529176246,40.97599706834424,200,0.03574822470545769,False
traffic_source_campaign_name_402,target_business_001,86,60,14,0.3829749682511963,0.15352322785513772,25.099400273248317,0.2233671064328721,34.46459190588268,0.22380321776398918,32.914337670301066,200,0.006933307275176048,False
traffic_source_campaign_name_405,target_business_001,119,83,19,0.20472612360008752,0.21332956169245912,213.11812858941735,0.02765187777626502,19.149746543555615,0.03047739248853161,20.124875758083558,200,0.009388700127601624,False
traffic_source_campaign_name_406,target_business_001,57,39,10,0.5121586362888771,0.3963309205351157,68.29561276454854,0.16306151475643005,33.93832590835743,0.16306151475643005,33.93832590835743,200,0.025535324588418007,False
traffic_source_campaign_name_407,target_business_001,57,39,10,0.3154197999164856,0.10727524839574192,47.91994030406311,0.0673139783392967,30.236591501994663,0.060760717381158735,27.014349048937753,200,0.012047380208969116,False
traffic_source_campaign_name_408,target_business_001,304,212,47,0.2424471768707603,0.06584680645966134,26.922281828393217,0.11636813079141124,48.96824321390975,0.09896396283950232,40.04941455838937,200,0.01386124175041914,False
traffic_source_campaign_name_409,target_business_001,80,56,12,0.34345065626547794,0.20585490313421806,90.48473913760023,0.11499960897786812,44.79845589440878,0.11927912897647781,46.04582818121576,200,0.03208969160914421,False
traffic_source_campaign_name_411,target_business_001,150,105,23,0.29210537555677585,0.0602516002584235,33.18764751348609,0.07712996522057478,42.13126589785121,0.07423442770848042,42.06264045071336,200,0.014775644056499004,False
traffic_source_campaign_name_417,target_business_001,86,60,14,0.3300805110883277,0.11606057841558463,25.80250969866186,0.18779420234398375,30.33722228099334,0.16867513963088876,25.77865729681496,200,0.01363449078053236,False
traffic_source_campaign_name_419,target_business_001,34,23,6,0.4244825350553743,0.1708607526328759,67.91326628545809,0.13357400722021662,61.984521629582076,0.13357400722021662,61.984521629582076,200,0.007688664831221104,False
traffic_source_campaign_name_428,target_business_001,60,42,9,0.19488016056884802,0.5083997035167933,372.85379998933104,,,,,200,0.03953923285007477,False
traffic_source_campaign_name_442,target_business_003,30,21,5,0.5188965746498992,0.5165322284595086,56.106672274058155,,,,,200,0.017884831875562668,False
traffic_source_campaign_name_444,target_business_003,80,56,12,0.27559136801598355,0.18779595435174226,86.76845071616881,0.04640214753483362,23.458128102064038,0.04640214753483362,23.458128102064038,200,0.0101658059284091,False
traffic_source_campaign_name_450,target_business_003,83,58,13,0.16078553907672347,0.08949062958510694,128.63795666115024,0.03215982437774358,28.815182641899074,0.039104342612297394,33.842888152147204,200,0.01573830097913742,False
traffic_source_campaign_name_460,target_business_003,32,22,6,0.46687850869375014,0.13269762420390438,26.98340949703688,0.0007124125605703635,0.14481716832497796,0.0007124125605703635,0.14481716832497796,200,0.07253141701221466,False
traffic_source_campaign_name_487,target_business_003,65,45,11,0.19133693252902922,0.2557567382444276,101.71305774495593,0.10104500000000002,50.43675751222922,0.10104500000000002,50.43675751222922,200,0.016914518550038338,False
traffic_source_campaign_name_489,target_business_003,61,42,10,0.25553507536266357,0.879949145869723,143.9264677183608,0.7464662552259607,298.8840175368674,0.7464662552259607,298.8840175368674,200,0.03015347383916378,False
traffic_source_campaign_name_498,target_business_001,258,180,40,0.2306402400361789,0.1445197717507334,56.74892371768794,0.13616844203263417,50.47715060765832,0.13276050406117146,53.50368633891562,200,0.013949592597782612,False
traffic_source_campaign_name_499,target_business_001,34,23,6,0.3570102813941886,0.6820068681811331,193.3613743660671,0.04963952642370523,13.090877376591651,0.04963952642370523,13.090877376591651,200,0.16591134667396545,False
traffic_source_campaign_name_500,target_business_001,393,275,60,0.18350153240426303,0.09144454004391694,46.757397677530335,0.07176613025774176,35.175656063168,0.07189855285443846,37.50100042879361,200,0.00484358100220561,False
traffic_source_campaign_name_502,target_business_001,104,72,17,0.27605327843403393,0.06288142800845282,33.890303209195565,0.02576280260721685,12.006650725091326,0.03563402100407786,17.476451198232095,200,0.015976274386048317,False
traffic_source_campaign_name_503,target_business_001,83,58,13,0.14975125805826092,0.019345894614980024,11.40838224406713,0.03354622944975168,20.097982491052903,0.03307701228355901,19.773750946583267,200,0.011939438059926033,False
traffic_source_campaign_name_505,target_business_001,77,53,13,0.2226631520993391,0.04183102404713357,9.755724771439708,0.06880123076170204,18.790681668113226,0.07123576243607625,19.423673842939067,200,0.027472788468003273,False
traffic_source_campaign_name_506,target_business_001,87,60,14,0.152235587282685,0.0919170850547159,21.522740134558692,0.21824617178820918,70.23586485420171,0.19515110923603662,54.61345407103353,200,0.01445086020976305,False
traffic_source_campaign_name_507,target_business_001,95,66,15,0.2650338815077312,0.08658236879234914,25.43607357801046,0.05144504272197992,14.052697144961957,0.06505566887559096,17.594824490536134,200,0.010406209155917168,False
traffic_source_campaign_name_508,target_business_001,88,61,14,0.29747616710177005,0.21395752394937567,60.420561343566824,0.15364518272136188,38.69851470289812,0.1496775990637787,41.59494998699301,200,0.026453515514731407,False
traffic_source_campaign_name_509,target_business_001,94,65,15,0.2852018600214182,0.1098396639735547,35.10102611486675,0.09481378736306306,30.96150727687807,0.08589551115524756,27.48774348818755,200,0.013027655892074108,False
traffic_source_campaign_name_510,target_business_001,91,63,15,0.340360450651465,0.09793040943140807,26.834919825508948,0.11294247667043224,24.501331934837445,0.12246877752040808,25.261264115891173,200,0.0096148531883955,False
traffic_source_campaign_name_511,target_business_001,66,46,11,0.25771645842816676,0.1894748206471857,55.021268445862646,0.17679261625074427,39.132438687719514,0.17679261625074427,39.132438687719514,200,0.008719504810869694,False
traffic_source_campaign_name_512,target_business_001,59,41,10,0.17499743462655717,0.10186870385279101,30.8900178351438,0.0886695611423967,28.118262803689888,0.13048541904436228,36.36608553443176,200,0.01332622766494751,False
traffic_source_campaign_name_513,target_business_001,41,28,7,0.24815431975636384,0.16146409291757546,19.79540757941205,0.3499217947291611,37.61240745520579,0.3499217947291611,37.61240745520579,200,0.0051705120131373405,False
traffic_source_campaign_name_515,target_business_001,183,128,28,0.21979459264542517,0.10287755209687259,29.871193440596695,0.09485672688346025,24.26880314961707,0.10020965913460281,25.23710651677833,200,0.010307813994586468,False
traffic_source_campaign_name_520,target_business_001,56,39,9,0.39814489548693077,0.11617749336050831,15.776553068672932,,,,,200,0.006553672719746828,False
traffic_source_campaign_name_521,target_business_001,32,22,6,0.2999977593835581,0.5287647884927036,93.58143543111123,0.32080565413898743,37.59019015461168,0.32080565413898743,37.59019015461168,200,0.1472119688987732,False
traffic_source_campaign_name_522,target_business_001,30,21,5,0.4057563930892508,0.5859690051897389,80.86989122193519,,,,,200,0.042053140699863434,False
traffic_source_campaign_name_523,target_business_001,74,51,12,0.19054796990900655,0.32257150830768827,48.60802202611288,0.2578147703754731,29.65201564267736,0.2578147703754731,29.65201564267736,200,0.09889888018369675,False
traffic_source_campaign_name_529,target_business_001,120,84,18,0.2992349726510375,0.2314475266920827,69.95375097946082,0.12916313857510192,30.93342826920258,0.18985479992513904,49.548558689977604,200,0.06977479159832001,False
traffic_source_campaign_name_530,target_business_001,166,116,26,0.31355928993568355,0.06774602473080132,17.62272151228904,0.11231992689688623,26.38957789768581,0.1111368910509985,25.193885505312323,200,0.006112338975071907,False
traffic_source_campaign_name_531,target_business_001,199,139,31,0.18388593379577328,0.04373502148944959,25.682946659651556,0.07485605635198021,40.875576427360585,0.06721040176986616,35.57308762586945,200,0.013869252987205982,False
traffic_source_campaign_name_534,target_business_001,31,21,6,0.3286128182031596,1.0597255876341989,190.63458110500835,0.5047100213053013,55.27766397059531,0.5047100213053013,55.27766397059531,200,0.07020232826471329,False
traffic_source_campaign_name_541,target_business_001,79,55,13,0.1523152991803154,0.15164642750347812,100.1541757600723,0.16614967747509357,167.64191358719756,0.17541015061877968,173.05628220331593,200,0.013561727479100227,False
traffic_source_campaign_name_545,target_business_001,283,198,43,0.1903207238084088,0.05352588032274501,34.28731284615406,0.07408509818895624,38.35795111533661,0.08008663297987681,37.921195378650395,200,0.008782568387687206,False
traffic_source_campaign_name_546,target_business_001,185,129,29,0.1763005872840633,0.08578172633104633,47.81459749211028,0.09975245341954932,57.656811122320285,0.10416003260474248,57.8451061785795,200,0.005087002646178007,False
traffic_source_campaign_name_549,target_business_001,163,114,25,0.20529325173350774,0.08513933507633246,23.011288271276182,0.19372601571086737,55.43482847116654,0.16645925605045367,48.08258718896474,200,0.013255227357149124,False
traffic_source_campaign_name_552,target_business_004,432,302,66,0.21634895300668977,0.06439399220949373,18.429919642108995,0.08097903426614342,22.010848269086676,0.10925669101470424,27.561724741502886,200,0.010949157178401947,False
traffic_source_campaign_name_553,target_business_004,91,63,15,0.4336249942782937,0.13283080530219224,21.314859148646185,0.08559292301889278,13.444492174901388,0.08888232552257845,13.692444420291563,200,0.013713382184505463,False
traffic_source_campaign_name_555,target_business_004,363,254,55,0.2565801586683501,0.05880710729670088,20.18626508640933,0.05659956470730561,19.064223213894135,0.0543137702260675,18.007644846591493,200,0.004462119657546282,False
traffic_source_campaign_name_557,target_business_002,250,175,38,0.20155147943512938,0.052339931053144606,42.44622629500831,0.07806584547960077,53.15605996458316,0.07944503242303906,56.519319723509334,200,0.013311045244336128,False
traffic_source_campaign_name_558,target_business_002,102,71,16,0.15267470073006095,0.06639118257921256,29.8150235725129,0.10929846297493359,42.354156688008075,0.10991251628856673,40.28456599264415,200,0.01215517707169056,False
traffic_source_campaign_name_561,target_business_002,128,89,20,0.18587248895842645,0.07790848416313202,52.47122525121603,0.09830446625318422,54.46136514652644,0.07537444069037477,39.18209803714266,200,0.011693661101162434,False
traffic_source_campaign_name_562,target_business_002,153,107,24,0.219562224672126,0.09895890566034661,48.47164027850474,0.13846619802279286,56.62706911959449,0.12495605719975753,50.66769697654654,200,0.013398781418800354,False
traffic_source_campaign_name_566,target_business_002,118,82,19,0.37022522219355614,0.5426187158220076,623.0798956965822,0.04606219608224139,24.879905385825012,0.05173122098128553,31.668812246747834,200,0.019075531512498856,False
traffic_source_campaign_name_568,target_business_002,319,223,49,0.19675511949138716,0.11119792558685165,67.72761833060828,0.09111384894946695,40.88619476982458,0.09616028354046639,46.24969903636224,200,0.006662809289991856,False
traffic_source_campaign_name_570,target_business_002,311,217,48,0.15673719098156932,0.10796324850646054,47.397476082359084,0.08535076884400807,47.98359081895044,0.08384888640857592,48.99987414039242,200,0.004425396211445332,False
traffic_source_campaign_name_571,target_business_002,322,225,49,0.26668503738422056,0.052773755495690904,24.792012697953666,0.12059307672579211,58.42273274418701,0.10730311021871218,54.634911067767476,200,0.010794444009661674,False
traffic_source_campaign_name_572,target_business_002,249,174,38,0.4195692490915637,0.07574896827136256,20.734388937163004,0.15790802376701954,39.16589582532672,0.17262268756062027,43.16288407542094,200,0.011522832326591015,False
traffic_source_campaign_name_574,target_business_002,360,251,55,0.1147253392893748,0.09393924403693635,68.81347772975406,0.09289045368577502,65.85754444565582,0.09286650988352457,69.98623353811537,200,0.0076723466627299786,False
traffic_source_campaign_name_576,target_business_002,128,89,20,0.2665377378210621,0.42785249962159544,74.261294689279,0.08961780896974875,19.90244112920429,0.12696206800833476,24.177793755620463,200,0.036461349576711655,False
traffic_source_campaign_name_582,target_business_001,142,99,22,0.21129411848249394,0.4971814524466609,348.23651951094064,0.060772116017471435,36.582594471842626,0.0533989393414878,29.805042840794048,200,0.012273717671632767,False
traffic_source_campaign_name_583,target_business_001,509,356,77,0.24512354982359874,0.0538259042394332,32.634676750381,0.0682883118939364,30.289190767136105,0.07017603999647544,33.296200420251,200,0.0065394314005970955,False
traffic_source_campaign_name_587,target_business_001,73,51,12,0.23007617241430595,0.051232661111200985,117.16159892711771,0.08129427467604272,76.13086975992093,0.08129427467604272,76.13086975992093,200,0.010956213809549809,False
traffic_source_campaign_name_598,target_business_001,56,39,9,0.1263765609704357,0.10360604287754842,257.2035190418182,0.018380572168601596,51.05509134683478,0.018380572168601596,51.05509134683478,200,0.015168879181146622,False
traffic_source_campaign_name_601,target_business_001,107,74,17,0.16450072106724548,0.0691982418750042,45.58019989662715,0.09077787248245761,44.19117994509486,0.09634705564535806,41.235595011151325,200,0.023930460214614868,False
traffic_source_campaign_name_603,target_business_001,38,26,7,0.26417899986203564,0.3319133594056769,105.56280273331294,0.1996784174662773,48.31278823979568,0.1996784174662773,48.31278823979568,200,0.08844180405139923,False
traffic_source_campaign_name_604,target_business_001,32,22,6,0.3126602599410539,0.45269315545630195,157.2289376679493,0.13524881671504413,36.57162049885982,0.13524881671504413,36.57162049885982,200,0.013296443037688732,False
traffic_source_campaign_name_605,target_business_001,98,68,16,0.3461867910402179,0.09985318626816336,21.991003375717526,0.1718124984072266,41.00253868247138,0.15094560335201826,36.99889973943652,200,0.00553702050819993,False
traffic_source_campaign_name_606,target_business_001,507,354,77,0.18224203446189446,0.045098586717043025,19.828519459431664,0.06295272194199286,28.439499777915668,0.06296487699265116,28.955911911999078,200,0.007011950947344303,False
traffic_source_campaign_name_617,target_business_005,193,135,30,0.21681099064075318,0.06801193728587171,32.08520745728612,0.07478775763235221,33.86329968698561,0.09305906446807682,40.541058729743995,200,0.005497668404132128,False
traffic_source_campaign_name_621,target_business_001,30,21,5,0.4252918789059565,1.077701090242443,489.45006643806107,,,,,200,0.03301725536584854,False
traffic_source_campaign_name_625,target_business_001,74,51,12,0.25870012396088765,0.08725938346736044,23.811850104769736,0.05332526507187707,15.626325903387494,0.05332526507187707,15.626325903387494,200,0.004151714500039816,False
traffic_source_campaign_name_640,target_business_001,82,57,13,0.26814843338657496,1.2995603538687643,406.82357727733336,0.30826089216335967,105.88095985652015,0.28446955521771333,95.21564561368582,200,0.025522932410240173,False
traffic_source_campaign_name_641,target_business_001,106,74,17,0.4922606324088495,0.3356172087529068,136.83560819161877,0.08903022339623612,33.02087957439156,0.10892279050531928,36.52468886913653,200,0.018600787967443466,False
traffic_source_campaign_name_647,target_business_001,33,23,6,0.259245506450538,0.08423745406438987,17.89960211579683,0.2583748150141263,44.94500351041424,0.2583748150141263,44.94500351041424,200,0.008487874642014503,False
traffic_source_campaign_name_649,target_business_001,40,28,6,0.21524567391044433,0.21250995479393664,182.3684825347045,0.0729967575547217,41.77488905371936,0.0729967575547217,41.77488905371936,200,0.012612059712409973,False
traffic_source_campaign_name_664,target_business_002,97,67,16,0.19793615908290527,0.07061940329279713,33.37620741150704,0.052402345705830244,27.325771399809405,0.049781877201090764,26.811822115359824,200,0.01419210247695446,False
traffic_source_campaign_name_665,target_business_002,526,368,80,0.14465251468273654,0.028016650290062853,20.327553468961916,0.038462541370151045,23.299353362180636,0.038046101017240326,23.05983108373915,200,0.00399052444845438,False
traffic_source_campaign_name_669,target_business_002,117,81,19,0.334009097357598,0.07379540404493369,26.16960345172859,0.09104673065695372,33.50406309683531,0.08003422382471526,29.031128647058445,200,0.007241291459649801,False
traffic_source_campaign_name_670,target_business_002,66,46,11,0.10120567250035208,0.17536053291262377,262.0787602033197,0.009338432750296454,12.39490691318403,0.009338432750296454,12.39490691318403,200,0.0009487533825449646,False
traffic_source_campaign_name_705,target_business_002,34,23,6,0.4242703196112146,0.45577043267189066,83.37155779948418,0.13490735129846904,28.386832887823775,0.13490735129846904,28.386832887823775,200,0.025506284087896347,False
traffic_source_campaign_name_721,target_business_002,31,21,6,0.2553107622664074,0.9074328778866745,283.0481068577837,0.09219508115341449,28.706951130186475,0.12431219904434192,42.228482343415436,200,0.028651559725403786,False
traffic_source_campaign_name_745,target_business_002,92,64,15,0.15253033621843679,0.1250104187417344,85.5560700660227,0.09332848823559932,259.3411373316188,0.08709867526083631,255.16610569711506,200,0.016222091391682625,False
traffic_source_campaign_name_751,target_business_005,89,62,14,0.32883812380081817,0.14101772679637314,31.248210875196587,0.2577437220689197,41.76589951999515,0.25852569606672027,39.630137045766226,200,0.014563397504389286,False
traffic_source_campaign_name_753,target_business_005,36,25,6,0.44872045823200385,0.18381198525446982,35.12500258490563,0.1389684540177208,28.41663412729404,0.1389684540177208,28.41663412729404,200,0.03712554648518562,False
traffic_source_campaign_name_791,target_business_004,74,51,12,0.11525927778787896,0.23722778612678685,173.88186500167785,0.1988419477973796,139.1309637195078,0.1988419477973796,139.1309637195078,200,0.018885066732764244,False
traffic_source_campaign_name_793,target_business_004,248,173,38,0.26194345223681853,0.05921436501224161,22.235458063467703,0.12197097033672993,43.15724806335454,0.12005090053191356,43.846444153878615,200,0.006290921475738287,False
traffic_source_campaign_name_796,target_business_002,123,86,19,0.18126310497016196,0.11152417409204024,51.15597025378307,0.11955063153603254,48.04300498820527,0.13457623239910615,54.68951545999057,200,0.02206159196794033,False
traffic_source_campaign_name_797,target_business_002,69,48,11,0.21161002951568028,0.1471970032495443,71.15953312286585,0.25981831214161055,114.27942205704464,0.27141792362669326,116.21365510213761,200,0.01984245888888836,False
traffic_source_campaign_name_800,target_business_002,117,81,19,0.21506288538985335,0.3965942887712064,120.88521710146034,0.3145653848359316,89.24849990318197,0.29810367780500246,91.58147943579387,200,0.013696152716875076,False
traffic_source_campaign_name_801,target_business_002,30,21,5,0.31498200666608445,1.1278507388954484,550.9162143463994,0.09932538642913284,37.604601692316216,0.09932538642913284,37.604601692316216,200,0.02000458538532257,False
traffic_source_campaign_name_802,target_business_002,88,61,14,0.2615828069379964,0.058418593105293994,25.101303047154143,0.08463258023519749,34.198495659390396,0.08277287736765285,33.513691604968955,200,0.04606584459543228,False
traffic_source_campaign_name_803,target_business_002,93,65,15,0.3119622686668238,0.10652113993743495,37.90005244928968,0.17333697688275057,44.35275873197067,0.18719816254884344,52.38801566430645,200,0.0185674037784338,False
traffic_source_campaign_name_805,target_business_002,66,46,11,0.5375627930379995,0.19608449395287683,41.703225918316825,0.14842009842009843,42.49957989822202,0.14842009842009843,42.49957989822202,200,0.02134035713970661,False
traffic_source_campaign_name_815,target_business_002,40,28,6,0.4784694470296261,0.68271607436717,104.05705501061264,0.2736563517915309,35.39229919175055,0.2736563517915309,35.39229919175055,200,0.12009327113628387,False
traffic_source_campaign_name_823,target_business_002,31,21,6,0.28716572186170064,0.5024567103307828,172.50269119596481,0.2366243910633294,46.53919220285785,0.2366243910633294,46.53919220285785,200,0.06483961641788483,False
traffic_source_campaign_name_826,target_business_002,81,56,13,0.44577337876448325,0.23986429867697873,74.7664329292682,0.22205677183945058,62.70489738376372,0.2161184445875367,60.34526696443181,200,0.041715651750564575,False
traffic_source_campaign_name_827,target_business_002,65,45,11,0.39033764153074685,0.3118533806218013,156.5828203954063,0.19245443935721335,97.30170233169353,0.19203221788311337,97.05623651749728,200,0.047763291746377945,False
traffic_source_campaign_name_832,target_business_002,31,21,6,0.3793466558844772,0.30938197051103306,48.576496152543115,0.1387757554945056,18.505340522718697,0.1387757554945056,18.505340522718697,200,0.044071171432733536,False
traffic_source_campaign_name_837,target_business_006,85,59,14,0.2715310583358983,0.07731275235600094,41.17027578286279,0.09057666160486796,40.726926593881025,0.11467927397163472,49.81759157120915,200,0.02958058752119541,False
traffic_source_campaign_name_838,target_business_006,129,90,20,0.21267385435671632,0.08853664291633592,37.628229653289495,0.10405960113294026,53.49543518396628,0.11892656354210482,68.54164589853535,200,0.008691604249179363,False
traffic_source_campaign_name_840,target_business_002,108,75,17,0.47499304545398036,0.16507381998231235,39.655080975327486,0.07379125282204191,17.91868765138493,0.06627615295866585,16.475028749646718,200,0.04687469080090523,False
traffic_source_campaign_name_842,target_business_002,103,72,16,0.3049081495697549,0.11152869119449386,56.95812415140955,0.10787272555986223,67.94483472993372,0.10183485443326774,62.61418903771157,200,0.008217412047088146,False
traffic_source_campaign_name_844,target_business_005,34,23,6,0.3542791545236842,0.17408528654411745,77.14491227951558,0.1082035994258585,53.37690631808283,0.1082035994258585,53.37690631808283,200,0.024190595373511314,False
traffic_source_campaign_name_855,target_business_002,206,144,32,0.3773481194178848,0.13845696479819064,33.819826087993334,0.15911599581311262,45.28192023360399,0.16304969889754364,45.15649707514171,200,0.01907440274953842,False
traffic_source_campaign_name_859,target_business_002,342,239,52,0.12774361845308768,0.06834331918064897,37.724732698219526,0.09455812832893497,53.31773145579576,0.0828704975458572,48.075351047227485,200,0.007293861825019121,False
traffic_source_campaign_name_860,target_business_002,186,130,29,0.13162596673641627,0.03982165686671423,27.365470832387693,0.02711999386890483,20.06210233400225,0.025698245357606106,19.662568229017058,200,0.00903246458619833,False
traffic_source_campaign_name_865,target_business_002,77,53,13,0.37697544768059243,0.07044082965615021,15.527240362990796,0.03956157723412139,8.995896292809022,0.04052863312736911,9.234684028867118,200,0.0070376270450651646,False
traffic_source_campaign_name_869,target_business_002,30,21,5,0.546671151067284,0.48551734335750374,58.691492926851254,,,,,200,0.02869461476802826,False
traffic_source_campaign_name_870,target_business_002,40,28,6,0.3145774623047049,0.34853369098903125,70.04709615449623,0.3028492100218153,46.120082148753674,0.3028492100218153,46.120082148753674,200,0.03828369453549385,False
traffic_source_campaign_name_874,target_business_002,173,121,27,0.41365871325713127,0.11595676551785389,30.22534978234848,0.20067251461988306,55.27976448512691,0.1841466165413534,51.377114421335705,200,0.02359641343355179,False
traffic_source_campaign_name_875,target_business_002,31,21,6,0.49261495448955767,0.08224641971288799,9.260419013340647,0.019329668380918652,2.1955886796253457,0.019329668380918652,2.1955886796253457,200,0.01073309127241373,False
traffic_source_campaign_name_880,target_business_002,31,21,6,0.49680857205312984,0.2625314986191809,36.62072822016768,0.5498613308832287,54.98613308832287,0.5498613308832287,54.98613308832287,200,0.007637808099389076,False
traffic_source_campaign_name_881,target_business_006,390,273,59,0.10359699657817506,0.029325836544619094,22.233352252018395,0.04551115631565906,28.471251496895523,0.0451661218541674,26.73408666946042,200,0.004351431038230658,False
traffic_source_campaign_name_888,target_business_002,41,28,7,0.3823054661535462,0.12058670052014618,42.968276924657076,0.15366813956432637,64.50176198544972,0.15366813956432637,64.50176198544972,200,0.016786037012934685,False
traffic_source_campaign_name_889,target_business_002,106,74,17,0.29090053477698075,0.20794487337865408,34.72850068444298,0.17561267073269005,40.17126169993153,0.19085806325938234,45.456701594470964,200,0.01600179262459278,False
traffic_source_campaign_name_897,target_business_002,258,180,40,0.36546067452794445,0.09601757886063732,34.73960090762307,0.14886072906861003,48.6288040560322,0.1484588804385913,51.39825959115094,200,0.009348280727863312,False
traffic_source_campaign_name_898,target_business_001,33,23,6,0.2693819071836011,1.008058064792513,439.31161819704505,0.12078371436455887,42.61533852606354,0.12078371436455887,42.61533852606354,200,0.10858874022960663,False
traffic_source_campaign_name_909,target_business_002,235,164,36,0.16867324978443607,0.10310132172987356,45.95994691176723,0.15370350077465905,67.04353490667009,0.12237125268456121,56.00548374557792,200,0.006383775267750025,False
traffic_source_campaign_name_919,target_business_002,117,81,19,0.2268343112463743,0.08189794499431824,36.98809659656791,0.08950440482042707,39.657170904102266,0.10672901231378704,49.03604152119022,200,0.009407082572579384,False
traffic_source_campaign_name_920,target_business_002,83,58,13,0.36814884367543155,0.2629834740375023,36.28257621608954,0.19451010819995465,24.598150646266863,0.19637734190398784,24.796270540462075,200,0.023526404052972794,False
traffic_source_campaign_name_923,target_business_002,128,89,20,0.18144555069404153,0.151138085406012,74.46099604512577,0.20930927506617766,94.60411789547145,0.23051631902676925,104.38252358525708,200,0.009208503179252148,False
traffic_source_campaign_name_925,target_business_002,129,90,20,0.18227331589126,0.06441661177103265,37.56692966456773,0.10009373214434754,39.43866676143136,0.10485285108053356,43.557735695825436,200,0.00764499744400382,False
traffic_source_campaign_name_927,target_business_002,113,79,18,0.22123044629795113,0.07683215845325467,24.175658273270265,0.08637275489071214,28.406927111514747,0.07417593213979028,23.58040789678056,200,0.013029428198933601,False
traffic_source_campaign_name_941,target_business_002,73,51,12,0.31835995891655927,0.3463994634810509,89.72550590423504,0.2367438638163104,48.47656079556798,0.23515290973871739,48.12455760728404,200,0.013846523128449917,False
traffic_source_campaign_name_943,target_business_002,73,51,12,0.5610931577583398,0.09926901753390854,13.241572094101487,0.08117167512815959,12.778423281175929,0.08117167512815959,12.778423281175929,200,0.040565211325883865,False
traffic_source_campaign_name_954,target_business_005,72,50,12,0.5329101745654636,0.41235549330934085,59.4162302643502,0.1884710426538682,30.72563796800094,0.1884710426538682,30.72563796800094,200,0.03055773861706257,False
traffic_source_campaign_name_956,target_business_002,31,21,6,0.49524563262109383,0.1911578523722254,28.980268250754698,0.0023014759302938947,0.3493525595502612,0.0023014759302938947,0.3493525595502612,200,0.024401525035500526,False
traffic_source_campaign_name_957,target_business_002,180,125,28,0.2873213934071365,0.02396949237372021,9.779889616689314,0.057570016190805366,24.23539133822487,0.06793439306341306,27.160306773908026,200,0.006563481874763966,False
traffic_source_campaign_name_971,target_business_002,32,22,6,0.5342797475072184,0.21457882785305674,30.747957015497335,0.29852436112374653,42.12682658399456,0.29852436112374653,42.12682658399456,200,0.10663492977619171,False
traffic_source_campaign_name_977,target_business_002,30,21,5,0.4649223238018203,0.1589717377475004,21.002195265192654,,,,,200,0.01321243867278099,False
traffic_source_campaign_name_980,target_business_005,95,66,15,0.39596645159616944,0.22522212113005308,105.4298717642719,0.037934675855276975,14.85034120909907,0.033159561479993736,12.796753355627954,200,0.04714474827051163,False
traffic_source_campaign_name_981,target_business_005,480,336,72,0.38657802872165553,0.025341323260330277,6.348238566694622,0.04153216346198625,10.358836270455441,0.04477589271905404,11.119728982410303,200,0.0030142792966216803,False
traffic_source_campaign_name_982,target_business_005,145,101,23,0.4531770396885332,0.24616426373047684,61.217431062865735,0.04338663993536896,11.103399408732667,0.04074011221139249,10.521058918654347,200,0.012317695654928684,False
traffic_source_campaign_name_984,target_business_005,100,70,15,0.6239878030413082,0.2973465626318829,56.32683011230635,0.018898530082561153,4.523466757354032,0.02536092960745439,6.116324958748068,200,0.030008595436811447,False
traffic_source_campaign_name_985,target_business_005,96,67,15,0.5650949800677186,0.05902681362533974,11.288693874073397,0.10804202249824979,19.56720141272621,0.10114053564722796,18.53777629534115,200,0.01393493264913559,False
