Campaign,Business,Total_Days,Train_Days,Test_Days,Avg_CPL,Test_MAE,Test_MAPE,SMA3_MAE,SMA3_MAPE,SMA7_MAE,SMA7_MAPE,Epochs_Trained,Final_Loss,Converged_Early
traffic_source_campaign_name_004,target_business_002,202,141,31,0.20179331432470798,0.16475798733294422,67.8479262843333,0.21179843517709634,73.67739049894557,0.19771241477896812,62.274299918753876,50,0.02639867551624775,True
traffic_source_campaign_name_015,target_business_002,30,21,5,0.3790162538297761,0.5140450458100214,165.3092432080623,,,,,50,0.3241325914859772,True
traffic_source_campaign_name_016,target_business_002,152,106,24,0.22923808142110044,0.19013441546994356,57.423634576506,0.18210913966253797,49.849204245573695,0.17112071339252596,46.63133809238487,50,0.026644114404916763,True
traffic_source_campaign_name_023,target_business_002,39,27,7,0.5880672781933286,0.7562074457427646,142.7225882149626,0.2792116846738696,55.68582000858461,0.28093800020008003,57.588596539848695,50,0.3929295539855957,True
traffic_source_campaign_name_025,target_business_002,76,53,12,0.2465011851667905,0.3942382494674364,118.14387247039346,0.1434182749762063,36.9468035074558,0.1313066217985874,32.44063005165175,50,0.08279973268508911,True
traffic_source_campaign_name_037,target_business_002,30,21,5,0.2641734276037032,0.2169172238119092,128.1102281665899,0.09018968583283934,39.97635312664214,0.09018968583283934,39.97635312664214,50,0.22262348234653473,True
traffic_source_campaign_name_040,target_business_001,130,91,20,0.3712643452761695,0.13711188831456741,65.04436515770777,0.08424815083153389,34.24717352120422,0.08781388954000455,32.154717116309016,50,0.015282368287444115,True
traffic_source_campaign_name_041,target_business_001,53,37,9,0.14465728296450123,0.24130258646612457,112.4526918231554,,,,,50,0.28832539916038513,True
traffic_source_campaign_name_044,target_business_001,53,37,9,0.2741870994097755,0.19046275159688483,127.83369548294856,,,,,50,0.3483129143714905,True
traffic_source_campaign_name_052,target_business_001,40,28,6,0.46233162560808383,0.28188574316905113,38.35654756753246,0.4513262510857219,105.64591804817016,0.4513262510857219,105.64591804817016,50,0.2883196473121643,True
traffic_source_campaign_name_058,target_business_001,31,21,6,0.19041611785142581,0.43568108789575544,339.1602235605883,0.10366472229267058,129.86497220015903,0.10366472229267058,129.86497220015903,50,0.05227025970816612,True
traffic_source_campaign_name_059,target_business_001,42,29,7,0.3777215768875275,1.6318307412117132,968.3145610092524,0.4574027926960259,198.94952271583583,0.4574027926960259,198.94952271583583,50,0.41912177205085754,True
traffic_source_campaign_name_060,target_business_001,33,23,6,0.3037949889351343,0.5495829742077568,111.19142364266612,0.46806374701970144,156.58677672369072,0.46806374701970144,156.58677672369072,50,0.1882409006357193,True
traffic_source_campaign_name_061,target_business_001,30,21,5,0.4261929308901828,0.5081670875328061,139.73341617722213,,,,,50,0.2562035918235779,True
traffic_source_campaign_name_066,target_business_001,39,27,7,0.4154496838081296,0.5875549026103427,85.04104453466984,0.3778623116574147,38.71488224580102,0.3778623116574147,38.71488224580102,50,0.19620484113693237,True
traffic_source_campaign_name_075,target_business_003,56,39,9,0.25023798861550295,0.08447283592148044,37.65584281098506,0.07488175851460246,32.50366268452146,0.07154049495861366,31.50893797358179,50,0.023352166637778282,True
traffic_source_campaign_name_096,target_business_003,65,45,11,0.15144852784296167,0.11620699072122696,168.2094533278574,0.070776893629332,106.76670290157213,0.06894103996402205,105.63171196610905,50,0.0274610947817564,True
traffic_source_campaign_name_1002,target_business_005,51,35,9,0.29793228094718943,0.8021479888474979,156.09513492716297,,,,,50,0.476415753364563,True
traffic_source_campaign_name_1004,target_business_005,30,21,5,0.6539341497541632,1.1124977589078493,152.70151775449477,,,,,50,0.8487762212753296,True
traffic_source_campaign_name_101,target_business_004,79,55,13,0.3926122060353049,0.4367260458444516,118.22817147452724,0.3883267115736259,77.85679790201283,0.36429860326807934,69.28673803852396,50,0.08879914879798889,True
traffic_source_campaign_name_1010,target_business_005,65,45,11,0.2927688664700683,0.39124631618799405,196.26396784809293,0.12386396249323274,103.97591619314656,0.12386396249323274,103.97591619314656,50,0.16349484026432037,True
traffic_source_campaign_name_1011,target_business_005,42,29,7,0.1527868601953332,0.29297551954755874,242.45949341832863,0.051455798683839156,25.237533225737387,0.051455798683839156,25.237533225737387,50,0.025180095806717873,True
traffic_source_campaign_name_1032,target_business_005,109,76,17,0.5450646853541988,2.1184070160060964,236.04762487149014,0.06497151825870856,6.98895821334487,0.06483238495247375,6.90788568918983,50,0.09285281598567963,True
traffic_source_campaign_name_1033,target_business_005,83,58,13,0.44218518556893527,0.2791651404357803,46.17765061561001,0.2114776757256486,41.12169135907362,0.22544416945078732,45.608266918839995,50,0.14528340101242065,True
traffic_source_campaign_name_1034,target_business_005,50,35,8,0.47664878415435114,0.36805164472723023,81.05922339100316,,,,,50,0.43893134593963623,True
traffic_source_campaign_name_106,target_business_004,172,120,27,0.20322461007110695,0.30258196876246723,94.73775697291786,0.17906486624172277,98.22293365802302,0.14110176255887333,81.91382451511006,50,0.04715755581855774,True
traffic_source_campaign_name_1061,target_business_002,33,23,6,0.2091547652746998,4.300157683909057,3186.1612812531325,0.011393774797903822,8.783120706575161,0.011393774797903822,8.783120706575161,50,0.21032460033893585,True
traffic_source_campaign_name_1064,target_business_004,103,72,16,0.04367038264778654,0.17927208619701732,274.7869392541009,0.02220497124656661,27.00370840906592,0.02014946206050877,23.02696460272567,50,0.03866098076105118,True
traffic_source_campaign_name_1067,target_business_004,31,21,6,0.698166054912829,0.16774025559425354,22.598102357652454,0.1875,25.0,0.1875,25.0,50,0.9235796332359314,True
traffic_source_campaign_name_107,target_business_004,107,74,17,0.26609580881660067,0.8501823850175598,232.39111139190297,0.1454605174026292,35.56412744911511,0.1364603409508076,33.64294606495091,50,0.0899670273065567,True
traffic_source_campaign_name_1070,target_business_004,137,95,22,0.379248510449992,0.20727368853180977,54.631066439598385,0.044306028157099824,11.765947545504558,0.045623969345340305,12.252143267304142,50,0.06601999700069427,True
traffic_source_campaign_name_1071,target_business_004,39,27,7,0.17777315551956965,3.4142694277090233,1432.1845784750167,0.08979910326999095,48.07724688411375,0.08979910326999095,48.07724688411375,50,0.6870272159576416,True
traffic_source_campaign_name_1087,target_business_004,69,48,11,0.3355181628240531,3.833730546274839,791.5934337541647,0.07755826119246198,15.378483561014814,0.0786254852814691,15.313793826149706,50,0.35968247056007385,True
traffic_source_campaign_name_1089,target_business_004,58,40,10,0.3695451436804233,1.288532288242122,191.2656905852889,0.040750600448295815,6.618876295432549,0.04544142058488325,7.135371080716252,50,0.039533212780952454,True
traffic_source_campaign_name_1091,target_business_002,66,46,11,0.2912379445059799,0.2971048908878976,47.94900386633108,0.17657123124254415,22.57136411790893,0.17657123124254415,22.57136411790893,50,0.06314677000045776,True
traffic_source_campaign_name_1092,target_business_002,81,56,13,0.2910466154170142,0.4913764153456377,93.93620466723519,0.23467478894858018,48.40917125243498,0.2475697109235098,50.89744719961503,50,0.20738795399665833,True
traffic_source_campaign_name_1093,target_business_002,71,49,12,0.3523790375701203,3.901690757035335,1220.8853883902443,0.16154860709000832,57.5845524349479,0.16154860709000832,57.5845524349479,50,0.5546984076499939,True
traffic_source_campaign_name_1094,target_business_002,37,25,7,0.3941319330402507,1.1673842976716005,193.47547216664552,0.23558601134215498,50.44559888528654,0.23558601134215498,50.44559888528654,50,0.2999500334262848,True
traffic_source_campaign_name_1095,target_business_002,137,95,22,0.21162541993110529,0.14974953706589736,51.3439625086746,0.1771620800900788,62.627715766132106,0.1622892376449207,59.66296415746191,50,0.014330475591123104,True
traffic_source_campaign_name_1096,target_business_002,36,25,6,0.17824010723073117,0.3607930611164172,249.21625833350575,0.1469707036613781,54.85542347942538,0.1469707036613781,54.85542347942538,50,0.4142070710659027,True
traffic_source_campaign_name_1097,target_business_002,109,76,17,0.24777959439623673,0.2982493831776623,122.15356361945828,0.3676578594294679,132.94047512414645,0.3346324181265714,130.32169318009926,50,0.03485102951526642,True
traffic_source_campaign_name_1098,target_business_002,125,87,20,0.2265617598594065,0.23013447197626505,94.31570403906514,0.18373685817737648,84.50814339243941,0.19309438434231616,86.64621083295377,50,0.07176829874515533,True
traffic_source_campaign_name_1099,target_business_002,176,123,27,0.23034343825310105,0.14056971014330108,75.43716644705317,0.12206839912295103,60.45563699256339,0.12218729989851135,58.662234850880125,50,0.04319271817803383,True
traffic_source_campaign_name_1100,target_business_001,30,21,5,0.49074826831935836,0.208621364681265,74.66878271558647,0.06352533722201964,22.534866544648658,0.06352533722201964,22.534866544648658,50,0.06540221720933914,True
traffic_source_campaign_name_1101,target_business_001,36,25,6,0.21836701252854923,0.15394983421718342,98.89239265435764,0.1278809864057749,55.992299053425356,0.1278809864057749,55.992299053425356,50,0.06978286057710648,True
traffic_source_campaign_name_1103,target_business_001,62,43,10,0.33820464909039455,0.3158343800442249,80.44416646988022,0.057902802484794645,15.925831346849442,0.057902802484794645,15.925831346849442,50,0.12606802582740784,True
traffic_source_campaign_name_1105,target_business_001,53,37,9,0.4308348397046755,0.5227563215724778,99.66007655000645,0.10572769192819839,23.45266489788583,0.1125535077693137,25.042320790536866,50,0.21913807094097137,True
traffic_source_campaign_name_1111,target_business_004,81,56,13,0.27167064280340364,0.14250835970874262,40.55668907198955,0.08684475785559277,24.51800786788862,0.08219765195769302,22.87144041548069,50,0.049122877418994904,True
traffic_source_campaign_name_1125,target_business_002,35,24,6,0.5014627373410724,0.36844396228427917,76.40199643482781,0.3152844555415696,88.965878653779,0.3152844555415696,88.965878653779,50,0.1825476884841919,True
traffic_source_campaign_name_113,target_business_002,321,224,49,0.10275630018322492,0.05921511997510327,43.39803487053452,0.05898740012449381,33.95598959108702,0.051900700769860066,28.008009385177914,50,0.0075743310153484344,True
traffic_source_campaign_name_1134,target_business_003,48,33,8,0.32310526428725866,1.107945180055116,446.53949367493954,,,,,50,1.1623834371566772,True
traffic_source_campaign_name_114,target_business_002,151,105,24,0.5191315394670876,0.11280789137037786,20.251179047599134,0.13319216114930285,25.134610018585253,0.15095159533180028,27.979796313607153,50,0.02663469687104225,True
traffic_source_campaign_name_1141,target_business_002,100,70,15,0.27706528282264636,0.12308771393844266,26.54550204220218,0.11106075150483041,22.500170410876915,0.0999777638094524,19.974285968325347,50,0.0754697173833847,True
traffic_source_campaign_name_1142,target_business_002,42,29,7,0.41641203001910493,0.46246489668043544,72.28582880638955,0.29317850318507954,34.18693015462257,0.3262961828866455,37.498698124779175,50,0.43165814876556396,True
traffic_source_campaign_name_1150,target_business_005,30,21,5,0.36188777184703785,0.16805909179272527,106.43022996577255,,,,,50,0.4341672360897064,True
traffic_source_campaign_name_1151,target_business_005,30,21,5,0.5586977846874294,0.19403227797706712,26.10938346053451,,,,,50,0.25905436277389526,True
traffic_source_campaign_name_116,target_business_002,102,71,16,0.24449504494899105,0.145345638188004,31.282992937518607,0.03269618423817414,7.507342967664302,0.052803074582788476,12.28420064594463,50,0.04977044835686684,True
traffic_source_campaign_name_1164,target_business_006,33,23,6,0.4795585090480561,0.9876051355173898,277.4905769975458,0.016620018329081387,4.537094636626747,0.016620018329081387,4.537094636626747,50,0.42601215839385986,True
traffic_source_campaign_name_1165,target_business_006,32,22,6,0.2832934958452313,1.1533239415806127,1031.7637531762118,0.060004167016697106,30.753651229803445,0.060004167016697106,30.753651229803445,50,0.6920387744903564,True
traffic_source_campaign_name_1174,target_business_002,116,81,18,0.171855809522244,0.533221367332552,541.4345336113867,0.0561797362253208,56.389255222956905,0.051614875773930126,52.74330617131242,50,0.08920956403017044,True
traffic_source_campaign_name_1180,target_business_002,157,109,25,0.36624554599897313,0.10010676181299706,21.71608051619798,0.115338111449424,24.642063310578173,0.10275965411286038,20.703559284997194,50,0.017517874017357826,True
traffic_source_campaign_name_1181,target_business_002,51,35,9,0.39325941326332736,0.4040793342000535,67.2742490594015,0.09732272523236163,15.124140794026564,0.1578262210302372,26.16064776202225,50,0.17000919580459595,True
traffic_source_campaign_name_1183,target_business_002,201,140,31,0.23485955780564324,0.6215599951451409,178.87437025748642,0.23477715462794216,87.28526753158071,0.20763308398730493,68.00527378447278,50,0.03412012383341789,True
traffic_source_campaign_name_1184,target_business_002,59,41,10,0.4432085491808979,0.854861043214044,230.76627786386172,0.17806419649291375,34.70768787079761,0.17806419649291375,34.70768787079761,50,0.7109625935554504,True
traffic_source_campaign_name_1187,target_business_002,254,177,39,0.15916955544744152,0.3276538541631383,642.0189338511301,0.041561865594863016,83.55328108611579,0.03867340221900499,81.74313686231855,50,0.011891117319464684,True
traffic_source_campaign_name_119,target_business_002,56,39,9,0.14503644466184765,0.15225867424537404,175.1487763075775,,,,,50,0.3298708200454712,True
traffic_source_campaign_name_1191,target_business_002,37,25,7,0.5030161280924251,0.3599449541822117,70.62887837522112,0.12195720098822843,22.924351313811776,0.12195720098822843,22.924351313811776,50,0.2104625701904297,True
traffic_source_campaign_name_1207,target_business_002,63,44,10,0.3203335935426177,0.15969651815312785,48.439326129537164,0.09177235459902641,27.47363374880154,0.09177235459902641,27.47363374880154,50,0.10322478413581848,True
traffic_source_campaign_name_1208,target_business_002,44,30,8,0.28018199048587583,0.20993204764730417,103.9240644104375,,,,,50,0.10150562971830368,True
traffic_source_campaign_name_1209,target_business_002,116,81,18,0.26688953715231045,0.1641283826072298,69.38937228020473,0.18029282466116703,78.59887144371591,0.1665343498640346,75.3797746398746,50,0.04192793369293213,True
traffic_source_campaign_name_1210,target_business_002,35,24,6,0.17847805407997208,0.08217591274231226,31.010106956406585,0.2623034744769424,57.523561910952246,0.2623034744769424,57.523561910952246,50,0.14668533205986023,True
traffic_source_campaign_name_1212,target_business_002,132,92,21,0.2875303492885374,0.1395097898893757,45.17259970538221,0.2201631681479176,62.28778750390569,0.18592423389108725,53.96700022952674,50,0.008122785948216915,True
traffic_source_campaign_name_1213,target_business_002,39,27,7,0.39136347559651846,0.7955677444352893,202.69234754767584,0.1986707460416234,38.74306851075561,0.1986707460416234,38.74306851075561,50,0.1426009088754654,True
traffic_source_campaign_name_1214,target_business_002,44,30,8,0.3941418767259599,0.16193071495864592,64.07886519514935,,,,,50,0.15044420957565308,True
traffic_source_campaign_name_124,target_business_002,55,38,9,0.24552880855174053,0.5112108886598874,121.87431897266634,0.15930303786690175,30.097597949743825,0.17098113497898476,34.75549510284464,50,0.2588176429271698,True
traffic_source_campaign_name_1246,target_business_002,486,340,74,0.25972083683516,0.09227398787779266,48.334752908166955,0.14174668128426182,66.6694819250502,0.12847977680906014,62.18772578923216,50,0.020748445764183998,True
traffic_source_campaign_name_125,target_business_002,35,24,6,0.47360103690017424,0.01621708005123315,4.358595002978713,0.07369424126918728,16.621550972988693,0.07369424126918728,16.621550972988693,50,0.40951982140541077,True
traffic_source_campaign_name_1251,target_business_002,68,47,11,0.4512423440840636,0.2993827829136902,58.87537489264053,0.4040851978767721,79.41224424852716,0.4040851978767721,79.41224424852716,50,0.042340945452451706,True
traffic_source_campaign_name_1252,target_business_002,81,56,13,0.39136349693784045,0.49082942703779553,142.34502514398633,0.3311268930020786,39.65016657732991,0.35184474908443036,41.73932218168165,50,0.11175130307674408,True
traffic_source_campaign_name_1253,target_business_002,44,30,8,0.3044836315283885,0.12423323094308426,56.40208286491644,,,,,50,0.03395947068929672,True
traffic_source_campaign_name_1254,target_business_002,173,121,27,0.2235961076068176,0.12572340048026603,77.26852529120087,0.15532853693368662,68.8455952802707,0.13654475090532295,57.793375134873834,50,0.02793734520673752,True
traffic_source_campaign_name_1256,target_business_002,554,387,84,0.08923872851930903,0.0384059210107835,99.9939736986835,0.019001397985673255,30.91184849957436,0.020231998157367027,36.938466112586994,50,0.0031631726305931807,True
traffic_source_campaign_name_1257,target_business_002,551,385,84,0.21142030070599233,0.10045751783897615,72.35162491079308,0.0855563132135685,53.003281262734326,0.08317403796509584,48.668053790530905,50,0.009078999981284142,True
traffic_source_campaign_name_1258,target_business_002,97,67,16,0.3754474597708982,0.5074464976990694,202.20320529818179,0.13349109301751008,50.569455830883484,0.11340136174828037,44.3498489285849,50,0.05461617559194565,True
traffic_source_campaign_name_1264,target_business_002,61,42,10,0.2325693504206319,0.1452484388298543,54.55781987512318,0.012404051594524021,4.375601058369768,0.01916989791880985,6.660399531885808,50,0.032252226024866104,True
traffic_source_campaign_name_1265,target_business_002,128,89,20,0.26551466798409856,0.11482990464158131,37.84538577372656,0.0750161776345555,22.647910845116197,0.08567018428161513,24.889707989882396,50,0.018074775114655495,True
traffic_source_campaign_name_1266,target_business_002,50,35,8,0.38116249310581773,0.5843690628841786,201.2799864355314,,,,,50,0.7418952584266663,True
traffic_source_campaign_name_1268,target_business_002,33,23,6,0.4174526295332923,0.753975507349983,115.60547618117872,0.5840720032728763,65.28963414634148,0.5840720032728763,65.28963414634148,50,0.3546985685825348,True
traffic_source_campaign_name_127,target_business_002,271,189,42,0.16564296064235282,0.08154428276141734,26.50331697548369,0.10103750451573458,30.10473379836646,0.12748862736893593,39.49453507432444,50,0.00518225971609354,True
traffic_source_campaign_name_1270,target_business_002,46,32,8,0.11859860339877906,0.17094798013103188,202.5259145671476,,,,,50,0.47123682498931885,True
traffic_source_campaign_name_1276,target_business_002,44,30,8,0.3490776283529182,0.3488815118333037,93.55346803327319,,,,,50,0.2041829526424408,True
traffic_source_campaign_name_1277,target_business_002,43,30,7,0.34714868263916016,0.1981184276379381,40.44138821471744,0.015135582850616124,3.16851357983961,0.022955370398595507,4.696924984075347,50,0.19866113364696503,True
traffic_source_campaign_name_1279,target_business_002,63,44,10,0.3638690763306604,0.3801292104166648,78.7522893451032,0.13951118114460065,25.033990687153345,0.13951118114460065,25.033990687153345,50,0.03525784611701965,True
traffic_source_campaign_name_128,target_business_002,36,25,6,0.34485395737709645,0.17089641187122256,52.54599830265562,0.22603273577552618,83.27351040918886,0.22603273577552618,83.27351040918886,50,0.03395872190594673,True
traffic_source_campaign_name_1283,target_business_002,36,25,6,0.299877294656311,1.438994671344747,633.6091320225573,0.1694969621495151,48.94072413685752,0.1694969621495151,48.94072413685752,50,0.23374418914318085,True
traffic_source_campaign_name_1284,target_business_002,40,28,6,0.11665551386504709,0.39456902010676353,223.68434489596095,0.0776226618442204,59.13058300893702,0.0776226618442204,59.13058300893702,50,0.21585401892662048,True
traffic_source_campaign_name_1321,target_business_002,495,346,75,0.43049525639095054,0.0887035622457323,42.63521735708909,0.06600312015103302,28.232142173761314,0.07739102995415047,35.489901141735494,50,0.014776431955397129,True
traffic_source_campaign_name_1323,target_business_002,130,91,20,0.4581328800908206,0.13214996080097835,22.437020142467404,0.08336065593579568,13.485009266219244,0.0943499932679399,15.340895733605631,50,0.07008244097232819,True
traffic_source_campaign_name_1324,target_business_002,68,47,11,0.2871269469010712,0.31343131391681106,131.43909157414714,0.08161686075708635,23.54354580762143,0.08161686075708635,23.54354580762143,50,0.12566624581813812,True
traffic_source_campaign_name_1326,target_business_002,44,30,8,0.4374920173113386,0.2492696280781513,72.55875571201386,,,,,50,0.18210187554359436,True
traffic_source_campaign_name_1357,target_business_002,58,40,10,0.3422955280378938,0.4492780173522678,124.82859314681416,0.14418975442083903,31.479849008837963,0.14418975442083903,31.479849008837963,50,0.07659715414047241,True
traffic_source_campaign_name_1392,target_business_002,32,22,6,0.503542700390874,1.2536323576680286,147.15854764026113,0.15635593220338984,16.56252200239386,0.15635593220338984,16.56252200239386,50,0.6902086138725281,True
traffic_source_campaign_name_1396,target_business_001,42,29,7,0.3917451424965985,1.6659541541295086,306.2021767841572,0.3177560174082957,43.268952536381626,0.3177560174082957,43.268952536381626,50,1.1203317642211914,True
traffic_source_campaign_name_1397,target_business_001,182,127,28,0.18281849265417371,0.2406702922557923,305.2007652311576,0.06417013987463474,69.58714400152469,0.06901919443449808,75.40844428904738,50,0.16492050886154175,True
traffic_source_campaign_name_1401,target_business_001,178,124,28,0.15269055477098495,0.08446484358978658,104.87499249484775,0.052393736864837455,52.4659719310017,0.05175202585033299,52.333493854069765,50,0.019357992336153984,True
traffic_source_campaign_name_1427,target_business_002,94,65,15,0.44380343492366975,0.06841346353461553,13.922136717584923,0.07664840077303078,18.68303328174878,0.08170675169854051,19.338858715817477,50,0.014051294885575771,True
traffic_source_campaign_name_1430,target_business_001,365,255,56,0.21725079199958489,0.09732935922046337,60.00721460936743,0.1344426354466515,63.23557586498146,0.13062549057385545,60.90148527579273,50,0.014271625317633152,True
traffic_source_campaign_name_1432,target_business_001,196,137,30,0.38537726858041715,0.15940849201659205,42.18592338499861,0.1259324468383944,33.12005897984811,0.1174961278032029,30.15821288924243,50,0.07791203260421753,True
traffic_source_campaign_name_1433,target_business_001,103,72,16,0.22165865418047317,0.3863067791687108,248.57372130231016,0.10789687597544477,56.750430747934374,0.09080271675312512,41.65197383927761,50,0.22309789061546326,True
traffic_source_campaign_name_1436,target_business_001,466,326,71,0.30756861826246656,0.1357709766288411,224.40404749295496,0.14572884591403112,53.73358293134951,0.15208138106749222,67.87850628019318,50,0.025417359545826912,True
traffic_source_campaign_name_1437,target_business_001,662,463,100,0.23582398342561245,0.06534666203271883,32.358571750168664,0.11906668803216458,59.92088869203116,0.11732556616097566,60.039874898709364,50,0.008445396088063717,True
traffic_source_campaign_name_1438,target_business_001,175,122,27,0.2722245166250468,0.1526661881628326,38.28507215268903,0.19924908119061072,47.99803864172031,0.20512209966011785,51.69080621675503,50,0.03509056195616722,True
traffic_source_campaign_name_1439,target_business_001,273,191,42,0.2143019822727416,0.13201873534470568,78.45109053928938,0.15641006632397156,87.24898385940578,0.13483468615977104,74.75814692916283,50,0.024218622595071793,True
traffic_source_campaign_name_1440,target_business_001,432,302,66,0.24288999324926253,0.10951440801298376,40.965529856394355,0.10712787423024704,36.219457539543605,0.11255141141196587,38.61306763870041,50,0.012956444174051285,True
traffic_source_campaign_name_1441,target_business_001,94,65,15,0.13925469256462936,0.2310107701509463,222.52347633854188,0.020576495547573747,17.85900658722157,0.021162191490646676,17.88000347614344,50,0.11151730269193649,True
traffic_source_campaign_name_1443,target_business_001,82,57,13,0.4305922334903231,0.36406103711854826,175.96026720384265,0.14449376477729642,89.25856212328841,0.18869551488196368,117.94481440592367,50,0.22879214584827423,True
traffic_source_campaign_name_1444,target_business_001,69,48,11,0.41579579528573296,0.21297655181769468,85.4002537089331,0.4794797063903281,55.94130257478932,0.4794797063903281,55.94130257478932,50,0.05557507276535034,True
traffic_source_campaign_name_1446,target_business_001,33,23,6,0.4462671278315281,1.2695518315826877,239.76744347063973,0.734512622074811,403.9521686258613,0.734512622074811,403.9521686258613,50,0.5003697276115417,True
traffic_source_campaign_name_1447,target_business_001,168,117,26,0.15344828221119203,0.24690718923641297,150.74030467426712,0.10670755319697743,42.17240159765588,0.09302813089933283,35.16584277442622,50,0.07256750017404556,True
traffic_source_campaign_name_1449,target_business_001,61,42,10,0.3527570704709384,0.3903951974721036,93.8191508431648,0.2370380016050448,52.00538383051448,0.20513777397424526,42.16049831900717,50,0.07641440629959106,True
traffic_source_campaign_name_1457,target_business_002,78,54,13,0.32978459883978967,2.1609173713439267,564.073460228041,0.08624207113223235,20.725188432415642,0.08012003144007666,18.802318384469846,50,0.657722532749176,True
traffic_source_campaign_name_1461,target_business_002,32,22,6,0.5783246805087131,0.6790750162566883,72.71346851086224,0.23365442351336774,23.576822497472477,0.23365442351336774,23.576822497472477,50,0.28901323676109314,True
traffic_source_campaign_name_1463,target_business_002,259,181,40,0.26471674114478394,0.05294612332403115,30.21132803555064,0.08111335940572037,31.342167474599446,0.08714688815347217,34.78496795069368,50,0.014197546057403088,True
traffic_source_campaign_name_1465,target_business_002,33,23,6,0.3577332532518427,2.0224702293154806,421.14582028151165,0.3950178731009831,56.51409576168255,0.3950178731009831,56.51409576168255,50,0.23852668702602386,True
traffic_source_campaign_name_1467,target_business_002,61,42,10,0.18173304268065157,0.8796551588123074,362.3807321717196,0.08572703855855171,44.058938768043994,0.08572703855855171,44.058938768043994,50,0.3869229853153229,True
traffic_source_campaign_name_1476,target_business_002,40,28,6,0.3074240301661454,0.8642364633477424,248.99382642075935,0.08021048553719012,26.987617369475508,0.08021048553719012,26.987617369475508,50,0.5069045424461365,True
traffic_source_campaign_name_1482,target_business_002,37,25,7,0.3587957433518457,0.5620532968934319,88.6826568330509,0.14707291140306558,30.51499771950369,0.14707291140306558,30.51499771950369,50,0.661805272102356,True
traffic_source_campaign_name_1489,target_business_001,35,24,6,0.2552156115194137,1.4412692283582609,540.0934547466363,0.034228594507269894,13.549160671462873,0.034228594507269894,13.549160671462873,50,0.6256028413772583,True
traffic_source_campaign_name_149,target_business_002,72,50,12,0.2280062946215996,0.14218170129134736,94.35450233114841,0.009024011362280796,6.318625149816475,0.009024011362280796,6.318625149816475,50,0.07633720338344574,True
traffic_source_campaign_name_1490,target_business_001,90,62,15,0.25007596176251634,3.3528053028447147,1457.4172160388819,0.0562028110875983,18.292572035363783,0.061656102228492306,19.476148654119598,50,0.4488486051559448,True
traffic_source_campaign_name_1501,target_business_002,411,287,63,0.16065352303051814,0.10570737944395756,83.86938344895206,0.08655451292449025,42.281140972229736,0.08148913544746055,44.06578640879957,50,0.00759045360609889,True
traffic_source_campaign_name_1502,target_business_002,259,181,40,0.31627148610281686,0.11854890869704227,40.881242688601354,0.14430211189927322,45.072235358560064,0.14511659572423463,46.21124336453599,50,0.00953872874379158,True
traffic_source_campaign_name_1503,target_business_002,33,23,6,0.5071840473503413,0.0733359513880238,11.858205584610387,0.2656824514901281,29.8612364324925,0.2656824514901281,29.8612364324925,50,0.07621745020151138,True
traffic_source_campaign_name_1506,target_business_002,411,287,63,0.2184785355719299,0.08861586145990831,38.97555970902911,0.12414548350442074,56.769825236235974,0.11830946654678855,53.824349421413196,50,0.010182668454945087,True
traffic_source_campaign_name_1511,target_business_001,30,21,5,0.3725300744079308,0.01761031150817871,1.761031150817871,,,,,50,0.519071638584137,True
traffic_source_campaign_name_1515,target_business_001,63,44,10,0.23934344190756707,0.7191180567401176,311.22470544075884,0.3852005106884473,67.38394933055399,0.3852005106884473,67.38394933055399,50,0.19365565478801727,True
traffic_source_campaign_name_1518,target_business_001,83,58,13,0.1851983808270657,0.5980213525588907,191.38957251524224,0.21185518299592723,70.29201855383802,0.20321837359212044,68.8948388689286,50,0.05694754421710968,True
traffic_source_campaign_name_1524,target_business_001,47,32,8,0.3240240572056275,0.23844382900644892,64.30635896175541,,,,,50,0.13305288553237915,True
traffic_source_campaign_name_1525,target_business_001,36,25,6,0.5184470862528568,0.4683607715867545,110.23175718648042,0.044753233294205996,10.680126182965306,0.044753233294205996,10.680126182965306,50,0.11920628696680069,True
traffic_source_campaign_name_153,target_business_002,36,25,6,0.6678673136376513,1.6955030556546142,218.09188227690197,0.09871688741721851,13.451776649746186,0.09871688741721851,13.451776649746186,50,0.3726932108402252,True
traffic_source_campaign_name_1530,target_business_001,51,35,9,0.3775455525068717,1.0605161103805099,444.56142411662836,,,,,50,0.21395455300807953,True
traffic_source_campaign_name_1534,target_business_002,32,22,6,0.3839418498460958,0.8995893342930299,212.54699285164085,0.48922670754556297,197.47335854245443,0.48922670754556297,197.47335854245443,50,0.29871666431427,True
traffic_source_campaign_name_1539,target_business_002,162,113,25,0.3521175688445859,0.19871545101803775,38.47542938439123,0.13078011961008085,27.97796403999827,0.13195047734130194,28.78373184134462,50,0.04619297385215759,True
traffic_source_campaign_name_1541,target_business_002,57,39,10,0.5778017407228353,0.295346496014644,43.88323958546902,0.013210777598676282,1.9389154300985874,0.013210777598676282,1.9389154300985874,50,0.33720603585243225,True
traffic_source_campaign_name_1542,target_business_002,44,30,8,0.2161918620202815,0.06270868265411411,30.00847764551352,,,,,50,0.01019036304205656,True
traffic_source_campaign_name_1551,target_business_002,35,24,6,0.5207659239509422,0.9551528347605862,154.0365250787312,0.02491121098740894,2.854795903642925,0.033091018342393044,4.0756960922197205,50,0.17597389221191406,True
traffic_source_campaign_name_1553,target_business_002,64,44,11,0.6004498926856183,0.07732099914870842,10.43711371578289,0.13472077092766743,16.229262798160832,0.13472077092766743,16.229262798160832,50,0.017872121185064316,True
traffic_source_campaign_name_1554,target_business_002,46,32,8,0.3704749977428796,0.3297333859027235,76.81563498413254,,,,,50,0.24759741127490997,True
traffic_source_campaign_name_1555,target_business_002,49,34,8,0.42668964099503714,0.40742107745352185,93.41866654168216,,,,,50,0.2598842978477478,True
traffic_source_campaign_name_1556,target_business_002,52,36,9,0.39586875533551286,0.3204521889032288,82.5612238345307,,,,,50,0.2685110867023468,True
traffic_source_campaign_name_1557,target_business_002,55,38,9,0.31273084015380126,0.2731960062022116,129.01882098834756,,,,,50,0.17634986340999603,True
traffic_source_campaign_name_1558,target_business_002,116,81,18,0.25077313484835245,0.3431567652008489,59.37133516639539,0.10781065145456267,19.8044076419251,0.15788905283972912,26.825824633365375,50,0.11955682933330536,True
traffic_source_campaign_name_1559,target_business_005,132,92,21,0.2858437919276854,0.06131381484016661,17.373596519824527,0.07041300626416384,18.871223194337336,0.07392782209117128,19.046135432450217,50,0.022159427404403687,True
traffic_source_campaign_name_1561,target_business_003,68,47,11,0.46750817861191685,0.10914383654603953,25.970616047575213,0.09524178805506779,16.702143580075635,0.0976833071343672,17.110076171822193,50,0.03589097037911415,True
traffic_source_campaign_name_1562,target_business_003,64,44,11,0.43342425570013554,0.25059997020222063,46.37210745755727,0.14433699276731438,21.697454649614887,0.16085439828165707,23.599760926549433,50,0.05805483087897301,True
traffic_source_campaign_name_1563,target_business_003,60,42,9,0.28087337474310486,0.1377579762886782,66.63301749136008,0.0456640335020421,30.36518722167048,0.048513561082606904,32.71726578082638,50,0.02801830694079399,True
traffic_source_campaign_name_1567,target_business_005,44,30,8,0.1487616989863348,0.19463088769503614,87.70038630870106,0.18969093505293844,83.5240424604905,0.28005299268068784,144.43939078305266,50,0.1248382031917572,True
traffic_source_campaign_name_1568,target_business_005,46,32,8,0.5950085991920899,0.3788159797257652,71.08371488473993,0.06556140061607117,13.219789743770669,0.07584904141193884,15.350841977076366,50,0.19519752264022827,True
traffic_source_campaign_name_1571,target_business_004,102,71,16,0.18862859892024095,0.46083394648153153,230.6297147171044,0.0544143564722407,30.32770166556007,0.05973235645111891,34.112796352279176,50,0.08387792855501175,True
traffic_source_campaign_name_1572,target_business_004,102,71,16,0.2628537012057125,0.33125366349521757,170.4474028899452,0.08766459381797462,40.77055133170629,0.08243494004189848,40.13796548403481,50,0.09451635181903839,True
traffic_source_campaign_name_1578,target_business_004,69,48,11,0.3085380391536338,0.695697800215535,226.29977120915564,0.40288430808565034,91.95757869048826,0.40288430808565034,91.95757869048826,50,0.07691895216703415,True
traffic_source_campaign_name_1580,target_business_004,42,29,7,0.2995651842236826,0.947203199106921,302.2555075516338,0.3344087700839526,56.918823672015684,0.3344087700839526,56.918823672015684,50,0.4223479926586151,True
traffic_source_campaign_name_1581,target_business_004,48,33,8,0.35778323085758895,0.2334138706347372,79.01909295042381,,,,,50,0.2036610245704651,True
traffic_source_campaign_name_1587,target_business_002,93,65,15,0.28822860934413275,0.19976391745073357,48.67942540978642,0.22142924061136546,67.79845798299843,0.1949651323898494,54.98278392587493,50,0.027133911848068237,True
traffic_source_campaign_name_1591,target_business_001,133,93,21,0.1768553087986763,0.1066296750058927,80.60048422544531,0.049506262797846985,33.82759518287066,0.053640758418576566,37.366286269944766,50,0.026663564145565033,True
traffic_source_campaign_name_1592,target_business_001,676,473,102,0.12719414697976855,0.07038768329602557,80.67347858917996,0.06227573382624841,62.967265048596424,0.05967084359050587,60.85342116170226,50,0.013222118839621544,True
traffic_source_campaign_name_1597,target_business_001,101,70,16,0.3580105923522325,0.34259572481743905,93.45348478384649,0.04165027555555556,11.253866295781378,0.06588042380952382,18.075631779178096,50,0.0770634338259697,True
traffic_source_campaign_name_1606,target_business_001,66,46,11,0.37225726249431373,0.46498546530970025,182.78111119062928,0.2251758472640906,54.08134411006418,0.2251758472640906,54.08134411006418,50,0.1574326455593109,True
traffic_source_campaign_name_1607,target_business_001,99,69,16,0.16293776428690693,0.2528165484874538,226.43465302927092,0.1383795003270864,54.19844183102055,0.18035294224753015,63.24599280273545,50,0.10196660459041595,True
traffic_source_campaign_name_1616,target_business_001,47,32,8,0.18951161396859417,0.17080391211038812,126.44147146987035,,,,,50,0.23082980513572693,True
traffic_source_campaign_name_1627,target_business_001,51,35,9,0.2574810850982687,0.36615371113137496,133.34707228392367,0.02336754341689562,9.090909090909072,0.02336754341689562,9.090909090909072,50,0.3805603086948395,True
traffic_source_campaign_name_1629,target_business_001,31,21,6,0.3471396006905103,0.2580597306487412,73.95639478871686,0.012126228667337499,3.9496356102897168,0.020130390165562836,6.378237580618067,50,0.19455862045288086,True
traffic_source_campaign_name_1635,target_business_001,157,109,25,0.551074719150377,0.08671977334290533,13.428279885516709,0.16113195970253388,24.11228205220029,0.16635467805884968,24.78104116953427,50,0.033300187438726425,True
traffic_source_campaign_name_1639,target_business_001,79,55,13,0.5808491338767293,0.364249619236557,88.66932637872688,0.09800361441027226,23.241255185633463,0.13366210367236914,32.39391351729656,50,0.19134044647216797,True
traffic_source_campaign_name_1641,target_business_002,48,33,8,0.30860029689524476,0.1598319351211747,32.334277647668216,0.02171065111205957,4.44478575361443,0.033552824445910255,6.972802307838181,50,0.14392271637916565,True
traffic_source_campaign_name_1649,target_business_002,35,24,6,0.2012275521256063,2.170232542430414,475.6974957533589,0.6484975975256225,64.84975975256225,0.6484975975256225,64.84975975256225,50,0.2784156799316406,True
traffic_source_campaign_name_1654,target_business_002,97,67,16,0.23971729719372895,0.08922074396310818,19.760846104498277,0.04973146985554209,10.361781699671118,0.08520322118524878,18.46659798640112,50,0.04817885905504227,True
traffic_source_campaign_name_1655,target_business_002,52,36,9,0.14891579043675668,0.27402680106586547,115.68818973295257,0.010123848817067247,5.007570119554134,0.012074348286410725,5.805808304894893,50,0.1167600154876709,True
traffic_source_campaign_name_1656,target_business_002,66,46,11,0.2624256311840111,0.1603133852927689,24.418527871765818,0.05870089458235215,9.217795530601903,0.0983432478919336,14.825040746808337,50,0.04477161914110184,True
traffic_source_campaign_name_1663,target_business_002,30,21,5,0.45779890827445696,0.6111492297926305,91.44054017241568,,,,,50,0.38057368993759155,True
traffic_source_campaign_name_1668,target_business_002,39,27,7,0.2988714061193951,0.5254505451654099,181.65838713843578,0.5778476161275486,74.31664358002664,0.5778476161275486,74.31664358002664,50,0.03322833776473999,True
traffic_source_campaign_name_1685,target_business_005,63,44,10,0.31726540319267843,0.6266542497724491,351.24190237074623,0.007640039235314311,4.217030288308597,0.007640039235314311,4.217030288308597,50,0.27455663681030273,True
traffic_source_campaign_name_1686,target_business_005,370,259,56,0.25615170767144363,0.12949828885940362,35.69859597081538,0.09659270643456443,26.565781004332063,0.107204781708173,32.21834934787227,50,0.013279398903250694,True
traffic_source_campaign_name_1697,target_business_002,148,103,23,0.1748589846295769,0.07833751189055006,34.698129045350576,0.07525849400038509,31.031022826967774,0.07051113066441102,28.15087984661586,50,0.0160189401358366,True
traffic_source_campaign_name_1705,target_business_004,37,25,7,0.08004690700454388,1.7300066566941488,602.2165725497638,0.32192614619265725,162.96545536516183,0.34626718650987215,156.56793736069966,50,0.3207164406776428,True
traffic_source_campaign_name_1706,target_business_004,34,23,6,0.2542084909632587,0.4351149149057394,89.0588407725372,0.04660835924334855,9.141072762008227,0.04660835924334855,9.141072762008227,50,0.17485126852989197,True
traffic_source_campaign_name_1714,target_business_004,46,32,8,0.49959553448499094,0.8672192643918771,234.5837437138206,,,,,50,0.8025107383728027,True
traffic_source_campaign_name_1724,target_business_004,122,85,19,0.146120045576408,0.07064121569095265,59.6768268042006,0.061237198556803776,76.30279341918566,0.04955486207330049,61.96101657332738,50,0.10067395865917206,True
traffic_source_campaign_name_1729,target_business_004,212,148,33,0.13152408689511697,0.05663750695720092,25.369644053054362,0.0408051839174084,20.656241479047225,0.05571880221732465,26.81515300282591,50,0.011099964380264282,True
traffic_source_campaign_name_1731,target_business_004,78,54,13,0.3116519603868409,0.14818883314925538,27.189327926539857,0.06443837375684985,11.243216555333218,0.0967165651811887,15.83588071443304,50,0.08299726992845535,True
traffic_source_campaign_name_1732,target_business_004,39,27,7,0.22469672083681594,0.5208002190577036,246.64099349122642,0.03376890823243253,19.223183064802406,0.03376890823243253,19.223183064802406,50,0.32363376021385193,True
traffic_source_campaign_name_1733,target_business_004,136,95,21,0.09633927777197636,0.06985239889050718,58.756677178659835,0.04911305554878296,37.36335684448975,0.06925964252590913,52.48163211526613,50,0.016015224158763885,True
traffic_source_campaign_name_174,target_business_002,30,21,5,0.6592469129726815,0.6630557179450989,66.30557179450989,,,,,50,0.14983457326889038,True
traffic_source_campaign_name_1741,target_business_004,87,60,14,0.4293123175297576,0.6883660175298779,147.50013400282114,0.16840234762670322,32.40333418115668,0.15253574169278297,28.652016437617068,50,0.26983970403671265,True
traffic_source_campaign_name_1750,target_business_004,56,39,9,0.289318193318186,0.143238462137623,26.331117252503123,0.07891534689977192,13.833484790924022,0.09285148306711652,15.31073054660179,50,0.08355531096458435,True
traffic_source_campaign_name_1752,target_business_004,130,91,20,0.15988628611509823,0.08107070591440681,32.03871002803263,0.07074155349364,28.078422226458017,0.08975467488212627,32.8049145306139,50,0.012656083330512047,True
traffic_source_campaign_name_1754,target_business_004,108,75,17,0.3415706028542136,0.028936919724582098,7.1325084543626325,0.05287515563864604,12.260626170284489,0.0689021797795732,15.623899797493573,50,0.010591205209493637,True
traffic_source_campaign_name_1756,target_business_004,101,70,16,0.22144068559383273,0.0888979627265461,22.474258142354365,0.06365206756459711,18.110785236124237,0.0778298811632145,22.002540161129712,50,0.04524549841880798,True
traffic_source_campaign_name_1776,target_business_001,49,34,8,0.3559002694270556,0.2343937341429822,72.84911966307703,,,,,50,0.4814280867576599,True
traffic_source_campaign_name_1779,target_business_001,71,49,12,0.20747715913153858,0.09373068965768702,68.51760833714386,0.030307183711310852,20.664205958937476,0.030010302936272538,18.43019809167321,50,0.007823130115866661,True
traffic_source_campaign_name_1782,target_business_001,38,26,7,0.3647079506105431,0.5404438974757763,138.83531759358735,0.03541103453083016,8.794361716808123,0.04204988216926885,10.365476634005,50,0.1636648029088974,True
traffic_source_campaign_name_1784,target_business_001,42,29,7,0.38220238848518157,0.4399853989111994,73.54368645326494,0.07778540564051761,13.172493080440306,0.07778540564051761,13.172493080440306,50,0.5381864309310913,True
traffic_source_campaign_name_1785,target_business_002,94,65,15,0.2928062432664731,0.28857390397757693,136.36336994484324,0.038559782765943906,18.007268867805106,0.03246074278538734,14.970726790925848,50,0.10952387005090714,True
traffic_source_campaign_name_1786,target_business_002,51,35,9,0.34131279944873993,0.019985913589890936,6.014944594650307,,,,,50,0.25397294759750366,True
traffic_source_campaign_name_1788,target_business_002,44,30,8,0.6990564433993157,0.6656058469729156,82.64470604453142,,,,,50,0.07291949540376663,True
traffic_source_campaign_name_1792,target_business_002,54,37,9,0.6830891799262461,0.23386032313914684,34.15711637548748,0.12509138522919838,16.85436626725105,0.12509138522919838,16.85436626725105,50,0.29747605323791504,True
traffic_source_campaign_name_1796,target_business_002,41,28,7,0.6264315929454766,2.964866605151737,380.44796273243804,0.027661073050952056,3.610675980650367,0.027661073050952056,3.610675980650367,50,1.2247896194458008,True
traffic_source_campaign_name_1797,target_business_002,32,22,6,0.6348801354922704,0.6974099776045646,95.13046550074625,0.11533738486886536,16.725324860483127,0.11533738486886536,16.725324860483127,50,0.5649447441101074,True
traffic_source_campaign_name_1802,target_business_002,34,23,6,0.5590036997041524,0.5106015332797278,84.62869922182693,0.41437246963562746,41.43724696356274,0.41437246963562746,41.43724696356274,50,0.5109777450561523,True
traffic_source_campaign_name_1811,target_business_002,45,31,8,0.7145659448788845,0.07411859114371243,9.892875073256329,,,,,50,0.04542256519198418,True
traffic_source_campaign_name_1825,target_business_002,46,32,8,0.4227265732839946,0.11336198945446085,27.992094299598925,,,,,50,0.19988642632961273,True
traffic_source_campaign_name_1826,target_business_002,30,21,5,0.582000870949203,0.1884830540126613,22.104685492032182,,,,,50,0.700585126876831,True
traffic_source_campaign_name_1836,target_business_003,90,62,15,0.5520133667494944,0.13374807857420445,22.024160779117047,0.08572901492848069,13.485757603762059,0.08818461065420972,13.710736522662076,50,0.024987462908029556,True
traffic_source_campaign_name_1839,target_business_003,98,68,16,0.1275762177444053,0.030943468988878748,21.884681206202316,0.018556982282428542,13.823298790954189,0.016774304377279926,12.516312058510545,50,0.022504940629005432,True
traffic_source_campaign_name_1843,target_business_003,96,67,15,0.5589544056213992,0.2309175965469106,36.100144487542174,0.11008362394241833,18.283908666463677,0.11100332467501707,19.24262956615775,50,0.07689917087554932,True
traffic_source_campaign_name_1902,target_business_003,32,22,6,0.3379200264119013,2.0696702014865145,452.10093414376564,0.6966096185568302,418.87497089399506,0.6966096185568302,418.87497089399506,50,1.4393768310546875,True
traffic_source_campaign_name_1906,target_business_003,38,26,7,0.6425823973350668,0.2558532486731082,26.778119540616828,0.016774405678264402,1.8648417848825019,0.019593131953358742,2.211483155664342,50,0.6544880867004395,True
traffic_source_campaign_name_1907,target_business_003,184,128,29,0.4902017805789699,0.12512928401859502,29.45205583491117,0.048755308376409665,10.65061016156858,0.05089893890556453,11.123549849751964,50,0.014916667714715004,True
traffic_source_campaign_name_1908,target_business_003,43,30,7,0.6588879575676284,0.11591396260770206,17.656123578976267,,,,,50,0.12611758708953857,True
traffic_source_campaign_name_1919,target_business_004,182,127,28,0.2674735484403325,0.09113729266608911,40.790802017017484,0.050716633714605275,24.499153034948748,0.045616157254619545,22.87729556160378,50,0.015975628048181534,True
traffic_source_campaign_name_1920,target_business_004,83,58,13,0.4858045073439855,0.18956612217655686,39.63948005730376,0.2598203008191403,57.52204534494831,0.2690726464643909,59.94460145999341,50,0.024434609338641167,True
traffic_source_campaign_name_1921,target_business_004,181,126,28,0.4171096692775191,0.07526537755766911,14.982350212488157,0.05539654886337202,10.836884559611669,0.05455053185148707,10.526889031019477,50,0.0306274201720953,True
traffic_source_campaign_name_1924,target_business_002,94,65,15,0.387830543071822,0.6417599220591844,149.82154980372852,0.08171218854514894,17.2299422993331,0.07191241034400853,14.73158345831625,50,0.36947518587112427,True
traffic_source_campaign_name_1926,target_business_002,45,31,8,0.24238321177082406,1.98869045615415,598.700464851864,0.25148828840343257,102.42456283041889,0.25148828840343257,102.42456283041889,50,0.46715378761291504,True
traffic_source_campaign_name_1928,target_business_002,30,21,5,0.5826231005218999,0.5880387409190155,161.51772765662727,,,,,50,1.8779666423797607,True
traffic_source_campaign_name_1943,target_business_002,201,140,31,0.4093512487179594,0.07483725294413679,18.69478112890443,0.11577445116714656,26.249780364868798,0.10715969855116603,24.32882899398912,50,0.016113273799419403,True
traffic_source_campaign_name_1947,target_business_002,59,41,10,0.5149084451277126,0.07444994187193926,10.301199670184687,0.08247537961113716,11.010114587976165,0.08247537961113716,11.010114587976165,50,0.3970475196838379,True
traffic_source_campaign_name_195,target_business_002,49,34,8,0.5320090341754902,0.4370612849661216,128.02372300492289,,,,,50,0.31084537506103516,True
traffic_source_campaign_name_1950,target_business_002,73,51,12,0.07575565161917343,0.061439857319013184,83.65684235456082,0.0020596788817992214,2.8370261041118794,0.003152838081765253,4.362390385582999,50,0.00802643783390522,True
traffic_source_campaign_name_1952,target_business_002,88,61,14,0.22631447334907542,0.3405904089569739,127.96666662422427,0.019556655143238292,8.08600068503567,0.025738126938220026,10.72427112032948,50,0.01933143101632595,True
traffic_source_campaign_name_1954,target_business_002,85,59,14,0.2434211148243472,0.1283463208597978,41.36441663148081,0.07552617979854294,29.78543163745281,0.0711204294889208,28.553088196515976,50,0.14100155234336853,True
traffic_source_campaign_name_1960,target_business_002,68,47,11,0.2168018098775302,0.2232710808682812,58.43694176950531,0.07575759488513484,16.969013799184438,0.07779660928104758,17.148371437002762,50,0.09429098665714264,True
traffic_source_campaign_name_1965,target_business_002,30,21,5,0.38176438737043566,1.0974058754559666,308.50347921626076,,,,,50,0.38491401076316833,True
traffic_source_campaign_name_1978,target_business_002,30,21,5,0.11221122131060073,0.8507040806803867,678.3933924647233,0.0684503452368109,43.95321106716906,0.0684503452368109,43.95321106716906,50,0.7658282518386841,True
traffic_source_campaign_name_1995,target_business_004,37,25,7,0.40437009634298826,1.696381893481737,362.1043341864597,0.08563780797079978,32.254426013167866,0.11149504789304857,37.42737936494771,50,0.4719046354293823,True
traffic_source_campaign_name_1999,target_business_002,60,42,9,0.5473507651620433,0.46082871483794563,62.39757710997436,,,,,50,0.2690906226634979,True
traffic_source_campaign_name_2002,target_business_002,94,65,15,0.5994375115198453,0.15197028184682818,25.86914826229869,0.04481468202868598,7.457665971996609,0.06476773779141637,11.107819095964269,50,0.06394724547863007,True
traffic_source_campaign_name_2004,target_business_005,31,21,6,0.3222310530876176,0.9920539315336648,237.04238202176455,0.012523721812904731,3.0395394124121746,0.012523721812904731,3.0395394124121746,50,1.5671741962432861,True
traffic_source_campaign_name_2007,target_business_005,38,26,7,0.2321621684655914,0.2191885937533516,91.12355415003833,0.09918858930975512,31.673218015481325,0.09918858930975512,31.673218015481325,50,0.12228155136108398,True
traffic_source_campaign_name_2016,target_business_005,63,44,10,0.17928376462823065,0.2691575023145748,87.42558283869371,0.040102772021640434,13.645479236487686,0.0615466213944997,19.352378637963913,50,0.03659995645284653,True
traffic_source_campaign_name_2017,target_business_005,72,50,12,0.30154978240026037,0.1213626320192311,49.95543497656049,0.06307071826606327,18.365940426516314,0.06307071826606327,18.365940426516314,50,0.11567741632461548,True
traffic_source_campaign_name_2022,target_business_005,276,193,42,0.15696237441203437,0.16076845216509014,84.50694216856417,0.037095463828630916,18.461110056727364,0.03889167074983784,19.616126928293127,50,0.03555584326386452,True
traffic_source_campaign_name_2023,target_business_005,52,36,9,0.3197599571928518,0.9408383928239346,94.08383928239346,,,,,50,0.4121233820915222,True
traffic_source_campaign_name_2028,target_business_005,246,172,38,0.19795509191973554,0.24472536623231111,144.54563551801292,0.13360922404696488,69.53662793686327,0.11681837411272042,64.43181440412557,50,0.03329821303486824,True
traffic_source_campaign_name_2029,target_business_005,34,23,6,0.4789102300414517,0.5500313805690208,184.2997019133884,0.11322395553164784,42.63033479381593,0.13925945849022772,53.69619655202242,50,0.3193489909172058,True
traffic_source_campaign_name_2031,target_business_001,39,27,7,0.20832747141974556,0.36947775604260585,191.0581513888608,0.3539421730335331,133.38779390101607,0.3539421730335331,133.38779390101607,50,0.08679335564374924,True
traffic_source_campaign_name_2035,target_business_001,73,51,12,0.4237072120570654,0.10588930187658498,17.654322561909552,0.11445227698835607,24.735479760965852,0.09301099639826331,21.59598918319212,50,0.08105482161045074,True
traffic_source_campaign_name_2036,target_business_001,136,95,21,0.2426086903897361,0.15598014116697007,68.31475780743973,0.11308710562414265,52.532986936831506,0.12665064096283232,57.00929754758488,50,0.033285681158304214,True
traffic_source_campaign_name_2038,target_business_002,117,81,19,0.19276659673647886,0.09741449346010884,63.48643939578703,0.051481240023072694,39.91479922855223,0.05496461829449878,43.12597049419226,50,0.05094847455620766,True
traffic_source_campaign_name_2049,target_business_002,36,25,6,0.24699612498037724,0.7356848268324827,256.7562526231477,0.17566385837687962,46.623266345881696,0.17566385837687962,46.623266345881696,50,0.11258862167596817,True
traffic_source_campaign_name_2060,target_business_002,36,25,6,0.3013891658886838,0.6233115173152927,351.6988291450071,0.07719170193389406,33.454827407084586,0.07719170193389406,33.454827407084586,50,0.27763456106185913,True
traffic_source_campaign_name_2064,target_business_005,39,27,7,0.6220105819166857,5.359690503396969,875.356333778939,0.0680505925633701,12.187787765218781,0.0680505925633701,12.187787765218781,50,0.9095847010612488,True
traffic_source_campaign_name_2068,target_business_005,112,78,18,0.27720461077629543,0.07481139199702548,14.669869311978797,0.06205709972060503,11.125038010694743,0.1061768181399925,18.46442871955445,50,0.05529728904366493,True
traffic_source_campaign_name_2069,target_business_005,62,43,10,0.6013028209145251,0.10020635203151812,14.599356811494685,0.2835039452895892,29.762879549727515,0.2835039452895892,29.762879549727515,50,0.017746414989233017,True
traffic_source_campaign_name_207,target_business_002,39,27,7,0.24969966318379117,1.8430311872369474,486.783585712323,0.07550575055317399,23.441289928310326,0.07550575055317399,23.441289928310326,50,0.39232200384140015,True
traffic_source_campaign_name_2070,target_business_005,90,62,15,0.3610784310840105,0.2535562426585546,50.648398490439675,0.08882427503110528,16.364992030238902,0.11867234507232573,21.337557569883188,50,0.038757070899009705,True
traffic_source_campaign_name_2095,target_business_001,84,58,14,0.2964665828408387,0.11309064717800159,33.073624627016294,0.08889693536755276,26.514283461437543,0.0832152249611859,25.02716950385806,50,0.011789925396442413,True
traffic_source_campaign_name_2096,target_business_001,43,30,7,0.18734634205866663,0.18187857326174617,64.40618949848677,0.010185780004397627,3.5651771945265898,0.010185780004397627,3.5651771945265898,50,0.04535117745399475,True
traffic_source_campaign_name_2099,target_business_002,30,21,5,0.3515615605584876,0.27644512240124847,66.54374673363554,0.04417033199201532,10.843544788047012,0.05942562159326806,15.356326803859,50,0.1341610550880432,True
traffic_source_campaign_name_2100,target_business_002,548,383,83,0.11731313971146563,0.0588357043163329,52.64358814533989,0.0708859665010627,60.60112508609511,0.06317275757698936,56.97573169769894,50,0.014699099585413933,True
traffic_source_campaign_name_2102,target_business_002,51,35,9,0.43035093551201237,0.13010446560916727,33.472672707400456,0.05971709068456168,13.415231810231834,0.06966352788777021,15.750564716154331,50,0.07153742760419846,True
traffic_source_campaign_name_2105,target_business_002,514,359,78,0.16936019241804495,0.08232648158922291,34.168643379713906,0.102426530279658,45.053948182930824,0.09994858130467688,43.1355940640837,50,0.015848981216549873,True
traffic_source_campaign_name_211,target_business_002,214,149,33,0.1953515346271461,0.11025581301624075,82.014057673245,0.16457507747357378,104.25352174685376,0.16330494105891874,134.76669173385125,50,0.02465159073472023,True
traffic_source_campaign_name_212,target_business_002,208,145,32,0.354999688157221,0.16035702503334673,31.387421631341304,0.1118705695300176,21.212473728014537,0.10124124467191155,19.13447929920652,50,0.034954410046339035,True
traffic_source_campaign_name_2123,target_business_002,68,47,11,0.18616709198629633,0.06936828949502395,23.46948660887034,0.028931487242873873,10.592151431165528,0.049914924143270124,17.74537860802015,50,0.0069311847910285,True
traffic_source_campaign_name_2135,target_business_002,37,25,7,0.4002433072438788,0.4561739804888636,88.24210077120198,0.24758942464286848,53.947615988750385,0.21622881497078209,49.142743678928774,50,0.22470834851264954,True
traffic_source_campaign_name_2137,target_business_002,31,21,6,0.4334526113040175,2.9476520091248988,876.720213827775,0.012599287866338016,3.6750998668442154,0.012599287866338016,3.6750998668442154,50,0.7441682815551758,True
traffic_source_campaign_name_2151,target_business_002,39,27,7,0.34600086713116346,0.303914247307517,53.36621106215807,0.08540477044702581,12.336992166269566,0.12462434686870322,18.105440623082263,50,0.11152631044387817,True
traffic_source_campaign_name_2155,target_business_002,116,81,18,0.252873544693615,0.23268426608910198,78.29454928670526,0.12299728301744887,38.168958613125035,0.16388909146503067,50.70907567561297,50,0.02837691642343998,True
traffic_source_campaign_name_2157,target_business_002,54,37,9,0.2947932596286051,0.611115036288752,167.22903716995177,0.3298864878248694,147.43916566099549,0.3298864878248694,147.43916566099549,50,0.20238220691680908,True
traffic_source_campaign_name_2159,target_business_002,166,116,26,0.1608638877679153,0.14462152999394273,153.90973985761852,0.02798350404690072,31.152057533588106,0.027703070847779798,30.077762127845265,50,0.017021233215928078,True
traffic_source_campaign_name_2163,target_business_002,33,23,6,0.4518030518121867,0.35503931407391826,39.55421180295238,0.6617770505797823,66.17770505797823,0.6617770505797823,66.17770505797823,50,0.0924372524023056,True
traffic_source_campaign_name_2170,target_business_002,72,50,12,0.2884074922586948,0.3662034245067944,143.25241047667086,0.10026244833155401,33.76899915463653,0.10026244833155401,33.76899915463653,50,0.07483378052711487,True
traffic_source_campaign_name_2171,target_business_002,31,21,6,0.2647579472798324,0.4415173224440433,73.21885690556232,0.6179211123449042,61.79211123449042,0.6179211123449042,61.79211123449042,50,0.5996811389923096,True
traffic_source_campaign_name_2172,target_business_002,60,42,9,0.30405420375186665,0.4178220816598033,155.39688258775936,,,,,50,0.19775964319705963,True
traffic_source_campaign_name_2177,target_business_002,86,60,14,0.34204873065840397,0.9905140363357003,282.23675555459295,0.12975943543356205,28.20306438800856,0.14129153670201705,29.831686780726084,50,0.6895486116409302,True
traffic_source_campaign_name_2181,target_business_002,41,28,7,0.37540447026909,1.1046049033108878,303.4648267097232,0.0303352941176471,9.35432780945452,0.0303352941176471,9.35432780945452,50,0.20471519231796265,True
traffic_source_campaign_name_2183,target_business_002,604,422,92,0.29725562672225186,0.05622439968569799,28.620055675811912,0.0716167798199401,32.58974505610555,0.06799404486230072,31.489801223096116,50,0.005862567573785782,True
traffic_source_campaign_name_2207,target_business_005,43,30,7,0.4337793333293987,0.32663960053862795,59.241534655702466,,,,,50,0.3875429332256317,True
traffic_source_campaign_name_2217,target_business_005,57,39,10,0.3313773561457874,0.434166829148609,63.92599815484362,0.13942427986113293,25.88921756152106,0.13942427986113293,25.88921756152106,50,0.19385547935962677,True
traffic_source_campaign_name_2218,target_business_005,117,81,19,0.09404626939659745,0.022322223585075986,22.104743463749603,0.02805080134028713,27.081073017657804,0.03186462134973154,31.37623504545323,50,0.02388986013829708,True
traffic_source_campaign_name_2219,target_business_005,255,178,39,0.2672548073970438,0.2262753965742926,50.734718088904415,0.1035794560457722,21.954185229683624,0.09596689776347465,19.72831600664236,50,0.012742016464471817,True
traffic_source_campaign_name_2224,target_business_005,63,44,10,0.30949293224738555,0.34739992034472844,342.5272314647518,0.0689483436353569,44.61468286359055,0.0689483436353569,44.61468286359055,50,0.3047121465206146,True
traffic_source_campaign_name_2231,target_business_005,61,42,10,0.5102392521894135,0.3264967770284797,55.69019185310198,0.014459468202109083,2.4968579807289495,0.014459468202109083,2.4968579807289495,50,0.05748777091503143,True
traffic_source_campaign_name_227,target_business_002,33,23,6,0.40073069554493135,3.9776872768612574,514.1273670596024,0.3660891800347711,36.60891800347711,0.3660891800347711,36.60891800347711,50,0.20919525623321533,True
traffic_source_campaign_name_2271,target_business_005,103,72,16,0.16647171177405756,0.6505960625572903,175.94652333912518,0.10380406686623042,35.71888165964152,0.10481774694820112,43.310189220096646,50,0.0574980303645134,True
traffic_source_campaign_name_2277,target_business_005,37,25,7,0.5608542263576393,0.23985584947158203,29.7576863306241,0.22227147701720062,34.73203725832644,0.22227147701720062,34.73203725832644,50,0.14242972433567047,True
traffic_source_campaign_name_2278,target_business_005,41,28,7,0.3552429021336559,1.0923706453304407,447.452943722887,0.44319613985812534,174.17067284984748,0.44319613985812534,174.17067284984748,50,0.1804485321044922,True
traffic_source_campaign_name_2284,target_business_005,76,53,12,0.3699851054241736,0.39214578527760086,94.78713961878873,0.22752143044301346,60.93514500180394,0.22752143044301346,60.93514500180394,50,0.172908753156662,True
traffic_source_campaign_name_2288,target_business_005,72,50,12,0.22272424230292506,0.0554644887561555,25.89267067437493,0.09450384049460714,37.186290853639875,0.09450384049460714,37.186290853639875,50,0.03607363626360893,True
traffic_source_campaign_name_2289,target_business_001,35,24,6,0.38371892307921385,0.14989602294171844,23.315106360564243,0.5208492180484252,71.9283056835997,0.5208492180484252,71.9283056835997,50,0.1887120008468628,True
traffic_source_campaign_name_2290,target_business_001,58,40,10,0.1398777947861242,1.9166960831066837,3117.7428084091807,0.05500470675069757,77.10827086841974,0.07736888129397097,132.38715762234713,50,0.39699867367744446,True
traffic_source_campaign_name_2291,target_business_001,46,32,8,0.20166700045994534,0.0655580321768245,38.26803763487571,,,,,50,0.04382700100541115,True
traffic_source_campaign_name_2292,target_business_002,55,38,9,0.26578619984524565,0.17521620490334094,92.17432374720525,,,,,50,0.07944805920124054,True
traffic_source_campaign_name_2302,target_business_001,32,22,6,0.45970173846000795,0.7770050933295748,133.27960007838664,0.0077950905292479165,1.3401469625257967,0.009459348885793894,1.6240602480080504,50,0.2787083387374878,True
traffic_source_campaign_name_2304,target_business_001,56,39,9,0.3015446021026929,1.4835124015808105,148.35124015808105,,,,,50,0.5128044486045837,True
traffic_source_campaign_name_2305,target_business_001,70,49,11,0.4028736454661959,0.20132307257836898,57.20093271001384,0.10913319898355794,28.430375017921865,0.10913319898355794,28.430375017921865,50,0.07107070833444595,True
traffic_source_campaign_name_2330,target_business_001,35,24,6,0.4114978202416348,0.14387428851712933,28.733346254384607,0.4224838647061678,65.93800886128679,0.4224838647061678,65.93800886128679,50,0.8231478929519653,True
traffic_source_campaign_name_2333,target_business_001,108,75,17,0.207715036943361,0.15241642677113182,132.33004893233806,0.04832543071576456,42.21249387730512,0.047292498324658906,39.09346381780685,50,0.14419730007648468,True
traffic_source_campaign_name_2334,target_business_001,35,24,6,0.3850333333333333,0.08505309213291516,26.200742258542636,0.026710317460317448,8.345597148008778,0.04360714285714285,14.037759164803571,50,0.0098678357899189,True
traffic_source_campaign_name_2335,target_business_001,543,380,82,0.13676291628823448,0.06388733373754048,64.06430211994875,0.036495080156773364,29.67311437383608,0.03454669036982667,27.840634961732754,50,0.013827743008732796,True
traffic_source_campaign_name_234,target_business_002,46,32,8,0.298593066802608,0.46335371579237816,157.772754858776,,,,,50,0.29336726665496826,True
traffic_source_campaign_name_2343,target_business_004,542,379,82,0.022808788856258054,0.061713946886988696,184.68741819129667,0.03963038232398299,69.69110954489923,0.04923223688855048,118.11518212897174,50,0.011454633437097073,True
traffic_source_campaign_name_2344,target_business_004,97,67,16,0.39549184752140093,0.09990127709741596,17.745793091476784,0.15303255723461623,35.77095372001246,0.15426823505007667,37.47678962004993,50,0.021454185247421265,True
traffic_source_campaign_name_2345,target_business_004,522,365,79,0.22123940656174354,0.05964770935041571,23.79714791128264,0.02549791738971397,10.815113228402815,0.026921011903036588,10.978319645903895,50,0.006880736444145441,True
traffic_source_campaign_name_2347,target_business_005,38,26,7,0.31432893519001787,1.535343103307489,610.9288759885152,0.031673624097265554,11.804948436449354,0.037383129107784914,14.39026549729611,50,0.4747716784477234,True
traffic_source_campaign_name_2348,target_business_005,38,26,7,0.31158342650759746,1.007440679430045,314.8425259119733,0.018997203733393798,6.186636481004587,0.02413456898087421,7.770324133812909,50,0.1246020644903183,True
traffic_source_campaign_name_2352,target_business_003,95,66,15,0.20689188561485103,0.10799625803880848,43.522265518619456,0.10551994817514197,38.384501883959175,0.12436443254747748,49.497466605306876,50,0.043052151799201965,True
traffic_source_campaign_name_2368,target_business_003,93,65,15,0.3835630695951245,0.18223146425689266,41.210570169345985,0.08998239334809593,22.00225105550901,0.09224224364136546,22.92696368215657,50,0.057294417172670364,True
traffic_source_campaign_name_2379,target_business_003,47,32,8,0.5326064352194319,3.2861356165478868,1281.5777864137656,,,,,50,0.22358101606369019,True
traffic_source_campaign_name_2391,target_business_003,34,23,6,0.35899265992839496,2.5414379603750437,999.4086405502962,0.03658115758936929,14.911376898607209,0.048380474452554764,18.613710091211622,50,0.12487853318452835,True
traffic_source_campaign_name_2396,target_business_003,31,21,6,0.4129590136378349,0.9922066803676508,147.59098175796865,0.18546123318168617,25.307092854312508,0.18546123318168617,25.307092854312508,50,0.14375151693820953,True
traffic_source_campaign_name_2409,target_business_003,84,58,14,0.2995760988064282,0.06002612690377287,10.726252757307005,0.04135106751842077,7.899245359755891,0.060254358735388265,10.457763857591132,50,0.01068943366408348,True
traffic_source_campaign_name_2437,target_business_003,31,21,6,0.2781107723657267,0.8433659371244637,896.7880599876543,0.11487889359241181,57.93766038680606,0.11487889359241181,57.93766038680606,50,0.2359541356563568,True
traffic_source_campaign_name_244,target_business_002,70,49,11,0.07151595342717039,1.5707351609560078,6266.987446288257,0.005229416549029149,24.917627079281395,0.005229416549029149,24.917627079281395,50,0.45500314235687256,True
traffic_source_campaign_name_2442,target_business_005,44,30,8,0.3132692865729801,0.10069857072364419,15.013082073579353,0.018874341452622446,2.578708057551697,0.034414017536117815,4.5986038791488175,50,0.05277261883020401,True
traffic_source_campaign_name_2445,target_business_005,44,30,8,0.3057507671454658,0.4566452091384099,112.40273425506486,0.05802106949445946,13.050891671952211,0.08296366781127881,17.771921831725894,50,0.06265994906425476,True
traffic_source_campaign_name_2446,target_business_005,38,26,7,0.32833531381446124,2.005260552402744,611.0976027565896,0.19653742627558093,46.1994442829668,0.19653742627558093,46.1994442829668,50,0.6598075032234192,True
traffic_source_campaign_name_245,target_business_002,75,52,12,0.44733126364329745,0.2130586791369201,57.70660936514184,0.048053716084027844,13.34552999393852,0.048053716084027844,13.34552999393852,50,0.1450350135564804,True
traffic_source_campaign_name_2453,target_business_005,31,21,6,0.40826617272816257,1.5495108080261655,479.67872523185304,0.07457771185522324,19.69792423097213,0.07457771185522324,19.69792423097213,50,0.24630644917488098,True
traffic_source_campaign_name_2457,target_business_004,250,175,38,0.25467244100046327,0.09129441621259535,61.94698783772687,0.09157356988161398,55.63399159247394,0.10207790996581528,66.79244012026363,50,0.01832384057343006,True
traffic_source_campaign_name_2474,target_business_002,37,25,7,0.32508969292087647,0.6186805027128209,149.49753195135057,0.4149274190160078,80.95138946662973,0.4149274190160078,80.95138946662973,50,0.23686976730823517,True
traffic_source_campaign_name_2476,target_business_002,46,32,8,0.4444259224323105,0.1624853196245971,17.100971005458135,,,,,50,0.3952829837799072,True
traffic_source_campaign_name_2477,target_business_002,49,34,8,0.4646404360355253,0.18889324893401807,50.83236340675496,,,,,50,0.09238922595977783,True
traffic_source_campaign_name_2478,target_business_002,46,32,8,0.3287225459093327,0.8520655229006859,117.9680446128073,0.47685938193109567,47.685938193109564,0.47685938193109567,47.685938193109564,50,0.42741769552230835,True
traffic_source_campaign_name_2479,target_business_002,55,38,9,0.3300341371572577,0.3555120227627075,185.15179448108205,0.005553298117296601,2.874369040942289,0.005553298117296601,2.874369040942289,50,0.42003363370895386,True
traffic_source_campaign_name_248,target_business_002,47,32,8,0.4045906591907658,0.15043844227161668,41.417095204080425,,,,,50,0.09459679573774338,True
traffic_source_campaign_name_2480,target_business_002,83,58,13,0.3275410431231157,0.24406667218438668,45.047262735773295,0.09311606693959634,16.997986105823966,0.10954368792051232,22.291530457343953,50,0.05677470192313194,True
traffic_source_campaign_name_2481,target_business_002,144,100,23,0.18030118149005853,0.09607577575836218,52.15190556673147,0.11506769705262168,58.60484047044058,0.10381030184619558,51.6603240215928,50,0.01885307766497135,True
traffic_source_campaign_name_249,target_business_002,37,25,7,0.48943118652399037,0.34299900586050014,69.50396848817054,0.051797764116320116,9.388029780089601,0.051797764116320116,9.388029780089601,50,0.21211767196655273,True
traffic_source_campaign_name_2504,target_business_002,50,35,8,0.20244400344523242,0.25651524240701645,182.37192220413436,,,,,50,0.13096024096012115,True
traffic_source_campaign_name_2506,target_business_002,31,21,6,0.31556590512025473,0.7946834410091697,286.56491482451247,0.04511526124883847,14.976614588516291,0.04511526124883847,14.976614588516291,50,0.13948088884353638,True
traffic_source_campaign_name_2511,target_business_002,35,24,6,0.3307153331532103,0.980499475789053,384.3034489459538,0.15616797900262472,45.137931034482776,0.15616797900262472,45.137931034482776,50,0.12120716273784637,True
traffic_source_campaign_name_2517,target_business_003,31,21,6,0.3321544924612883,0.9496956853981408,356.5782845827651,0.09001874639492402,41.36388735505245,0.09001874639492402,41.36388735505245,50,0.30980923771858215,True
traffic_source_campaign_name_2519,target_business_002,45,31,8,0.5474760186609796,0.12981307945110032,23.99877932080795,,,,,50,0.05495964363217354,True
traffic_source_campaign_name_252,target_business_002,47,32,8,0.4541721277841207,0.4498573341860797,92.26016831300855,0.028944855574122685,5.792855115846424,0.028944855574122685,5.792855115846424,50,0.18437309563159943,True
traffic_source_campaign_name_2521,target_business_002,44,30,8,0.31175522468679956,0.7134570774714812,586.4661536575594,,,,,50,0.5211646556854248,True
traffic_source_campaign_name_2523,target_business_002,85,59,14,0.25972357574439375,0.7252875814375205,618.9729364709852,0.07533057399666694,61.42280668716841,0.06993924678305055,59.1804924233393,50,0.07205349206924438,True
traffic_source_campaign_name_2525,target_business_002,94,65,15,0.3595235481503481,0.19995370777855506,147.80487631087655,0.07185407018927831,62.344861482359704,0.0750953901325105,63.645524217349106,50,0.017720619216561317,True
traffic_source_campaign_name_2527,target_business_002,42,29,7,0.3758246019287525,1.3832428507735424,362.75403048087577,0.12478033477667919,32.228520203206365,0.12478033477667919,32.228520203206365,50,0.3710998296737671,True
traffic_source_campaign_name_2528,target_business_002,45,31,8,0.5498875172405492,0.5296629531522451,139.25109303779078,,,,,50,0.4648129642009735,True
traffic_source_campaign_name_2537,target_business_002,30,21,5,0.35402517351725854,0.8806955486043218,238.87129641153692,,,,,50,0.10125250369310379,True
traffic_source_campaign_name_2538,target_business_002,30,21,5,0.34428965949774254,0.6398305919544482,188.90919556760093,,,,,50,0.22811001539230347,True
traffic_source_campaign_name_2539,target_business_002,30,21,5,0.4512449091106126,0.25940408687878047,35.54560236878782,,,,,50,0.5783200263977051,True
traffic_source_campaign_name_2542,target_business_002,42,29,7,0.17953978154342448,1.372750232138482,510.33193451921466,0.12547791208993392,40.905708007120424,0.12674982980993907,41.64456631136592,50,0.6152961850166321,True
traffic_source_campaign_name_2547,target_business_002,94,65,15,0.29393463847474366,0.541419694072426,169.32533869661822,0.09356098552492124,21.657420425974948,0.08891313500878377,20.32381436786731,50,0.21262657642364502,True
traffic_source_campaign_name_256,target_business_004,99,69,16,0.3381113402246301,1.301335972618879,9236.389603981519,0.11626839905473499,555.9696841971245,0.09547393891957562,438.80034003004226,50,0.020899981260299683,True
traffic_source_campaign_name_2576,target_business_002,34,23,6,0.27411507338407143,1.188679839149539,349.07980806647186,0.1944495041126737,52.72353945408659,0.1944495041126737,52.72353945408659,50,0.41048476099967957,True
traffic_source_campaign_name_2581,target_business_002,216,151,33,0.2136895040042765,0.48667116502051483,278.64986830906656,0.13620523925718303,54.289392426403595,0.15321819819445556,62.049141625036675,50,0.045811448246240616,True
traffic_source_campaign_name_259,target_business_004,280,196,42,0.1696024174895975,0.08630525463263865,61.27604488071546,0.051302124529382494,31.07885513807018,0.0451773368756593,26.499933298932866,50,0.02342129312455654,True
traffic_source_campaign_name_2612,target_business_002,39,27,7,0.4351816566075557,2.0304600140528577,639.2794711067846,0.07937538973186448,22.713731026899563,0.07937538973186448,22.713731026899563,50,0.5570958256721497,True
traffic_source_campaign_name_2614,target_business_002,38,26,7,0.3524611694047645,0.1262667817235926,26.696673589658015,0.27499999999999997,43.71791856561988,0.27499999999999997,43.71791856561988,50,0.10067432373762131,True
traffic_source_campaign_name_2620,target_business_002,51,35,9,0.31298009782977193,1.2777998178848724,392.665912250974,,,,,50,0.21995998919010162,True
traffic_source_campaign_name_2624,target_business_002,45,31,8,0.32866203708110814,0.3480976545623866,118.67384800333562,,,,,50,0.2532852292060852,True
traffic_source_campaign_name_2636,target_business_002,31,21,6,0.4645301593982714,4.194098198599484,603.2388335011918,0.49066622220105727,49.06662222010573,0.49066622220105727,49.06662222010573,50,0.5609736442565918,True
traffic_source_campaign_name_2644,target_business_002,34,23,6,0.5866815914284593,0.8339064869231279,178.64113283503426,0.3060699364609627,36.06010692918815,0.3060699364609627,36.06010692918815,50,1.3889098167419434,True
traffic_source_campaign_name_2658,target_business_002,73,51,12,0.03721242054882337,0.0916984038637674,318.5910118427463,0.002737022140246244,8.273814231598454,0.002737022140246244,8.273814231598454,50,0.06784255802631378,True
traffic_source_campaign_name_2666,target_business_002,33,23,6,0.1173293249281292,0.987518276062104,1707.665509088551,0.007292383119059005,11.805852962169968,0.007292383119059005,11.805852962169968,50,0.3832351267337799,True
traffic_source_campaign_name_2667,target_business_001,46,32,8,0.3355212749016945,0.37031947095675716,158.71207771159064,,,,,50,0.3889595866203308,True
traffic_source_campaign_name_2673,target_business_002,84,58,14,0.34570241636663546,0.30070737133023956,174.1898317019952,0.2476156943799265,104.49851877148602,0.2298423017219331,93.25584248396581,50,0.06611951440572739,True
traffic_source_campaign_name_270,target_business_004,98,68,16,0.24532000598961687,0.04690351120484881,17.35012377215717,0.0720456763703886,30.311159562711172,0.09096038713434439,38.284618508469215,50,0.025857796892523766,True
traffic_source_campaign_name_273,target_business_004,52,36,9,0.15879035126443788,0.4828451557375395,140.69945514720862,,,,,50,0.05262375250458717,True
traffic_source_campaign_name_2742,target_business_001,268,187,41,0.15168009929981574,0.04828533016689736,39.799343120734314,0.044266773393825225,34.00806292516885,0.055836941407899306,44.0060783044045,50,0.026044994592666626,True
traffic_source_campaign_name_2744,target_business_001,115,80,18,0.2943935411164589,0.2166851489703033,84.74179676890904,0.1162156230134484,53.350472443188565,0.09910866046135168,45.986836864101605,50,0.020115848630666733,True
traffic_source_campaign_name_2746,target_business_001,54,37,9,0.2656931058612211,0.3331763178919815,43.014799465633835,0.24556720686367972,43.026557541339564,0.24556720686367972,43.026557541339564,50,0.0978848934173584,True
traffic_source_campaign_name_2748,target_business_001,308,215,47,0.21227159412963537,0.09598511760130855,29.554550498109478,0.09166754813893639,28.18024811418717,0.0840363685016561,25.41202142571341,50,0.014986274763941765,True
traffic_source_campaign_name_2749,target_business_001,103,72,16,0.16665539776020136,0.050645917504379925,42.417140818480824,0.0440934609267875,34.0318192484796,0.060337774420523786,48.192759355726,50,0.005568132270127535,True
traffic_source_campaign_name_2750,target_business_001,81,56,13,0.1405087313102033,0.07228645815427368,58.31083318430061,0.07353626533033596,39.255682342778734,0.07773401271453016,41.199093280648654,50,0.025352761149406433,True
traffic_source_campaign_name_2754,target_business_002,299,209,46,0.18191755683255872,0.09986838168432609,86.49186076036483,0.07467711960348382,55.923101605552986,0.06850712576688933,53.22858964164937,50,0.020272718742489815,True
traffic_source_campaign_name_2756,target_business_002,85,59,14,0.2558134858909326,0.09657472741477119,29.73713140442429,0.14929879010558744,46.233536456865686,0.15292792106172387,45.20619060934057,50,0.049595098942518234,True
traffic_source_campaign_name_2757,target_business_002,85,59,14,0.28765865313126676,0.4202971796465513,180.71522472514795,0.12087130470977911,67.78895595937642,0.10843330670118091,62.56634272005773,50,0.08666449040174484,True
traffic_source_campaign_name_2759,target_business_002,42,29,7,0.3222852256812157,0.49007668837894247,106.76288958242164,0.27734792822512117,84.34561288732006,0.27734792822512117,84.34561288732006,50,0.3991687297821045,True
traffic_source_campaign_name_276,target_business_004,282,197,43,0.21844456706276041,0.0536551373820523,18.998598105531574,0.029781730930089605,9.787498740038728,0.03642245697935547,12.193903412889712,50,0.01670907251536846,True
traffic_source_campaign_name_2764,target_business_002,53,37,9,0.2615055696044018,0.22161529859900356,204.99902229820975,,,,,50,0.08355832099914551,True
traffic_source_campaign_name_2767,target_business_004,104,72,17,0.11928438859839187,0.14219462582941023,232.27799909421424,0.013819630208504394,23.35016256166434,0.011466621138773133,19.440869181008512,50,0.023093631491065025,True
traffic_source_campaign_name_2768,target_business_004,328,229,50,0.32567370536787665,0.06920638344488395,20.557500639522715,0.06894677029914725,20.502783198607574,0.06482397607285104,18.677706627031707,50,0.020449956879019737,True
traffic_source_campaign_name_2769,target_business_004,130,91,20,0.2653710758278616,0.20632143921210358,112.83400879676803,0.04470974595426653,34.432859594269246,0.06547184136246124,46.54719859595162,50,0.027309326454997063,True
traffic_source_campaign_name_277,target_business_004,70,49,11,0.23101784254964283,0.22363453898064936,111.1551078898797,0.017639511573669456,9.232012430193832,0.017639511573669456,9.232012430193832,50,0.02909586764872074,True
traffic_source_campaign_name_2781,target_business_004,139,97,22,0.38708202424672167,1.366943710027533,356.8040612403814,0.18005275913892083,56.53456450934592,0.17283765464874576,55.4852873497379,50,0.14568181335926056,True
traffic_source_campaign_name_2783,target_business_004,315,220,48,0.3191789819908662,0.24429651927844326,84.76893921268844,0.07122091556328808,27.728005066889565,0.0704081607052674,28.725035469507176,50,0.013197383843362331,True
traffic_source_campaign_name_2784,target_business_004,161,112,25,0.3230733931867008,0.13394456553291173,60.864452501460185,0.16293554997425583,76.44064445667806,0.15603245400667623,72.43487958938746,50,0.02671661786735058,True
traffic_source_campaign_name_2787,target_business_004,94,65,15,0.35998451004044274,0.6950884795277144,139.04732770938264,0.13941104097259502,18.529627566696625,0.15391348792900114,20.714892242057328,50,0.1408568024635315,True
traffic_source_campaign_name_279,target_business_004,76,53,12,0.11185894901123301,0.07547118408936204,68.3830937008924,0.03245745386496593,26.175768758017053,0.03245745386496593,26.175768758017053,50,0.06564299017190933,True
traffic_source_campaign_name_2790,target_business_002,39,27,7,0.15091848864623914,0.20029095163504895,30.50935035354071,0.22024319343870855,31.28386745746832,0.22024319343870855,31.28386745746832,50,0.11948297917842865,True
traffic_source_campaign_name_282,target_business_004,58,40,10,0.24895895837532306,3.314269557699332,683.9000060579441,0.11349523398102496,20.40231955530292,0.11349523398102496,20.40231955530292,50,0.525069534778595,True
traffic_source_campaign_name_284,target_business_004,59,41,10,0.26058073053635916,1.0240768903848678,156.68974510664577,0.07746793983197842,10.925743162468827,0.07746793983197842,10.925743162468827,50,0.16366371512413025,True
traffic_source_campaign_name_285,target_business_004,52,36,9,0.38370399057389104,0.046340140500466864,6.413878852887699,,,,,50,0.8449743986129761,True
traffic_source_campaign_name_286,target_business_004,94,65,15,0.19195714752868098,0.2715845854614546,88.91754562028866,0.21669900971461262,60.65797327345827,0.20190513605889449,60.19050789582575,50,0.137964129447937,True
traffic_source_campaign_name_287,target_business_004,83,58,13,0.22818342328642363,0.266814627824749,104.01774071171133,0.24050888456884018,45.211237303279894,0.23322415438209296,44.482764284605175,50,0.27608317136764526,True
traffic_source_campaign_name_289,target_business_004,55,38,9,0.08707703329042141,4.63495184104662,15594.854573257535,,,,,50,1.19163179397583,True
traffic_source_campaign_name_290,target_business_004,56,39,9,0.41936888002082073,0.16719824075698853,16.719824075698853,,,,,50,0.04665449634194374,True
traffic_source_campaign_name_291,target_business_004,337,235,52,0.17721178757735834,0.03256770775395088,15.111459318408047,0.0703361746498567,29.7746517800677,0.061533661051677506,25.401040165763256,50,0.005579884629696608,True
traffic_source_campaign_name_294,target_business_004,118,82,19,0.25336389263326453,0.6303730535152728,105.6612410216877,0.12655146215252752,19.28304856988938,0.12563247870626737,18.054636561659542,50,0.10036156326532364,True
traffic_source_campaign_name_295,target_business_004,69,48,11,0.4127055690672273,0.42237616601521727,63.24850976919817,0.1477166827158392,21.39577537139543,0.1477166827158392,21.39577537139543,50,0.13972704112529755,True
traffic_source_campaign_name_315,target_business_004,238,166,37,0.41104561431016023,0.14040249158144932,23.43309697122042,0.13092486500806616,22.008539799358026,0.12902423022558654,22.73265241414801,50,0.030814576894044876,True
traffic_source_campaign_name_327,target_business_002,45,31,8,0.3551234952981677,0.025175943009081797,10.787446682269769,,,,,50,0.05800871178507805,True
traffic_source_campaign_name_328,target_business_002,40,28,6,0.29299159141401965,0.2817754755487865,111.63857937822226,0.3169826547819803,122.31970208222822,0.3169826547819803,122.31970208222822,50,0.1488436460494995,True
traffic_source_campaign_name_336,target_business_002,119,83,19,0.18578990314362398,0.1707086432278136,50.290012976886814,0.07804627675942381,26.98142864910248,0.07356482530532134,26.095408259763392,50,0.09386630356311798,True
traffic_source_campaign_name_340,target_business_002,107,74,17,0.22388213754826383,0.24560902311764124,84.04486373965985,0.09186028260464396,31.46262996538181,0.08320776401943816,28.20729711496952,50,0.04046331346035004,True
traffic_source_campaign_name_341,target_business_002,31,21,6,0.2955336261243034,0.5649845031396135,462.51284333017645,0.031337439232176106,33.46443959896093,0.031337439232176106,33.46443959896093,50,0.12457055598497391,True
traffic_source_campaign_name_343,target_business_002,30,21,5,0.32490523684098604,2.0675656140671665,290.1881749068892,,,,,50,0.6554166674613953,True
traffic_source_campaign_name_344,target_business_002,80,56,12,0.13658740294440577,0.46038766712031254,405.66050711994563,0.3379273843287498,64.72874911973267,0.3379273843287498,64.72874911973267,50,0.24869541823863983,True
traffic_source_campaign_name_356,target_business_002,110,77,17,0.19057221308296055,0.1209428881473541,41.94785768047823,0.07106338681103992,31.139859906537794,0.07088501630552926,31.654204868637294,50,0.06420763581991196,True
traffic_source_campaign_name_358,target_business_002,69,48,11,0.37243309242617306,0.619895705526835,111.21982920744958,0.18065374084095243,26.271925763877046,0.18065374084095243,26.271925763877046,50,0.1664012372493744,True
traffic_source_campaign_name_359,target_business_002,156,109,24,0.2982333138568745,0.3783598967945788,141.5018839937299,0.20729217740138178,83.41423850892674,0.23984641875470938,89.45307740913512,50,0.02949931100010872,True
traffic_source_campaign_name_363,target_business_002,241,168,37,0.14740427036192214,0.10664830628540221,108.22587512986146,0.08256924664089796,35.83558744798534,0.07541013889932234,31.01534224413679,50,0.010478264652192593,True
traffic_source_campaign_name_366,target_business_002,78,54,13,0.2410046142706196,0.28363818612539793,82.66144851785604,0.1330229083838248,38.06339173038985,0.17240353414695472,52.23826402906102,50,0.13750363886356354,True
traffic_source_campaign_name_367,target_business_002,36,25,6,0.2183299309402741,0.3660736331034985,139.8398166869351,0.15070936237767021,42.817178824772014,0.15070936237767021,42.817178824772014,50,0.13847315311431885,True
traffic_source_campaign_name_369,target_business_002,108,75,17,0.20895755265952176,0.09813190229139701,37.011573173892025,0.08185260321014756,37.87809382793713,0.09184982762749734,44.37306824271754,50,0.05152419954538345,True
traffic_source_campaign_name_370,target_business_002,141,98,22,0.28491469921685314,0.2694863810830224,116.72204482196929,0.06782582174420299,22.741965057808326,0.06704160116259143,23.10676088037659,50,0.039926934987306595,True
traffic_source_campaign_name_372,target_business_002,36,25,6,0.2952523040212312,0.8597892639903164,149.60296372682592,0.03230225600634978,5.485807478188774,0.03230225600634978,5.485807478188774,50,0.15888407826423645,True
traffic_source_campaign_name_373,target_business_002,108,75,17,0.19574387617539385,0.48100569403830207,216.51307941020096,0.07975413797103965,37.17443407889979,0.07084709127791342,33.22507869665161,50,0.18783576786518097,True
traffic_source_campaign_name_374,target_business_002,30,21,5,0.31677803953287026,0.5895835745640724,426.97938251537744,,,,,50,0.33834129571914673,True
traffic_source_campaign_name_396,target_business_001,317,221,49,0.18555052326472438,0.17958866275426213,154.24201203723692,0.08993453273902148,51.0043903878405,0.10260704359225697,64.55980668954997,50,0.018178820610046387,True
traffic_source_campaign_name_397,target_business_001,83,58,13,0.35512585179523615,0.20507586579957715,57.77431037195636,0.21530398322851152,64.55013156201078,0.20298420244639231,59.158659382619526,50,0.12992063164710999,True
traffic_source_campaign_name_398,target_business_001,60,42,9,0.4503678027400871,0.7421555253452992,229.27570301108994,0.12436049529176246,40.97599706834424,0.12436049529176246,40.97599706834424,50,0.5791965126991272,True
traffic_source_campaign_name_402,target_business_001,86,60,14,0.3829749682511963,0.27965905396597757,41.59156816034686,0.2233671064328721,34.46459190588268,0.22380321776398918,32.914337670301066,50,0.03544300049543381,True
traffic_source_campaign_name_405,target_business_001,119,83,19,0.20472612360008752,0.3281351757451943,289.793444546705,0.02765187777626502,19.149746543555615,0.03047739248853161,20.124875758083558,50,0.01885521598160267,True
traffic_source_campaign_name_406,target_business_001,57,39,10,0.5121586362888771,1.6397714811784148,266.7990772735189,0.16306151475643005,33.93832590835743,0.16306151475643005,33.93832590835743,50,0.41225484013557434,True
traffic_source_campaign_name_407,target_business_001,57,39,10,0.3154197999164856,0.3549884215520499,152.35142603702516,0.0673139783392967,30.236591501994663,0.060760717381158735,27.014349048937753,50,0.1578146517276764,True
traffic_source_campaign_name_408,target_business_001,304,212,47,0.2424471768707603,0.11248672254351728,48.37307904573423,0.11636813079141124,48.96824321390975,0.09896396283950232,40.04941455838937,50,0.03317579999566078,True
traffic_source_campaign_name_409,target_business_001,80,56,12,0.34345065626547794,0.11873273318843439,56.780684299384696,0.11499960897786812,44.79845589440878,0.11927912897647781,46.04582818121576,50,0.047277480363845825,True
traffic_source_campaign_name_411,target_business_001,150,105,23,0.29210537555677585,0.17811923970418345,94.7967450737589,0.07712996522057478,42.13126589785121,0.07423442770848042,42.06264045071336,50,0.04518131911754608,True
traffic_source_campaign_name_417,target_business_001,86,60,14,0.3300805110883277,0.2973090062447347,78.34675174375447,0.18779420234398375,30.33722228099334,0.16867513963088876,25.77865729681496,50,0.06179976463317871,True
traffic_source_campaign_name_419,target_business_001,34,23,6,0.4244825350553743,1.3452594480620421,393.02051740307945,0.13357400722021662,61.984521629582076,0.13357400722021662,61.984521629582076,50,0.28745540976524353,True
traffic_source_campaign_name_425,target_business_001,46,32,8,0.37339854707529563,0.19819055740911137,59.01903000701041,,,,,50,0.10005122423171997,True
traffic_source_campaign_name_428,target_business_001,60,42,9,0.19488016056884802,0.9338005566738368,684.8373112327987,,,,,50,0.18111611902713776,True
traffic_source_campaign_name_442,target_business_003,30,21,5,0.5188965746498992,1.9668621878520562,213.64415636013518,,,,,50,0.3922916054725647,True
traffic_source_campaign_name_444,target_business_003,80,56,12,0.27559136801598355,0.4672861151293057,208.20881967967128,0.04640214753483362,23.458128102064038,0.04640214753483362,23.458128102064038,50,0.08037644624710083,True
traffic_source_campaign_name_450,target_business_003,83,58,13,0.16078553907672347,0.3890089131814162,581.7009260050735,0.03215982437774358,28.815182641899074,0.039104342612297394,33.842888152147204,50,0.03679278865456581,True
traffic_source_campaign_name_460,target_business_003,32,22,6,0.46687850869375014,0.8970945653941792,182.51797331066055,0.0007124125605703635,0.14481716832497796,0.0007124125605703635,0.14481716832497796,50,0.20213349163532257,True
traffic_source_campaign_name_487,target_business_003,65,45,11,0.19133693252902922,0.4477566281546486,210.52171528886512,0.10104500000000002,50.43675751222922,0.10104500000000002,50.43675751222922,50,0.1038726195693016,True
traffic_source_campaign_name_489,target_business_003,61,42,10,0.25553507536266357,1.3587136239869504,323.83362091865405,0.7464662552259607,298.8840175368674,0.7464662552259607,298.8840175368674,50,0.14023935794830322,True
traffic_source_campaign_name_498,target_business_001,258,180,40,0.2306402400361789,0.146957399262823,49.30340280601624,0.13616844203263417,50.47715060765832,0.13276050406117146,53.50368633891562,50,0.01925663650035858,True
traffic_source_campaign_name_499,target_business_001,34,23,6,0.3570102813941886,0.19178503507623693,53.86505895746727,0.04963952642370523,13.090877376591651,0.04963952642370523,13.090877376591651,50,0.43499916791915894,True
traffic_source_campaign_name_500,target_business_001,393,275,60,0.18350153240426303,0.08973591185774629,45.72898084770033,0.07176613025774176,35.175656063168,0.07189855285443846,37.50100042879361,50,0.012422882951796055,True
traffic_source_campaign_name_502,target_business_001,104,72,17,0.27605327843403393,0.07385752343280978,39.62699152037767,0.02576280260721685,12.006650725091326,0.03563402100407786,17.476451198232095,50,0.03106401301920414,True
traffic_source_campaign_name_503,target_business_001,83,58,13,0.14975125805826092,0.39906740120726436,241.26422090361496,0.03354622944975168,20.097982491052903,0.03307701228355901,19.773750946583267,50,0.3384624719619751,True
traffic_source_campaign_name_505,target_business_001,77,53,13,0.2226631520993391,0.24018652060728787,60.27060117692605,0.06880123076170204,18.790681668113226,0.07123576243607625,19.423673842939067,50,0.08712708950042725,True
traffic_source_campaign_name_506,target_business_001,87,60,14,0.152235587282685,0.4314670767508156,159.04263456711402,0.21824617178820918,70.23586485420171,0.19515110923603662,54.61345407103353,50,0.11062174290418625,True
traffic_source_campaign_name_507,target_business_001,95,66,15,0.2650338815077312,0.15684951914202455,48.84451163667331,0.05144504272197992,14.052697144961957,0.06505566887559096,17.594824490536134,50,0.04940200597047806,True
traffic_source_campaign_name_508,target_business_001,88,61,14,0.29747616710177005,0.18267318527033613,52.29520902571644,0.15364518272136188,38.69851470289812,0.1496775990637787,41.59494998699301,50,0.031356360763311386,True
traffic_source_campaign_name_509,target_business_001,94,65,15,0.2852018600214182,0.12484839403607954,41.64883314446989,0.09481378736306306,30.96150727687807,0.08589551115524756,27.48774348818755,50,0.06573088467121124,True
traffic_source_campaign_name_510,target_business_001,91,63,15,0.340360450651465,0.09146692431812938,20.947300721606936,0.11294247667043224,24.501331934837445,0.12246877752040808,25.261264115891173,50,0.03868762403726578,True
traffic_source_campaign_name_511,target_business_001,66,46,11,0.25771645842816676,0.3360426483740846,132.32051302386589,0.17679261625074427,39.132438687719514,0.17679261625074427,39.132438687719514,50,0.06523144990205765,True
traffic_source_campaign_name_512,target_business_001,59,41,10,0.17499743462655717,0.137192026148883,43.535539459506886,0.0886695611423967,28.118262803689888,0.13048541904436228,36.36608553443176,50,0.024037927389144897,True
traffic_source_campaign_name_513,target_business_001,41,28,7,0.24815431975636384,0.2253202323512549,42.731853594633314,0.3499217947291611,37.61240745520579,0.3499217947291611,37.61240745520579,50,0.3385290503501892,True
traffic_source_campaign_name_515,target_business_001,183,128,28,0.21979459264542517,0.06227815167007177,17.251577653766738,0.09485672688346025,24.26880314961707,0.10020965913460281,25.23710651677833,50,0.012803565710783005,True
traffic_source_campaign_name_520,target_business_001,56,39,9,0.39814489548693077,2.871184891435634,389.8982453438262,,,,,50,0.4022696018218994,True
traffic_source_campaign_name_521,target_business_001,32,22,6,0.2999977593835581,0.4383955338153567,53.577794761197985,0.32080565413898743,37.59019015461168,0.32080565413898743,37.59019015461168,50,0.6158248782157898,True
traffic_source_campaign_name_522,target_business_001,30,21,5,0.4057563930892508,2.1956145506723743,303.01792126475823,,,,,50,0.6637809872627258,True
traffic_source_campaign_name_523,target_business_001,74,51,12,0.19054796990900655,0.37956353807889703,55.14774908740584,0.2578147703754731,29.65201564267736,0.2578147703754731,29.65201564267736,50,0.02892080880701542,True
traffic_source_campaign_name_529,target_business_001,120,84,18,0.2992349726510375,0.21608510962371175,51.594381618260535,0.12916313857510192,30.93342826920258,0.18985479992513904,49.548558689977604,50,0.03818628191947937,True
traffic_source_campaign_name_530,target_business_001,166,116,26,0.31355928993568355,0.16506977634042952,44.64550461442024,0.11231992689688623,26.38957789768581,0.1111368910509985,25.193885505312323,50,0.027715550735592842,True
traffic_source_campaign_name_531,target_business_001,199,139,31,0.18388593379577328,0.05374291199464532,32.603773864912284,0.07485605635198021,40.875576427360585,0.06721040176986616,35.57308762586945,50,0.01813064143061638,True
traffic_source_campaign_name_534,target_business_001,31,21,6,0.3286128182031596,0.1969737721921099,37.43034186367146,0.5047100213053013,55.27766397059531,0.5047100213053013,55.27766397059531,50,0.336986243724823,True
traffic_source_campaign_name_537,target_business_001,49,34,8,0.2428659722525773,0.7066120764165161,405.0974636136026,,,,,50,0.49050331115722656,True
traffic_source_campaign_name_541,target_business_001,79,55,13,0.1523152991803154,0.34847394670459386,157.67191644822168,0.16614967747509357,167.64191358719756,0.17541015061877968,173.05628220331593,50,0.048456743359565735,True
traffic_source_campaign_name_545,target_business_001,283,198,43,0.1903207238084088,0.07558813460550627,39.23585667004065,0.07408509818895624,38.35795111533661,0.08008663297987681,37.921195378650395,50,0.0158291794359684,True
traffic_source_campaign_name_546,target_business_001,185,129,29,0.1763005872840633,0.08476329961563502,42.19692668252796,0.09975245341954932,57.656811122320285,0.10416003260474248,57.8451061785795,50,0.005206657573580742,True
traffic_source_campaign_name_549,target_business_001,163,114,25,0.20529325173350774,0.1891418268777942,53.109678894917735,0.19372601571086737,55.43482847116654,0.16645925605045367,48.08258718896474,50,0.03565094619989395,True
traffic_source_campaign_name_550,target_business_004,48,33,8,0.6103050685732637,0.1962625346022261,25.44052026651612,0.0720972203809271,9.206811806291071,0.0720972203809271,9.206811806291071,50,0.08528032898902893,True
traffic_source_campaign_name_552,target_business_004,432,302,66,0.21634895300668977,0.10963869983271905,33.7157361541169,0.08097903426614342,22.010848269086676,0.10925669101470424,27.561724741502886,50,0.023261409252882004,True
traffic_source_campaign_name_553,target_business_004,91,63,15,0.4336249942782937,0.11285389733777908,18.04027523776284,0.08559292301889278,13.444492174901388,0.08888232552257845,13.692444420291563,50,0.04899400472640991,True
traffic_source_campaign_name_555,target_business_004,363,254,55,0.2565801586683501,0.1131282244877355,43.02894979159062,0.05659956470730561,19.064223213894135,0.0543137702260675,18.007644846591493,50,0.012174059636890888,True
traffic_source_campaign_name_557,target_business_002,250,175,38,0.20155147943512938,0.18569365108460378,165.65539558228295,0.07806584547960077,53.15605996458316,0.07944503242303906,56.519319723509334,50,0.08813487738370895,True
traffic_source_campaign_name_558,target_business_002,102,71,16,0.15267470073006095,0.5901370165666191,322.77866413792606,0.10929846297493359,42.354156688008075,0.10991251628856673,40.28456599264415,50,0.27872586250305176,True
traffic_source_campaign_name_561,target_business_002,128,89,20,0.18587248895842645,0.16897583565346183,87.60920965024789,0.09830446625318422,54.46136514652644,0.07537444069037477,39.18209803714266,50,0.03706866502761841,True
traffic_source_campaign_name_562,target_business_002,153,107,24,0.219562224672126,0.17844854658184295,109.74802519216837,0.13846619802279286,56.62706911959449,0.12495605719975753,50.66769697654654,50,0.05953526496887207,True
traffic_source_campaign_name_566,target_business_002,118,82,19,0.37022522219355614,0.15346384824541223,116.59818498903694,0.04606219608224139,24.879905385825012,0.05173122098128553,31.668812246747834,50,0.08543051034212112,True
traffic_source_campaign_name_568,target_business_002,319,223,49,0.19675511949138716,0.0699737803962976,35.94474930880372,0.09111384894946695,40.88619476982458,0.09616028354046639,46.24969903636224,50,0.00823635421693325,True
traffic_source_campaign_name_570,target_business_002,311,217,48,0.15673719098156932,0.1490859405010678,81.35070821155031,0.08535076884400807,47.98359081895044,0.08384888640857592,48.99987414039242,50,0.014770214445888996,True
traffic_source_campaign_name_571,target_business_002,322,225,49,0.26668503738422056,0.07526425012644869,32.581389217547475,0.12059307672579211,58.42273274418701,0.10730311021871218,54.634911067767476,50,0.0217850673943758,True
traffic_source_campaign_name_572,target_business_002,249,174,38,0.4195692490915637,0.084172147217562,19.060940779254924,0.15790802376701954,39.16589582532672,0.17262268756062027,43.16288407542094,50,0.014927888289093971,True
traffic_source_campaign_name_574,target_business_002,360,251,55,0.1147253392893748,0.11954752933118275,80.56295237712352,0.09289045368577502,65.85754444565582,0.09286650988352457,69.98623353811537,50,0.014639102853834629,True
traffic_source_campaign_name_576,target_business_002,128,89,20,0.2665377378210621,0.7278047788584305,126.62042365097912,0.08961780896974875,19.90244112920429,0.12696206800833476,24.177793755620463,50,0.05166499689221382,True
traffic_source_campaign_name_582,target_business_001,142,99,22,0.21129411848249394,0.0625834394493088,47.02928659384042,0.060772116017471435,36.582594471842626,0.0533989393414878,29.805042840794048,50,0.02275245450437069,True
traffic_source_campaign_name_583,target_business_001,509,356,77,0.24512354982359874,0.08481022576466195,46.8142578635016,0.0682883118939364,30.289190767136105,0.07017603999647544,33.296200420251,50,0.01445649191737175,True
traffic_source_campaign_name_587,target_business_001,73,51,12,0.23007617241430595,0.2945123649337765,576.4245574240174,0.08129427467604272,76.13086975992093,0.08129427467604272,76.13086975992093,50,0.03762212023139,True
traffic_source_campaign_name_598,target_business_001,56,39,9,0.1263765609704357,1.4857405712809948,3425.713749554676,0.018380572168601596,51.05509134683478,0.018380572168601596,51.05509134683478,50,0.17847420275211334,True
traffic_source_campaign_name_601,target_business_001,107,74,17,0.16450072106724548,0.4908635584782832,527.6830269925678,0.09077787248245761,44.19117994509486,0.09634705564535806,41.235595011151325,50,0.10850493609905243,True
traffic_source_campaign_name_603,target_business_001,38,26,7,0.26417899986203564,0.47528906710560204,273.9457931420299,0.1996784174662773,48.31278823979568,0.1996784174662773,48.31278823979568,50,0.41753482818603516,True
traffic_source_campaign_name_604,target_business_001,32,22,6,0.3126602599410539,1.167977970487693,424.50122864818434,0.13524881671504413,36.57162049885982,0.13524881671504413,36.57162049885982,50,0.22783924639225006,True
traffic_source_campaign_name_605,target_business_001,98,68,16,0.3461867910402179,0.29117458041277977,62.217273977126844,0.1718124984072266,41.00253868247138,0.15094560335201826,36.99889973943652,50,0.20739564299583435,True
traffic_source_campaign_name_606,target_business_001,507,354,77,0.18224203446189446,0.04880745461253626,21.682108480699213,0.06295272194199286,28.439499777915668,0.06296487699265116,28.955911911999078,50,0.009593727067112923,True
traffic_source_campaign_name_617,target_business_005,193,135,30,0.21681099064075318,0.0773896192734475,40.894891983071204,0.07478775763235221,33.86329968698561,0.09305906446807682,40.541058729743995,50,0.0281105674803257,True
traffic_source_campaign_name_621,target_business_001,30,21,5,0.4252918789059565,0.18237333152097712,82.82689888472878,,,,,50,0.48504042625427246,True
traffic_source_campaign_name_625,target_business_001,74,51,12,0.25870012396088765,0.2176056309789766,60.23072041876958,0.05332526507187707,15.626325903387494,0.05332526507187707,15.626325903387494,50,0.09753900021314621,True
traffic_source_campaign_name_640,target_business_001,82,57,13,0.26814843338657496,0.9218640670680452,363.915939474017,0.30826089216335967,105.88095985652015,0.28446955521771333,95.21564561368582,50,0.3563266396522522,True
traffic_source_campaign_name_641,target_business_001,106,74,17,0.4922606324088495,0.3751378204297962,136.02989265289406,0.08903022339623612,33.02087957439156,0.10892279050531928,36.52468886913653,50,0.026778150349855423,True
traffic_source_campaign_name_645,target_business_001,49,34,8,0.18966601716699286,0.46149913760922395,481.3794616468302,,,,,50,0.4216442406177521,True
traffic_source_campaign_name_647,target_business_001,33,23,6,0.259245506450538,1.1726839266938955,270.4679927466691,0.2583748150141263,44.94500351041424,0.2583748150141263,44.94500351041424,50,0.16797500848770142,True
traffic_source_campaign_name_649,target_business_001,40,28,6,0.21524567391044433,0.4607022055225438,424.21136139211296,0.0729967575547217,41.77488905371936,0.0729967575547217,41.77488905371936,50,0.2664715647697449,True
traffic_source_campaign_name_664,target_business_002,97,67,16,0.19793615908290527,0.12333682896507546,60.79810143707067,0.052402345705830244,27.325771399809405,0.049781877201090764,26.811822115359824,50,0.09941177815198898,True
traffic_source_campaign_name_665,target_business_002,526,368,80,0.14465251468273654,0.038053136644409506,29.480135550242885,0.038462541370151045,23.299353362180636,0.038046101017240326,23.05983108373915,50,0.007958673872053623,True
traffic_source_campaign_name_669,target_business_002,117,81,19,0.334009097357598,0.07147222743712776,26.45584147096734,0.09104673065695372,33.50406309683531,0.08003422382471526,29.031128647058445,50,0.027466217055916786,True
traffic_source_campaign_name_670,target_business_002,66,46,11,0.10120567250035208,0.703172904307952,1007.9848189307105,0.009338432750296454,12.39490691318403,0.009338432750296454,12.39490691318403,50,0.16308476030826569,True
traffic_source_campaign_name_705,target_business_002,34,23,6,0.4242703196112146,0.27916160626114805,48.95373041607314,0.13490735129846904,28.386832887823775,0.13490735129846904,28.386832887823775,50,0.36353322863578796,True
traffic_source_campaign_name_721,target_business_002,31,21,6,0.2553107622664074,0.830438278860478,234.52241931443538,0.09219508115341449,28.706951130186475,0.12431219904434192,42.228482343415436,50,0.36552897095680237,True
traffic_source_campaign_name_745,target_business_002,92,64,15,0.15253033621843679,0.4833100716259139,1026.72005901365,0.09332848823559932,259.3411373316188,0.08709867526083631,255.16610569711506,50,0.07058314234018326,True
traffic_source_campaign_name_751,target_business_005,89,62,14,0.32883812380081817,0.5194832864864313,100.39665149020462,0.2577437220689197,41.76589951999515,0.25852569606672027,39.630137045766226,50,0.26304998993873596,True
traffic_source_campaign_name_753,target_business_005,36,25,6,0.44872045823200385,0.7626558768751058,127.14669317046608,0.1389684540177208,28.41663412729404,0.1389684540177208,28.41663412729404,50,0.1281163990497589,True
traffic_source_campaign_name_765,target_business_005,50,35,8,0.18387118733843938,0.20091084728072617,114.11876750924748,,,,,50,0.08171674609184265,True
traffic_source_campaign_name_769,target_business_005,52,36,9,0.19177180499376378,0.9013028740882874,90.13028740882874,,,,,50,0.2669391930103302,True
traffic_source_campaign_name_791,target_business_004,74,51,12,0.11525927778787896,0.12173273795489646,95.65709870298056,0.1988419477973796,139.1309637195078,0.1988419477973796,139.1309637195078,50,0.07928945869207382,True
traffic_source_campaign_name_793,target_business_004,248,173,38,0.26194345223681853,0.0777702524098606,27.491546773198287,0.12197097033672993,43.15724806335454,0.12005090053191356,43.846444153878615,50,0.0136381471529603,True
traffic_source_campaign_name_796,target_business_002,123,86,19,0.18126310497016196,0.14082659962628288,74.18500545347779,0.11955063153603254,48.04300498820527,0.13457623239910615,54.68951545999057,50,0.03265029191970825,True
traffic_source_campaign_name_797,target_business_002,69,48,11,0.21161002951568028,1.4799283990233476,856.6355221812674,0.25981831214161055,114.27942205704464,0.27141792362669326,116.21365510213761,50,0.5884916186332703,True
traffic_source_campaign_name_799,target_business_002,51,35,9,0.33917705980955404,0.4267363155226629,189.99674877854633,,,,,50,0.5889170169830322,True
traffic_source_campaign_name_800,target_business_002,117,81,19,0.21506288538985335,0.48069500412271715,144.66948396500248,0.3145653848359316,89.24849990318197,0.29810367780500246,91.58147943579387,50,0.0522453635931015,True
traffic_source_campaign_name_801,target_business_002,30,21,5,0.31498200666608445,0.4414003565966037,193.73796251658825,0.09932538642913284,37.604601692316216,0.09932538642913284,37.604601692316216,50,0.337419331073761,True
traffic_source_campaign_name_802,target_business_002,88,61,14,0.2615828069379964,0.3248712752635435,150.00970917481416,0.08463258023519749,34.198495659390396,0.08277287736765285,33.513691604968955,50,0.11346152424812317,True
traffic_source_campaign_name_803,target_business_002,93,65,15,0.3119622686668238,0.17202845154315483,67.03568625258968,0.17333697688275057,44.35275873197067,0.18719816254884344,52.38801566430645,50,0.05535099655389786,True
traffic_source_campaign_name_805,target_business_002,66,46,11,0.5375627930379995,0.12131424292138569,24.779881378172032,0.14842009842009843,42.49957989822202,0.14842009842009843,42.49957989822202,50,0.09811972826719284,True
traffic_source_campaign_name_812,target_business_002,53,37,9,0.3757994920251271,1.0648061099648867,117.58511212908087,0.6865730410815067,69.44112571352716,0.6865730410815067,69.44112571352716,50,0.4234595000743866,True
traffic_source_campaign_name_815,target_business_002,40,28,6,0.4784694470296261,0.9143983515699056,128.30919395665765,0.2736563517915309,35.39229919175055,0.2736563517915309,35.39229919175055,50,0.2695894241333008,True
traffic_source_campaign_name_818,target_business_002,47,32,8,0.3474403144820615,0.19980207461045887,104.21128790866099,,,,,50,0.12405752390623093,True
traffic_source_campaign_name_823,target_business_002,31,21,6,0.28716572186170064,0.30434926912969507,88.66853590145172,0.2366243910633294,46.53919220285785,0.2366243910633294,46.53919220285785,50,0.17042161524295807,True
traffic_source_campaign_name_826,target_business_002,81,56,13,0.44577337876448325,0.9180318149086947,358.9577442238033,0.22205677183945058,62.70489738376372,0.2161184445875367,60.34526696443181,50,0.1205834150314331,True
traffic_source_campaign_name_827,target_business_002,65,45,11,0.39033764153074685,0.4687676753542114,239.91936283146583,0.19245443935721335,97.30170233169353,0.19203221788311337,97.05623651749728,50,0.25176018476486206,True
traffic_source_campaign_name_828,target_business_002,46,32,8,0.46899290015354866,1.2571033727478338,258.8767328194242,0.44438845625286305,58.15947242206235,0.44438845625286305,58.15947242206235,50,0.4112960696220398,True
traffic_source_campaign_name_829,target_business_002,51,35,9,0.4736046130686463,0.1278534115834053,51.259708533736536,0.12871099143882903,58.35811551103458,0.12871099143882903,58.35811551103458,50,0.14517132937908173,True
traffic_source_campaign_name_832,target_business_002,31,21,6,0.3793466558844772,0.44336711840315185,69.17331062909484,0.1387757554945056,18.505340522718697,0.1387757554945056,18.505340522718697,50,1.2663973569869995,True
traffic_source_campaign_name_837,target_business_006,85,59,14,0.2715310583358983,1.0320343982028666,481.02672082502824,0.09057666160486796,40.726926593881025,0.11467927397163472,49.81759157120915,50,0.10817918181419373,True
traffic_source_campaign_name_838,target_business_006,129,90,20,0.21267385435671632,0.13665904460672834,48.72899737954776,0.10405960113294026,53.49543518396628,0.11892656354210482,68.54164589853535,50,0.037497565150260925,True
traffic_source_campaign_name_840,target_business_002,108,75,17,0.47499304545398036,0.1791453537600705,40.371214265624204,0.07379125282204191,17.91868765138493,0.06627615295866585,16.475028749646718,50,0.09397352486848831,True
traffic_source_campaign_name_842,target_business_002,103,72,16,0.3049081495697549,0.2438203614411712,151.63693657983222,0.10787272555986223,67.94483472993372,0.10183485443326774,62.61418903771157,50,0.04335140809416771,True
traffic_source_campaign_name_844,target_business_005,34,23,6,0.3542791545236842,0.3992007732937586,144.33716569151605,0.1082035994258585,53.37690631808283,0.1082035994258585,53.37690631808283,50,0.35563966631889343,True
traffic_source_campaign_name_855,target_business_002,206,144,32,0.3773481194178848,0.24680572272917795,63.19451336357249,0.15911599581311262,45.28192023360399,0.16304969889754364,45.15649707514171,50,0.043821435421705246,True
traffic_source_campaign_name_859,target_business_002,342,239,52,0.12774361845308768,0.13867006913590801,105.03055301639104,0.09455812832893497,53.31773145579576,0.0828704975458572,48.075351047227485,50,0.10344083607196808,True
traffic_source_campaign_name_860,target_business_002,186,130,29,0.13162596673641627,0.0855195006226899,62.18464347814985,0.02711999386890483,20.06210233400225,0.025698245357606106,19.662568229017058,50,0.01568036898970604,True
traffic_source_campaign_name_865,target_business_002,77,53,13,0.37697544768059243,0.6066427144958764,130.92787925774368,0.03956157723412139,8.995896292809022,0.04052863312736911,9.234684028867118,50,0.23303921520709991,True
traffic_source_campaign_name_869,target_business_002,30,21,5,0.546671151067284,1.4987840855869654,181.1796772279918,,,,,50,0.4212002754211426,True
traffic_source_campaign_name_870,target_business_002,40,28,6,0.3145774623047049,0.4166657823026318,100.15402193197693,0.3028492100218153,46.120082148753674,0.3028492100218153,46.120082148753674,50,0.25038042664527893,True
traffic_source_campaign_name_871,target_business_002,52,36,9,0.3327316765402669,1.5868697762489319,158.6869776248932,,,,,50,0.31909582018852234,True
traffic_source_campaign_name_874,target_business_002,173,121,27,0.41365871325713127,0.15358090953707856,37.69588740451073,0.20067251461988306,55.27976448512691,0.1841466165413534,51.377114421335705,50,0.06501413136720657,True
traffic_source_campaign_name_875,target_business_002,31,21,6,0.49261495448955767,0.40460476584733845,45.329791778596075,0.019329668380918652,2.1955886796253457,0.019329668380918652,2.1955886796253457,50,0.9307839870452881,True
traffic_source_campaign_name_880,target_business_002,31,21,6,0.49680857205312984,0.17938767915143375,32.94575003012091,0.5498613308832287,54.98613308832287,0.5498613308832287,54.98613308832287,50,0.4594278931617737,True
traffic_source_campaign_name_881,target_business_006,390,273,59,0.10359699657817506,0.06384733316882776,46.73800147812575,0.04551115631565906,28.471251496895523,0.0451661218541674,26.73408666946042,50,0.02951822802424431,True
traffic_source_campaign_name_888,target_business_002,41,28,7,0.3823054661535462,0.8762941246472041,296.26730707131355,0.15366813956432637,64.50176198544972,0.15366813956432637,64.50176198544972,50,0.4252067804336548,True
traffic_source_campaign_name_889,target_business_002,106,74,17,0.29090053477698075,0.0829123056956033,14.747353460655619,0.17561267073269005,40.17126169993153,0.19085806325938234,45.456701594470964,50,0.025789055973291397,True
traffic_source_campaign_name_897,target_business_002,258,180,40,0.36546067452794445,0.11500020636748336,44.176257561540965,0.14886072906861003,48.6288040560322,0.1484588804385913,51.39825959115094,50,0.009182584472000599,True
traffic_source_campaign_name_898,target_business_001,33,23,6,0.2693819071836011,1.775434023525358,866.9651155799908,0.12078371436455887,42.61533852606354,0.12078371436455887,42.61533852606354,50,0.30615144968032837,True
traffic_source_campaign_name_906,target_business_002,44,30,8,0.2949182114440494,0.3290887588416788,170.88134244705904,,,,,50,0.1506197154521942,True
traffic_source_campaign_name_909,target_business_002,235,164,36,0.16867324978443607,0.21193668979093008,104.5841902841301,0.15370350077465905,67.04353490667009,0.12237125268456121,56.00548374557792,50,0.011149040423333645,True
traffic_source_campaign_name_919,target_business_002,117,81,19,0.2268343112463743,0.11613642987780107,52.02581709827127,0.08950440482042707,39.657170904102266,0.10672901231378704,49.03604152119022,50,0.025667181238532066,True
traffic_source_campaign_name_920,target_business_002,83,58,13,0.36814884367543155,0.3301194257486711,39.19570281182943,0.19451010819995465,24.598150646266863,0.19637734190398784,24.796270540462075,50,0.0812179297208786,True
traffic_source_campaign_name_923,target_business_002,128,89,20,0.18144555069404153,0.21325700586580018,153.0607451912159,0.20930927506617766,94.60411789547145,0.23051631902676925,104.38252358525708,50,0.012960699386894703,True
traffic_source_campaign_name_925,target_business_002,129,90,20,0.18227331589126,0.06391438555110174,29.91189544839465,0.10009373214434754,39.43866676143136,0.10485285108053356,43.557735695825436,50,0.013859884813427925,True
traffic_source_campaign_name_927,target_business_002,113,79,18,0.22123044629795113,0.0787653150308859,26.322221495501104,0.08637275489071214,28.406927111514747,0.07417593213979028,23.58040789678056,50,0.022179482504725456,True
traffic_source_campaign_name_941,target_business_002,73,51,12,0.31835995891655927,0.7618629033933626,245.9222591065498,0.2367438638163104,48.47656079556798,0.23515290973871739,48.12455760728404,50,0.0992647260427475,True
traffic_source_campaign_name_943,target_business_002,73,51,12,0.5610931577583398,0.5358259211414576,76.49083079926054,0.08117167512815959,12.778423281175929,0.08117167512815959,12.778423281175929,50,0.33845874667167664,True
traffic_source_campaign_name_947,target_business_005,44,30,8,0.4182707187256218,0.2633182175391455,87.62139384038001,,,,,50,0.2583463490009308,True
traffic_source_campaign_name_952,target_business_005,44,30,8,0.5053767114233408,0.16817328696949368,40.580812321479065,,,,,50,0.09801995754241943,True
traffic_source_campaign_name_954,target_business_005,72,50,12,0.5329101745654636,0.3990128417290827,62.898563347281375,0.1884710426538682,30.72563796800094,0.1884710426538682,30.72563796800094,50,0.1406092643737793,True
traffic_source_campaign_name_956,target_business_002,31,21,6,0.49524563262109383,0.4948057475417677,75.0564755984053,0.0023014759302938947,0.3493525595502612,0.0023014759302938947,0.3493525595502612,50,0.18236924707889557,True
traffic_source_campaign_name_957,target_business_002,180,125,28,0.2873213934071365,0.04660187607380709,20.233910971485177,0.057570016190805366,24.23539133822487,0.06793439306341306,27.160306773908026,50,0.013870537281036377,True
traffic_source_campaign_name_971,target_business_002,32,22,6,0.5342797475072184,0.84515403770909,188.27381733032271,0.29852436112374653,42.12682658399456,0.29852436112374653,42.12682658399456,50,0.14495418965816498,True
traffic_source_campaign_name_977,target_business_002,30,21,5,0.4649223238018203,0.4659584869197111,61.55906242470047,,,,,50,0.10464557260274887,True
traffic_source_campaign_name_980,target_business_005,95,66,15,0.39596645159616944,1.1035518632977301,484.9278398925627,0.037934675855276975,14.85034120909907,0.033159561479993736,12.796753355627954,50,0.1696285605430603,True
traffic_source_campaign_name_981,target_business_005,480,336,72,0.38657802872165553,0.0432707317434599,10.699145248486404,0.04153216346198625,10.358836270455441,0.04477589271905404,11.119728982410303,50,0.010024252347648144,True
traffic_source_campaign_name_982,target_business_005,145,101,23,0.4531770396885332,0.11649217535839751,30.445933426443144,0.04338663993536896,11.103399408732667,0.04074011221139249,10.521058918654347,50,0.06448856741189957,True
traffic_source_campaign_name_984,target_business_005,100,70,15,0.6239878030413082,0.30533491995134787,58.17222154161136,0.018898530082561153,4.523466757354032,0.02536092960745439,6.116324958748068,50,0.13502289354801178,True
traffic_source_campaign_name_985,target_business_005,96,67,15,0.5650949800677186,0.4023703475536463,76.8589486695465,0.10804202249824979,19.56720141272621,0.10114053564722796,18.53777629534115,50,0.36363038420677185,True
traffic_source_campaign_name_996,target_business_005,47,32,8,0.2256203585635622,0.27940707687134164,140.91179342807197,,,,,50,0.1546546369791031,True
