Campaign,Business,Total_Days,Train_Days,Test_Days,Avg_CPL,Test_MAE,Test_MAPE,SMA3_MAE,SMA3_MAPE,SMA7_MAE,SMA7_MAPE,Epochs_Trained,Final_Loss,Converged_Early
traffic_source_campaign_name_004,target_business_002,202,141,31,0.20179331432470798,0.12696856405586912,33.53801681575649,0.21179843517709634,73.67739049894557,0.19771241477896812,62.274299918753876,200,0.02324231155216694,False
traffic_source_campaign_name_015,target_business_002,30,21,5,0.3790162538297761,0.300485537486352,96.63168082587579,,,,,200,0.03767568618059158,False
traffic_source_campaign_name_016,target_business_002,152,106,24,0.22923808142110044,0.1828075301401111,53.33293653974969,0.18210913966253797,49.849204245573695,0.17112071339252596,46.63133809238487,200,0.023867014795541763,False
traffic_source_campaign_name_023,target_business_002,39,27,7,0.5880672781933286,0.2839471496740023,42.36027868698377,0.2792116846738696,55.68582000858461,0.28093800020008003,57.588596539848695,200,0.02033943682909012,False
traffic_source_campaign_name_025,target_business_002,76,53,12,0.2465011851667905,0.1408344736959973,44.37827013783549,0.1434182749762063,36.9468035074558,0.1313066217985874,32.44063005165175,200,0.00974084623157978,False
traffic_source_campaign_name_037,target_business_002,30,21,5,0.2641734276037032,0.3814200046964135,208.70830249005533,0.09018968583283934,39.97635312664214,0.09018968583283934,39.97635312664214,200,0.062122613191604614,False
traffic_source_campaign_name_040,target_business_001,130,91,20,0.3712643452761695,0.06694328010208693,33.630299393385116,0.08424815083153389,34.24717352120422,0.08781388954000455,32.154717116309016,200,0.01713133044540882,False
traffic_source_campaign_name_052,target_business_001,40,28,6,0.46233162560808383,0.7244725647634014,111.53836896034059,0.4513262510857219,105.64591804817016,0.4513262510857219,105.64591804817016,200,0.03324234113097191,False
traffic_source_campaign_name_058,target_business_001,31,21,6,0.19041611785142581,1.674170130949289,1317.667575367239,0.10366472229267058,129.86497220015903,0.10366472229267058,129.86497220015903,200,0.09357523918151855,False
traffic_source_campaign_name_059,target_business_001,42,29,7,0.3777215768875275,0.5489777810888566,496.1775051196846,0.4574027926960259,198.94952271583583,0.4574027926960259,198.94952271583583,200,0.03472854197025299,False
traffic_source_campaign_name_060,target_business_001,33,23,6,0.3037949889351343,0.4055204759430406,57.43565687871693,0.46806374701970144,156.58677672369072,0.46806374701970144,156.58677672369072,200,0.028311416506767273,False
traffic_source_campaign_name_061,target_business_001,30,21,5,0.4261929308901828,0.28973859498672466,79.67096781581688,,,,,200,0.02263028919696808,False
traffic_source_campaign_name_066,target_business_001,39,27,7,0.4154496838081296,0.32290079801321464,36.18995913308505,0.3778623116574147,38.71488224580102,0.3778623116574147,38.71488224580102,200,0.026728278025984764,False
traffic_source_campaign_name_075,target_business_003,56,39,9,0.25023798861550295,0.05883311616585152,27.775269980537832,0.07488175851460246,32.50366268452146,0.07154049495861366,31.50893797358179,200,0.005517692305147648,False
traffic_source_campaign_name_096,target_business_003,65,45,11,0.15144852784296167,0.11401783163974939,172.1700234599427,0.070776893629332,106.76670290157213,0.06894103996402205,105.63171196610905,200,0.005397869274020195,False
traffic_source_campaign_name_1004,target_business_005,30,21,5,0.6539341497541632,1.1403492808766909,156.52441954675544,,,,,200,0.03121211752295494,False
traffic_source_campaign_name_101,target_business_004,79,55,13,0.3926122060353049,0.2846239943036062,63.45216396849184,0.3883267115736259,77.85679790201283,0.36429860326807934,69.28673803852396,200,0.01432653795927763,False
traffic_source_campaign_name_1010,target_business_005,65,45,11,0.2927688664700683,0.28014045332078047,130.41066563291898,0.12386396249323274,103.97591619314656,0.12386396249323274,103.97591619314656,200,0.008114848285913467,False
traffic_source_campaign_name_1011,target_business_005,42,29,7,0.1527868601953332,0.19806966364413806,134.0012309435183,0.051455798683839156,25.237533225737387,0.051455798683839156,25.237533225737387,200,0.005479110404849052,False
traffic_source_campaign_name_1032,target_business_005,109,76,17,0.5450646853541988,0.043322279074426207,4.9813867024067084,0.06497151825870856,6.98895821334487,0.06483238495247375,6.90788568918983,200,0.010488075204193592,False
traffic_source_campaign_name_1033,target_business_005,83,58,13,0.44218518556893527,0.1474170881308704,26.21225783154044,0.2114776757256486,41.12169135907362,0.22544416945078732,45.608266918839995,200,0.014224901795387268,False
traffic_source_campaign_name_106,target_business_004,172,120,27,0.20322461007110695,0.11309628644252015,71.07928778102433,0.17906486624172277,98.22293365802302,0.14110176255887333,81.91382451511006,200,0.0091147031635046,False
traffic_source_campaign_name_1061,target_business_002,33,23,6,0.2091547652746998,0.5113881500362173,380.17331492366463,0.011393774797903822,8.783120706575161,0.011393774797903822,8.783120706575161,200,0.008729101158678532,False
traffic_source_campaign_name_1064,target_business_004,103,72,16,0.04367038264778654,0.031179684254139493,52.574442106308595,0.02220497124656661,27.00370840906592,0.02014946206050877,23.02696460272567,200,0.008182046003639698,False
traffic_source_campaign_name_1067,target_business_004,31,21,6,0.698166054912829,0.16270694136619568,25.24345318476359,0.1875,25.0,0.1875,25.0,200,0.02792583778500557,False
traffic_source_campaign_name_107,target_business_004,107,74,17,0.26609580881660067,0.36415036588499483,98.33683796511534,0.1454605174026292,35.56412744911511,0.1364603409508076,33.64294606495091,200,0.014556174166500568,False
traffic_source_campaign_name_1070,target_business_004,137,95,22,0.379248510449992,0.08210764784759204,23.391236227369788,0.044306028157099824,11.765947545504558,0.045623969345340305,12.252143267304142,200,0.01243954710662365,False
traffic_source_campaign_name_1071,target_business_004,39,27,7,0.17777315551956965,0.5249842402813432,218.2455410885256,0.08979910326999095,48.07724688411375,0.08979910326999095,48.07724688411375,200,0.008871585130691528,False
traffic_source_campaign_name_1087,target_business_004,69,48,11,0.3355181628240531,0.12805453282725193,24.667288066987815,0.07755826119246198,15.378483561014814,0.0786254852814691,15.313793826149706,200,0.01654745452105999,False
traffic_source_campaign_name_1089,target_business_004,58,40,10,0.3695451436804233,0.14699246847162303,22.06538303006723,0.040750600448295815,6.618876295432549,0.04544142058488325,7.135371080716252,200,0.031357936561107635,False
traffic_source_campaign_name_1091,target_business_002,66,46,11,0.2912379445059799,0.3211959177727449,52.40676342988977,0.17657123124254415,22.57136411790893,0.17657123124254415,22.57136411790893,200,0.03206682577729225,False
traffic_source_campaign_name_1092,target_business_002,81,56,13,0.2910466154170142,0.21292894075946997,33.90308284592026,0.23467478894858018,48.40917125243498,0.2475697109235098,50.89744719961503,200,0.017193889245390892,False
traffic_source_campaign_name_1093,target_business_002,71,49,12,0.3523790375701203,0.08218848640205223,23.651074768709233,0.16154860709000832,57.5845524349479,0.16154860709000832,57.5845524349479,200,0.02802988328039646,False
traffic_source_campaign_name_1094,target_business_002,37,25,7,0.3941319330402507,0.3121396705724191,49.8797607868908,0.23558601134215498,50.44559888528654,0.23558601134215498,50.44559888528654,200,0.0502823069691658,False
traffic_source_campaign_name_1095,target_business_002,137,95,22,0.21162541993110529,0.13218550606052962,47.958369485645235,0.1771620800900788,62.627715766132106,0.1622892376449207,59.66296415746191,200,0.013674062676727772,False
traffic_source_campaign_name_1096,target_business_002,36,25,6,0.17824010723073117,0.6145467382967154,350.8048094285861,0.1469707036613781,54.85542347942538,0.1469707036613781,54.85542347942538,200,0.06277377158403397,False
traffic_source_campaign_name_1097,target_business_002,109,76,17,0.24777959439623673,0.2666348527327332,97.28287159054484,0.3676578594294679,132.94047512414645,0.3346324181265714,130.32169318009926,200,0.015916602686047554,False
traffic_source_campaign_name_1098,target_business_002,125,87,20,0.2265617598594065,0.31169011900471855,116.1017737087889,0.18373685817737648,84.50814339243941,0.19309438434231616,86.64621083295377,200,0.012266481295228004,False
traffic_source_campaign_name_1099,target_business_002,176,123,27,0.23034343825310105,0.11070060463853348,54.91776261890957,0.12206839912295103,60.45563699256339,0.12218729989851135,58.662234850880125,200,0.01331136655062437,False
traffic_source_campaign_name_1100,target_business_001,30,21,5,0.49074826831935836,0.44202636862629774,154.1436229405111,0.06352533722201964,22.534866544648658,0.06352533722201964,22.534866544648658,200,0.030728096142411232,False
traffic_source_campaign_name_1101,target_business_001,36,25,6,0.21836701252854923,0.8825525863066839,574.1221657876315,0.1278809864057749,55.992299053425356,0.1278809864057749,55.992299053425356,200,0.07096540927886963,False
traffic_source_campaign_name_1103,target_business_001,62,43,10,0.33820464909039455,0.12385707284379306,32.327413645413394,0.057902802484794645,15.925831346849442,0.057902802484794645,15.925831346849442,200,0.007849214598536491,False
traffic_source_campaign_name_1111,target_business_004,81,56,13,0.27167064280340364,0.09529401308189811,25.016619031448684,0.08684475785559277,24.51800786788862,0.08219765195769302,22.87144041548069,200,0.014294496737420559,False
traffic_source_campaign_name_1125,target_business_002,35,24,6,0.5014627373410724,0.4323644450819966,107.75633301207603,0.3152844555415696,88.965878653779,0.3152844555415696,88.965878653779,200,0.062125302851200104,False
traffic_source_campaign_name_113,target_business_002,321,224,49,0.10275630018322492,0.04827304697502645,30.493701618339774,0.05898740012449381,33.95598959108702,0.051900700769860066,28.008009385177914,200,0.003913114313036203,False
traffic_source_campaign_name_114,target_business_002,151,105,24,0.5191315394670876,0.06627289825561816,12.451687472514664,0.13319216114930285,25.134610018585253,0.15095159533180028,27.979796313607153,200,0.012422549538314342,False
traffic_source_campaign_name_1141,target_business_002,100,70,15,0.27706528282264636,0.06140382259775261,12.93973592568835,0.11106075150483041,22.500170410876915,0.0999777638094524,19.974285968325347,200,0.010151609778404236,False
traffic_source_campaign_name_1142,target_business_002,42,29,7,0.41641203001910493,0.2652216742584333,36.306476548437075,0.29317850318507954,34.18693015462257,0.3262961828866455,37.498698124779175,200,0.038755856454372406,False
traffic_source_campaign_name_1150,target_business_005,30,21,5,0.36188777184703785,0.10417069889483577,65.97031627867297,,,,,200,0.00651928735896945,False
traffic_source_campaign_name_1151,target_business_005,30,21,5,0.5586977846874294,0.07175430289466966,9.655406970183062,,,,,200,0.019986078143119812,False
traffic_source_campaign_name_116,target_business_002,102,71,16,0.24449504494899105,0.10564601481559145,26.270993503971386,0.03269618423817414,7.507342967664302,0.052803074582788476,12.28420064594463,200,0.008333723992109299,False
traffic_source_campaign_name_1164,target_business_006,33,23,6,0.4795585090480561,0.4416737001368689,121.76690117924109,0.016620018329081387,4.537094636626747,0.016620018329081387,4.537094636626747,200,0.07040831446647644,False
traffic_source_campaign_name_1165,target_business_006,32,22,6,0.2832934958452313,0.120506137512595,119.79972507679551,0.060004167016697106,30.753651229803445,0.060004167016697106,30.753651229803445,200,0.003369066398590803,False
traffic_source_campaign_name_1174,target_business_002,116,81,18,0.171855809522244,0.02528789861714591,24.748453991335257,0.0561797362253208,56.389255222956905,0.051614875773930126,52.74330617131242,200,0.009680764749646187,False
traffic_source_campaign_name_1180,target_business_002,157,109,25,0.36624554599897313,0.12942042008486887,29.375286875929568,0.115338111449424,24.642063310578173,0.10275965411286038,20.703559284997194,200,0.012513191439211369,False
traffic_source_campaign_name_1183,target_business_002,201,140,31,0.23485955780564324,0.13913059911690034,42.89879243564809,0.23477715462794216,87.28526753158071,0.20763308398730493,68.00527378447278,200,0.013204922899603844,False
traffic_source_campaign_name_1184,target_business_002,59,41,10,0.4432085491808979,0.18351982303535838,47.501412199442136,0.17806419649291375,34.70768787079761,0.17806419649291375,34.70768787079761,200,0.013160914182662964,False
traffic_source_campaign_name_1187,target_business_002,254,177,39,0.15916955544744152,0.04548550401634292,67.69621657807217,0.041561865594863016,83.55328108611579,0.03867340221900499,81.74313686231855,200,0.0030861275736242533,False
traffic_source_campaign_name_119,target_business_002,56,39,9,0.14503644466184765,0.02333318199585216,26.841021007114605,,,,,200,0.009000088088214397,False
traffic_source_campaign_name_1191,target_business_002,37,25,7,0.5030161280924251,0.5475824528281846,112.64819029532538,0.12195720098822843,22.924351313811776,0.12195720098822843,22.924351313811776,200,0.051908642053604126,False
traffic_source_campaign_name_1207,target_business_002,63,44,10,0.3203335935426177,0.16469827416521626,56.58080124499787,0.09177235459902641,27.47363374880154,0.09177235459902641,27.47363374880154,200,0.035519566386938095,False
traffic_source_campaign_name_1209,target_business_002,116,81,18,0.26688953715231045,0.09655837218365501,43.712874567193076,0.18029282466116703,78.59887144371591,0.1665343498640346,75.3797746398746,200,0.015313837677240372,False
traffic_source_campaign_name_1210,target_business_002,35,24,6,0.17847805407997208,0.5461613538043134,278.8914771878065,0.2623034744769424,57.523561910952246,0.2623034744769424,57.523561910952246,200,0.021347712725400925,False
traffic_source_campaign_name_1212,target_business_002,132,92,21,0.2875303492885374,0.16487813873716853,53.97825859023631,0.2201631681479176,62.28778750390569,0.18592423389108725,53.96700022952674,200,0.021260179579257965,False
traffic_source_campaign_name_1213,target_business_002,39,27,7,0.39136347559651846,0.25800821670072005,119.18836144739566,0.1986707460416234,38.74306851075561,0.1986707460416234,38.74306851075561,200,0.01819407381117344,False
traffic_source_campaign_name_124,target_business_002,55,38,9,0.24552880855174053,0.23722455849764781,63.56517581367714,0.15930303786690175,30.097597949743825,0.17098113497898476,34.75549510284464,200,0.0029632316436618567,False
traffic_source_campaign_name_1246,target_business_002,486,340,74,0.25972083683516,0.07323471995747474,39.53644172856201,0.14174668128426182,66.6694819250502,0.12847977680906014,62.18772578923216,200,0.016214868053793907,False
traffic_source_campaign_name_125,target_business_002,35,24,6,0.47360103690017424,0.2093408581668836,50.8845318198076,0.07369424126918728,16.621550972988693,0.07369424126918728,16.621550972988693,200,0.01681665889918804,False
traffic_source_campaign_name_1251,target_business_002,68,47,11,0.4512423440840636,0.5468721558028911,116.40431989290536,0.4040851978767721,79.41224424852716,0.4040851978767721,79.41224424852716,200,0.022387275472283363,False
traffic_source_campaign_name_1252,target_business_002,81,56,13,0.39136349693784045,0.3326881317521904,60.07961036605947,0.3311268930020786,39.65016657732991,0.35184474908443036,41.73932218168165,200,0.0572904571890831,False
traffic_source_campaign_name_1254,target_business_002,173,121,27,0.2235961076068176,0.12857350680908658,87.63324342662787,0.15532853693368662,68.8455952802707,0.13654475090532295,57.793375134873834,200,0.023558570072054863,False
traffic_source_campaign_name_1256,target_business_002,554,387,84,0.08923872851930903,0.05444215528899748,176.91011975055758,0.019001397985673255,30.91184849957436,0.020231998157367027,36.938466112586994,200,0.0027547457721084356,False
traffic_source_campaign_name_1257,target_business_002,551,385,84,0.21142030070599233,0.06966847939929387,55.02696181837864,0.0855563132135685,53.003281262734326,0.08317403796509584,48.668053790530905,200,0.003825628664344549,False
traffic_source_campaign_name_1258,target_business_002,97,67,16,0.3754474597708982,0.07490720875395536,32.123654038732056,0.13349109301751008,50.569455830883484,0.11340136174828037,44.3498489285849,200,0.023070303723216057,False
traffic_source_campaign_name_1264,target_business_002,61,42,10,0.2325693504206319,0.39758966676481083,143.49862062691275,0.012404051594524021,4.375601058369768,0.01916989791880985,6.660399531885808,200,0.016748294234275818,False
traffic_source_campaign_name_1265,target_business_002,128,89,20,0.26551466798409856,0.07010518408332413,23.287588687690505,0.0750161776345555,22.647910845116197,0.08567018428161513,24.889707989882396,200,0.016903650015592575,False
traffic_source_campaign_name_1268,target_business_002,33,23,6,0.4174526295332923,0.10553506341455862,18.54339456608298,0.5840720032728763,65.28963414634148,0.5840720032728763,65.28963414634148,200,0.008788913488388062,False
traffic_source_campaign_name_127,target_business_002,271,189,42,0.16564296064235282,0.110880530851881,33.84722878245084,0.10103750451573458,30.10473379836646,0.12748862736893593,39.49453507432444,200,0.00922067929059267,False
traffic_source_campaign_name_1279,target_business_002,63,44,10,0.3638690763306604,0.12265769304269827,27.02509443423079,0.13951118114460065,25.033990687153345,0.13951118114460065,25.033990687153345,200,0.007283980958163738,False
traffic_source_campaign_name_128,target_business_002,36,25,6,0.34485395737709645,0.3625908987574855,89.50173716607132,0.22603273577552618,83.27351040918886,0.22603273577552618,83.27351040918886,200,0.012797827832400799,False
traffic_source_campaign_name_1283,target_business_002,36,25,6,0.299877294656311,0.43737487575412826,166.36616409898934,0.1694969621495151,48.94072413685752,0.1694969621495151,48.94072413685752,200,0.033725280314683914,False
traffic_source_campaign_name_1284,target_business_002,40,28,6,0.11665551386504709,0.045304915629165055,30.097590337793275,0.0776226618442204,59.13058300893702,0.0776226618442204,59.13058300893702,200,0.010736196301877499,False
traffic_source_campaign_name_1321,target_business_002,495,346,75,0.43049525639095054,0.05088346771695257,25.55090422310472,0.06600312015103302,28.232142173761314,0.07739102995415047,35.489901141735494,200,0.0063821678049862385,False
traffic_source_campaign_name_1323,target_business_002,130,91,20,0.4581328800908206,0.09761037253382028,17.023631508532205,0.08336065593579568,13.485009266219244,0.0943499932679399,15.340895733605631,200,0.00926031544804573,False
traffic_source_campaign_name_1324,target_business_002,68,47,11,0.2871269469010712,0.08754939085864204,32.275322605930015,0.08161686075708635,23.54354580762143,0.08161686075708635,23.54354580762143,200,0.016819261014461517,False
traffic_source_campaign_name_1357,target_business_002,58,40,10,0.3422955280378938,0.23000223733012348,60.59028090085354,0.14418975442083903,31.479849008837963,0.14418975442083903,31.479849008837963,200,0.018893448635935783,False
traffic_source_campaign_name_1392,target_business_002,32,22,6,0.503542700390874,0.3921311140545741,45.694799409505514,0.15635593220338984,16.56252200239386,0.15635593220338984,16.56252200239386,200,0.004240517038851976,False
traffic_source_campaign_name_1396,target_business_001,42,29,7,0.3917451424965985,0.05933244697291026,14.507449042342497,0.3177560174082957,43.268952536381626,0.3177560174082957,43.268952536381626,200,0.0179750919342041,False
traffic_source_campaign_name_1397,target_business_001,182,127,28,0.18281849265417371,0.044458568072363626,44.91049037859022,0.06417013987463474,69.58714400152469,0.06901919443449808,75.40844428904738,200,0.012919731438159943,False
traffic_source_campaign_name_1401,target_business_001,178,124,28,0.15269055477098495,0.09332032204605333,112.8905005912732,0.052393736864837455,52.4659719310017,0.05175202585033299,52.333493854069765,200,0.019421616569161415,False
traffic_source_campaign_name_1427,target_business_002,94,65,15,0.44380343492366975,0.028186544215649503,5.93999897123745,0.07664840077303078,18.68303328174878,0.08170675169854051,19.338858715817477,200,0.012204138562083244,False
traffic_source_campaign_name_1430,target_business_001,365,255,56,0.21725079199958489,0.1540681524655957,99.42382020275372,0.1344426354466515,63.23557586498146,0.13062549057385545,60.90148527579273,200,0.009744460694491863,False
traffic_source_campaign_name_1432,target_business_001,196,137,30,0.38537726858041715,0.07065802998256333,21.39396332508253,0.1259324468383944,33.12005897984811,0.1174961278032029,30.15821288924243,200,0.012485760264098644,False
traffic_source_campaign_name_1433,target_business_001,103,72,16,0.22165865418047317,0.1434148678079457,93.70092335072233,0.10789687597544477,56.750430747934374,0.09080271675312512,41.65197383927761,200,0.06469198316335678,False
traffic_source_campaign_name_1436,target_business_001,466,326,71,0.30756861826246656,0.14735124709169797,234.99480085873182,0.14572884591403112,53.73358293134951,0.15208138106749222,67.87850628019318,200,0.01589547097682953,False
traffic_source_campaign_name_1437,target_business_001,662,463,100,0.23582398342561245,0.061961595591842784,29.68582587612599,0.11906668803216458,59.92088869203116,0.11732556616097566,60.039874898709364,200,0.005276923067867756,False
traffic_source_campaign_name_1438,target_business_001,175,122,27,0.2722245166250468,0.12277405057149747,41.97125681644997,0.19924908119061072,47.99803864172031,0.20512209966011785,51.69080621675503,200,0.017875200137495995,False
traffic_source_campaign_name_1439,target_business_001,273,191,42,0.2143019822727416,0.16702324793758544,118.03031280172536,0.15641006632397156,87.24898385940578,0.13483468615977104,74.75814692916283,200,0.010649391449987888,False
traffic_source_campaign_name_1440,target_business_001,432,302,66,0.24288999324926253,0.0744549792789697,26.202674177108364,0.10712787423024704,36.219457539543605,0.11255141141196587,38.61306763870041,200,0.005564635153859854,False
traffic_source_campaign_name_1441,target_business_001,94,65,15,0.13925469256462936,0.05583267479155945,54.004509107077695,0.020576495547573747,17.85900658722157,0.021162191490646676,17.88000347614344,200,0.007289454806596041,False
traffic_source_campaign_name_1443,target_business_001,82,57,13,0.4305922334903231,0.13459271181088225,81.7044553299837,0.14449376477729642,89.25856212328841,0.18869551488196368,117.94481440592367,200,0.035425715148448944,False
traffic_source_campaign_name_1444,target_business_001,69,48,11,0.41579579528573296,0.12189314646081263,27.783090054021166,0.4794797063903281,55.94130257478932,0.4794797063903281,55.94130257478932,200,0.01709531620144844,False
traffic_source_campaign_name_1446,target_business_001,33,23,6,0.4462671278315281,0.41784229622112135,154.25138290098636,0.734512622074811,403.9521686258613,0.734512622074811,403.9521686258613,200,0.033857449889183044,False
traffic_source_campaign_name_1447,target_business_001,168,117,26,0.15344828221119203,0.14388904824268092,77.17025635242561,0.10670755319697743,42.17240159765588,0.09302813089933283,35.16584277442622,200,0.010947906412184238,False
traffic_source_campaign_name_1449,target_business_001,61,42,10,0.3527570704709384,0.13610812396451044,34.187665907478795,0.2370380016050448,52.00538383051448,0.20513777397424526,42.16049831900717,200,0.022532103583216667,False
traffic_source_campaign_name_1457,target_business_002,78,54,13,0.32978459883978967,0.09098753080397183,24.22338152763446,0.08624207113223235,20.725188432415642,0.08012003144007666,18.802318384469846,200,0.015761664137244225,False
traffic_source_campaign_name_1461,target_business_002,32,22,6,0.5783246805087131,0.17309105264794655,18.864479956254613,0.23365442351336774,23.576822497472477,0.23365442351336774,23.576822497472477,200,0.05597029626369476,False
traffic_source_campaign_name_1463,target_business_002,259,181,40,0.26471674114478394,0.0413362350280614,22.454911330930056,0.08111335940572037,31.342167474599446,0.08714688815347217,34.78496795069368,200,0.007702745962888002,False
traffic_source_campaign_name_1465,target_business_002,33,23,6,0.3577332532518427,0.3797587091204734,108.25052079607829,0.3950178731009831,56.51409576168255,0.3950178731009831,56.51409576168255,200,0.027365967631340027,False
traffic_source_campaign_name_1467,target_business_002,61,42,10,0.18173304268065157,0.26167376964738265,113.73912924303049,0.08572703855855171,44.058938768043994,0.08572703855855171,44.058938768043994,200,0.009097795002162457,False
traffic_source_campaign_name_1476,target_business_002,40,28,6,0.3074240301661454,0.17417477492458566,56.76011658829786,0.08021048553719012,26.987617369475508,0.08021048553719012,26.987617369475508,200,0.009113509207963943,False
traffic_source_campaign_name_1482,target_business_002,37,25,7,0.3587957433518457,1.4983781725276988,274.4792979564302,0.14707291140306558,30.51499771950369,0.14707291140306558,30.51499771950369,200,0.1987493336200714,False
traffic_source_campaign_name_1489,target_business_001,35,24,6,0.2552156115194137,0.26715125689984137,95.89403109393292,0.034228594507269894,13.549160671462873,0.034228594507269894,13.549160671462873,200,0.052660033106803894,False
traffic_source_campaign_name_149,target_business_002,72,50,12,0.2280062946215996,0.03630056960602266,23.99666178843345,0.009024011362280796,6.318625149816475,0.009024011362280796,6.318625149816475,200,0.0054916683584451675,False
traffic_source_campaign_name_1490,target_business_001,90,62,15,0.25007596176251634,0.1598731628281873,74.94184346058952,0.0562028110875983,18.292572035363783,0.061656102228492306,19.476148654119598,200,0.015184961259365082,False
traffic_source_campaign_name_1501,target_business_002,411,287,63,0.16065352303051814,0.06629297208755386,46.89875514274681,0.08655451292449025,42.281140972229736,0.08148913544746055,44.06578640879957,200,0.0037721123080700636,False
traffic_source_campaign_name_1502,target_business_002,259,181,40,0.31627148610281686,0.2127924606381543,66.00915088142956,0.14430211189927322,45.072235358560064,0.14511659572423463,46.21124336453599,200,0.020625798031687737,False
traffic_source_campaign_name_1503,target_business_002,33,23,6,0.5071840473503413,0.10062968152747302,12.677645903164533,0.2656824514901281,29.8612364324925,0.2656824514901281,29.8612364324925,200,0.011574054136872292,False
traffic_source_campaign_name_1506,target_business_002,411,287,63,0.2184785355719299,0.06392534982586355,23.324932863760285,0.12414548350442074,56.769825236235974,0.11830946654678855,53.824349421413196,200,0.004584510810673237,False
traffic_source_campaign_name_1511,target_business_001,30,21,5,0.3725300744079308,0.2798877954483032,27.988779544830322,,,,,200,0.07845278829336166,False
traffic_source_campaign_name_1515,target_business_001,63,44,10,0.23934344190756707,0.11213724825174777,34.92428668679929,0.3852005106884473,67.38394933055399,0.3852005106884473,67.38394933055399,200,0.018294209614396095,False
traffic_source_campaign_name_1518,target_business_001,83,58,13,0.1851983808270657,0.20888050416606818,56.87675624075176,0.21185518299592723,70.29201855383802,0.20321837359212044,68.8948388689286,200,0.009822041727602482,False
traffic_source_campaign_name_1525,target_business_001,36,25,6,0.5184470862528568,0.35420331095681445,76.64370578153698,0.044753233294205996,10.680126182965306,0.044753233294205996,10.680126182965306,200,0.0069464282132685184,False
traffic_source_campaign_name_153,target_business_002,36,25,6,0.6678673136376513,0.20214924255743733,25.498301065844853,0.09871688741721851,13.451776649746186,0.09871688741721851,13.451776649746186,200,0.03991803526878357,False
traffic_source_campaign_name_1534,target_business_002,32,22,6,0.3839418498460958,1.1674932052707006,335.65907681823984,0.48922670754556297,197.47335854245443,0.48922670754556297,197.47335854245443,200,0.031977586448192596,False
traffic_source_campaign_name_1539,target_business_002,162,113,25,0.3521175688445859,0.10945289824298016,23.030728880367874,0.13078011961008085,27.97796403999827,0.13195047734130194,28.78373184134462,200,0.01717606745660305,False
traffic_source_campaign_name_1541,target_business_002,57,39,10,0.5778017407228353,0.07394093481603126,11.063248561211196,0.013210777598676282,1.9389154300985874,0.013210777598676282,1.9389154300985874,200,0.017263533547520638,False
traffic_source_campaign_name_1551,target_business_002,35,24,6,0.5207659239509422,0.07054546814279841,11.27879431177041,0.02491121098740894,2.854795903642925,0.033091018342393044,4.0756960922197205,200,0.015757406130433083,False
traffic_source_campaign_name_1553,target_business_002,64,44,11,0.6004498926856183,0.023969675341064683,3.6171598085930268,0.13472077092766743,16.229262798160832,0.13472077092766743,16.229262798160832,200,0.00858872476965189,False
traffic_source_campaign_name_1557,target_business_002,55,38,9,0.31273084015380126,0.2546032387678716,120.23824997402035,,,,,200,0.04260457307100296,False
traffic_source_campaign_name_1558,target_business_002,116,81,18,0.25077313484835245,0.15286044527877513,25.613475392361895,0.10781065145456267,19.8044076419251,0.15788905283972912,26.825824633365375,200,0.01217676606029272,False
traffic_source_campaign_name_1559,target_business_005,132,92,21,0.2858437919276854,0.12127387084635477,30.915053671221454,0.07041300626416384,18.871223194337336,0.07392782209117128,19.046135432450217,200,0.003492926014587283,False
traffic_source_campaign_name_1561,target_business_003,68,47,11,0.46750817861191685,0.08683547864161015,15.829038428918027,0.09524178805506779,16.702143580075635,0.0976833071343672,17.110076171822193,200,0.012117842212319374,False
traffic_source_campaign_name_1562,target_business_003,64,44,11,0.43342425570013554,0.16679742518941307,31.064129280054274,0.14433699276731438,21.697454649614887,0.16085439828165707,23.599760926549433,200,0.011296330019831657,False
traffic_source_campaign_name_1563,target_business_003,60,42,9,0.28087337474310486,0.12745075191625524,65.10120522058767,0.0456640335020421,30.36518722167048,0.048513561082606904,32.71726578082638,200,0.004948834422975779,False
traffic_source_campaign_name_1571,target_business_004,102,71,16,0.18862859892024095,0.14704381379758769,73.49878056278477,0.0544143564722407,30.32770166556007,0.05973235645111891,34.112796352279176,200,0.02337682619690895,False
traffic_source_campaign_name_1572,target_business_004,102,71,16,0.2628537012057125,0.08413726184657232,32.724767462503586,0.08766459381797462,40.77055133170629,0.08243494004189848,40.13796548403481,200,0.011368353851139545,False
traffic_source_campaign_name_1578,target_business_004,69,48,11,0.3085380391536338,0.18835407040344143,50.90105282478583,0.40288430808565034,91.95757869048826,0.40288430808565034,91.95757869048826,200,0.041659604758024216,False
traffic_source_campaign_name_1580,target_business_004,42,29,7,0.2995651842236826,0.2740394870822322,92.5794367015128,0.3344087700839526,56.918823672015684,0.3344087700839526,56.918823672015684,200,0.011933164671063423,False
traffic_source_campaign_name_1587,target_business_002,93,65,15,0.28822860934413275,0.1109368814267491,31.20006619710667,0.22142924061136546,67.79845798299843,0.1949651323898494,54.98278392587493,200,0.010331922210752964,False
traffic_source_campaign_name_1591,target_business_001,133,93,21,0.1768553087986763,0.06349527982392303,41.90801698147034,0.049506262797846985,33.82759518287066,0.053640758418576566,37.366286269944766,200,0.013015818782150745,False
traffic_source_campaign_name_1592,target_business_001,676,473,102,0.12719414697976855,0.06000624850351967,68.96446723495467,0.06227573382624841,62.967265048596424,0.05967084359050587,60.85342116170226,200,0.0044723316095769405,False
traffic_source_campaign_name_1597,target_business_001,101,70,16,0.3580105923522325,0.26314952393754754,71.71172734291376,0.04165027555555556,11.253866295781378,0.06588042380952382,18.075631779178096,200,0.02002243511378765,False
traffic_source_campaign_name_1606,target_business_001,66,46,11,0.37225726249431373,0.32599945975251643,196.9922633103272,0.2251758472640906,54.08134411006418,0.2251758472640906,54.08134411006418,200,0.06005032733082771,False
traffic_source_campaign_name_1607,target_business_001,99,69,16,0.16293776428690693,0.066375888321381,29.568913299648596,0.1383795003270864,54.19844183102055,0.18035294224753015,63.24599280273545,200,0.01736420951783657,False
traffic_source_campaign_name_1629,target_business_001,31,21,6,0.3471396006905103,0.28570837289016515,88.77952340829236,0.012126228667337499,3.9496356102897168,0.020130390165562836,6.378237580618067,200,0.058223091065883636,False
traffic_source_campaign_name_1635,target_business_001,157,109,25,0.551074719150377,0.10145408762529484,17.231000511382238,0.16113195970253388,24.11228205220029,0.16635467805884968,24.78104116953427,200,0.011487187817692757,False
traffic_source_campaign_name_1639,target_business_001,79,55,13,0.5808491338767293,0.19532099816676327,46.15932566651244,0.09800361441027226,23.241255185633463,0.13366210367236914,32.39391351729656,200,0.0032723802141845226,False
traffic_source_campaign_name_1649,target_business_002,35,24,6,0.2012275521256063,0.16468358842040404,41.15132916852478,0.6484975975256225,64.84975975256225,0.6484975975256225,64.84975975256225,200,0.01338593102991581,False
traffic_source_campaign_name_1654,target_business_002,97,67,16,0.23971729719372895,0.24187397503434196,44.51466809719531,0.04973146985554209,10.361781699671118,0.08520322118524878,18.46659798640112,200,0.024386074393987656,False
traffic_source_campaign_name_1656,target_business_002,66,46,11,0.2624256311840111,0.03824103517978584,6.4506220235317375,0.05870089458235215,9.217795530601903,0.0983432478919336,14.825040746808337,200,0.01612926460802555,False
traffic_source_campaign_name_1663,target_business_002,30,21,5,0.45779890827445696,0.2551415779313685,38.174446713126095,,,,,200,0.0064599355682730675,False
traffic_source_campaign_name_1668,target_business_002,39,27,7,0.2988714061193951,0.2953725393199753,51.34183041378777,0.5778476161275486,74.31664358002664,0.5778476161275486,74.31664358002664,200,0.02302210032939911,False
traffic_source_campaign_name_1685,target_business_005,63,44,10,0.31726540319267843,0.10127413536606261,56.60191218386878,0.007640039235314311,4.217030288308597,0.007640039235314311,4.217030288308597,200,0.010904709808528423,False
traffic_source_campaign_name_1686,target_business_005,370,259,56,0.25615170767144363,0.08836473712166572,31.728822231941074,0.09659270643456443,26.565781004332063,0.107204781708173,32.21834934787227,200,0.005379352252930403,False
traffic_source_campaign_name_1697,target_business_002,148,103,23,0.1748589846295769,0.06518388666940719,31.060067123918934,0.07525849400038509,31.031022826967774,0.07051113066441102,28.15087984661586,200,0.007738085929304361,False
traffic_source_campaign_name_1705,target_business_004,37,25,7,0.08004690700454388,0.2574249734403885,157.90050312985352,0.32192614619265725,162.96545536516183,0.34626718650987215,156.56793736069966,200,0.019385168328881264,False
traffic_source_campaign_name_1706,target_business_004,34,23,6,0.2542084909632587,0.20876160858244955,43.37690425202818,0.04660835924334855,9.141072762008227,0.04660835924334855,9.141072762008227,200,0.03144235536456108,False
traffic_source_campaign_name_1724,target_business_004,122,85,19,0.146120045576408,0.024668725634940623,44.447476771077575,0.061237198556803776,76.30279341918566,0.04955486207330049,61.96101657332738,200,0.005388922989368439,False
traffic_source_campaign_name_1729,target_business_004,212,148,33,0.13152408689511697,0.1394738052081721,64.95962126125463,0.0408051839174084,20.656241479047225,0.05571880221732465,26.81515300282591,200,0.005771482363343239,False
traffic_source_campaign_name_1731,target_business_004,78,54,13,0.3116519603868409,0.08564712441466642,15.056352439669544,0.06443837375684985,11.243216555333218,0.0967165651811887,15.83588071443304,200,0.02224493958055973,False
traffic_source_campaign_name_1732,target_business_004,39,27,7,0.22469672083681594,0.1380957354320044,70.24879514686089,0.03376890823243253,19.223183064802406,0.03376890823243253,19.223183064802406,200,0.00397443538531661,False
traffic_source_campaign_name_1733,target_business_004,136,95,21,0.09633927777197636,0.03135305714815458,27.324320645719208,0.04911305554878296,37.36335684448975,0.06925964252590913,52.48163211526613,200,0.0056538572534918785,False
traffic_source_campaign_name_174,target_business_002,30,21,5,0.6592469129726815,0.045817017555236816,4.581701755523682,,,,,200,0.011216787621378899,False
traffic_source_campaign_name_1741,target_business_004,87,60,14,0.4293123175297576,0.0743071800533991,12.86919716155516,0.16840234762670322,32.40333418115668,0.15253574169278297,28.652016437617068,200,0.010606816038489342,False
traffic_source_campaign_name_1750,target_business_004,56,39,9,0.289318193318186,0.07794594253881068,13.878863307052727,0.07891534689977192,13.833484790924022,0.09285148306711652,15.31073054660179,200,0.033761393278837204,False
traffic_source_campaign_name_1752,target_business_004,130,91,20,0.15988628611509823,0.13860963929377826,53.35911696461822,0.07074155349364,28.078422226458017,0.08975467488212627,32.8049145306139,200,0.006451728753745556,False
traffic_source_campaign_name_1754,target_business_004,108,75,17,0.3415706028542136,0.024878620604897973,5.821468527829384,0.05287515563864604,12.260626170284489,0.0689021797795732,15.623899797493573,200,0.005056220572441816,False
traffic_source_campaign_name_1756,target_business_004,101,70,16,0.22144068559383273,0.05412817446111978,15.334947406423948,0.06365206756459711,18.110785236124237,0.0778298811632145,22.002540161129712,200,0.007598348893225193,False
traffic_source_campaign_name_1779,target_business_001,71,49,12,0.20747715913153858,0.07807527380956716,54.84153466412936,0.030307183711310852,20.664205958937476,0.030010302936272538,18.43019809167321,200,0.0031629973091185093,False
traffic_source_campaign_name_1782,target_business_001,38,26,7,0.3647079506105431,0.2984767764213682,77.00027877913237,0.03541103453083016,8.794361716808123,0.04204988216926885,10.365476634005,200,0.009698227047920227,False
traffic_source_campaign_name_1784,target_business_001,42,29,7,0.38220238848518157,1.218413419205474,193.25747613457935,0.07778540564051761,13.172493080440306,0.07778540564051761,13.172493080440306,200,0.03643365204334259,False
traffic_source_campaign_name_1785,target_business_002,94,65,15,0.2928062432664731,0.08170185890586638,36.945774629515974,0.038559782765943906,18.007268867805106,0.03246074278538734,14.970726790925848,200,0.020200463011860847,False
traffic_source_campaign_name_1792,target_business_002,54,37,9,0.6830891799262461,0.19438255057200826,27.861617556844585,0.12509138522919838,16.85436626725105,0.12509138522919838,16.85436626725105,200,0.01104279886931181,False
traffic_source_campaign_name_1796,target_business_002,41,28,7,0.6264315929454766,0.500752942511483,64.64138834776612,0.027661073050952056,3.610675980650367,0.027661073050952056,3.610675980650367,200,0.0428943932056427,False
traffic_source_campaign_name_1797,target_business_002,32,22,6,0.6348801354922704,0.032066369961086305,4.349956970897848,0.11533738486886536,16.725324860483127,0.11533738486886536,16.725324860483127,200,0.003943393938243389,False
traffic_source_campaign_name_1802,target_business_002,34,23,6,0.5590036997041524,0.2508199640372504,32.40347904830171,0.41437246963562746,41.43724696356274,0.41437246963562746,41.43724696356274,200,0.004832257516682148,False
traffic_source_campaign_name_1826,target_business_002,30,21,5,0.582000870949203,1.3441131764942358,157.63326410291285,,,,,200,0.016191452741622925,False
traffic_source_campaign_name_1836,target_business_003,90,62,15,0.5520133667494944,0.19933645705470696,34.44432304704442,0.08572901492848069,13.485757603762059,0.08818461065420972,13.710736522662076,200,0.021838607266545296,False
traffic_source_campaign_name_1839,target_business_003,98,68,16,0.1275762177444053,0.028455289851077228,21.363912513394645,0.018556982282428542,13.823298790954189,0.016774304377279926,12.516312058510545,200,0.04529879242181778,False
traffic_source_campaign_name_1843,target_business_003,96,67,15,0.5589544056213992,0.20585821995705073,36.422932281736294,0.11008362394241833,18.283908666463677,0.11100332467501707,19.24262956615775,200,0.02589522860944271,False
traffic_source_campaign_name_1902,target_business_003,32,22,6,0.3379200264119013,0.6971632402600512,328.78004775103994,0.6966096185568302,418.87497089399506,0.6966096185568302,418.87497089399506,200,0.06719294935464859,False
traffic_source_campaign_name_1906,target_business_003,38,26,7,0.6425823973350668,0.07637837123805691,7.807559553878654,0.016774405678264402,1.8648417848825019,0.019593131953358742,2.211483155664342,200,0.025781890377402306,False
traffic_source_campaign_name_1907,target_business_003,184,128,29,0.4902017805789699,0.13069068472602224,30.788884052824212,0.048755308376409665,10.65061016156858,0.05089893890556453,11.123549849751964,200,0.007603661622852087,False
traffic_source_campaign_name_1919,target_business_004,182,127,28,0.2674735484403325,0.04518647775902193,20.787602257209244,0.050716633714605275,24.499153034948748,0.045616157254619545,22.87729556160378,200,0.006682097911834717,False
traffic_source_campaign_name_1920,target_business_004,83,58,13,0.4858045073439855,0.10676586037090727,24.14290983817329,0.2598203008191403,57.52204534494831,0.2690726464643909,59.94460145999341,200,0.011491953395307064,False
traffic_source_campaign_name_1921,target_business_004,181,126,28,0.4171096692775191,0.05579193887923306,11.331633055980744,0.05539654886337202,10.836884559611669,0.05455053185148707,10.526889031019477,200,0.005165756214410067,False
traffic_source_campaign_name_1924,target_business_002,94,65,15,0.387830543071822,0.0609939514072175,13.831190134537385,0.08171218854514894,17.2299422993331,0.07191241034400853,14.73158345831625,200,0.0071164024993777275,False
traffic_source_campaign_name_1928,target_business_002,30,21,5,0.5826231005218999,0.023246736957647618,6.385225781149144,,,,,200,0.024879401549696922,False
traffic_source_campaign_name_1943,target_business_002,201,140,31,0.4093512487179594,0.05082895026534,11.573403332693744,0.11577445116714656,26.249780364868798,0.10715969855116603,24.32882899398912,200,0.006105407141149044,False
traffic_source_campaign_name_1947,target_business_002,59,41,10,0.5149084451277126,0.027669034647403834,4.054334870233841,0.08247537961113716,11.010114587976165,0.08247537961113716,11.010114587976165,200,0.008323329500854015,False
traffic_source_campaign_name_1950,target_business_002,73,51,12,0.07575565161917343,0.08109346842309763,110.74109990704267,0.0020596788817992214,2.8370261041118794,0.003152838081765253,4.362390385582999,200,0.02640579640865326,False
traffic_source_campaign_name_1952,target_business_002,88,61,14,0.22631447334907542,0.40636425263541504,165.64236545030084,0.019556655143238292,8.08600068503567,0.025738126938220026,10.72427112032948,200,0.0193948931992054,False
traffic_source_campaign_name_1954,target_business_002,85,59,14,0.2434211148243472,0.05856436183780179,24.85357263428185,0.07552617979854294,29.78543163745281,0.0711204294889208,28.553088196515976,200,0.020222032442688942,False
traffic_source_campaign_name_1960,target_business_002,68,47,11,0.2168018098775302,0.13248305504963637,36.82557981986787,0.07575759488513484,16.969013799184438,0.07779660928104758,17.148371437002762,200,0.005539570935070515,False
traffic_source_campaign_name_1965,target_business_002,30,21,5,0.38176438737043566,0.2795555837269933,78.58885408124522,,,,,200,0.005570569541305304,False
traffic_source_campaign_name_1978,target_business_002,30,21,5,0.11221122131060073,0.005963654002173316,6.5286033846939375,0.0684503452368109,43.95321106716906,0.0684503452368109,43.95321106716906,200,0.001568109029904008,False
traffic_source_campaign_name_1995,target_business_004,37,25,7,0.40437009634298826,0.39536036854615403,75.11908052347745,0.08563780797079978,32.254426013167866,0.11149504789304857,37.42737936494771,200,0.05136517435312271,False
traffic_source_campaign_name_1999,target_business_002,60,42,9,0.5473507651620433,0.05066584872237556,6.860306445114792,,,,,200,0.00600781524553895,False
traffic_source_campaign_name_2002,target_business_002,94,65,15,0.5994375115198453,0.03911444233019738,6.976891495431254,0.04481468202868598,7.457665971996609,0.06476773779141637,11.107819095964269,200,0.009273290634155273,False
traffic_source_campaign_name_2004,target_business_005,31,21,6,0.3222310530876176,0.5933446964233627,141.79949833851927,0.012523721812904731,3.0395394124121746,0.012523721812904731,3.0395394124121746,200,0.006528839468955994,False
traffic_source_campaign_name_2007,target_business_005,38,26,7,0.2321621684655914,0.02435161753628482,8.51511869795366,0.09918858930975512,31.673218015481325,0.09918858930975512,31.673218015481325,200,0.015550723299384117,False
traffic_source_campaign_name_2016,target_business_005,63,44,10,0.17928376462823065,0.15547384870402933,50.78032345467618,0.040102772021640434,13.645479236487686,0.0615466213944997,19.352378637963913,200,0.023835260421037674,False
traffic_source_campaign_name_2017,target_business_005,72,50,12,0.30154978240026037,0.25632710134072234,97.63619726328334,0.06307071826606327,18.365940426516314,0.06307071826606327,18.365940426516314,200,0.05615761876106262,False
traffic_source_campaign_name_2022,target_business_005,276,193,42,0.15696237441203437,0.10966771706871659,54.800902909636875,0.037095463828630916,18.461110056727364,0.03889167074983784,19.616126928293127,200,0.009272145107388496,False
traffic_source_campaign_name_2028,target_business_005,246,172,38,0.19795509191973554,0.14207191803748395,65.73578295354297,0.13360922404696488,69.53662793686327,0.11681837411272042,64.43181440412557,200,0.017005745321512222,False
traffic_source_campaign_name_2029,target_business_005,34,23,6,0.4789102300414517,0.18954221440926597,58.21533056605532,0.11322395553164784,42.63033479381593,0.13925945849022772,53.69619655202242,200,0.01695682480931282,False
traffic_source_campaign_name_2031,target_business_001,39,27,7,0.20832747141974556,0.39657521986139616,266.76102939485565,0.3539421730335331,133.38779390101607,0.3539421730335331,133.38779390101607,200,0.036744967103004456,False
traffic_source_campaign_name_2035,target_business_001,73,51,12,0.4237072120570654,0.0898506347221398,14.226792674908792,0.11445227698835607,24.735479760965852,0.09301099639826331,21.59598918319212,200,0.02831820771098137,False
traffic_source_campaign_name_2036,target_business_001,136,95,21,0.2426086903897361,0.11671548108895655,35.751547322923514,0.11308710562414265,52.532986936831506,0.12665064096283232,57.00929754758488,200,0.014154661446809769,False
traffic_source_campaign_name_2038,target_business_002,117,81,19,0.19276659673647886,0.0465690779532546,30.46414999360636,0.051481240023072694,39.91479922855223,0.05496461829449878,43.12597049419226,200,0.01554251741617918,False
traffic_source_campaign_name_2049,target_business_002,36,25,6,0.24699612498037724,0.08784680054731127,35.712009276430685,0.17566385837687962,46.623266345881696,0.17566385837687962,46.623266345881696,200,0.009702702052891254,False
traffic_source_campaign_name_2060,target_business_002,36,25,6,0.3013891658886838,0.20218487407873323,112.90950506732231,0.07719170193389406,33.454827407084586,0.07719170193389406,33.454827407084586,200,0.034819163382053375,False
traffic_source_campaign_name_2064,target_business_005,39,27,7,0.6220105819166857,0.11960516758920654,18.475009080218587,0.0680505925633701,12.187787765218781,0.0680505925633701,12.187787765218781,200,0.009131800383329391,False
traffic_source_campaign_name_2068,target_business_005,112,78,18,0.27720461077629543,0.0991905842861609,17.466266879620793,0.06205709972060503,11.125038010694743,0.1061768181399925,18.46442871955445,200,0.010456460528075695,False
traffic_source_campaign_name_2069,target_business_005,62,43,10,0.6013028209145251,0.16305506011771026,18.281359145327922,0.2835039452895892,29.762879549727515,0.2835039452895892,29.762879549727515,200,0.024831831455230713,False
traffic_source_campaign_name_207,target_business_002,39,27,7,0.24969966318379117,0.2864922906662063,78.08798376371769,0.07550575055317399,23.441289928310326,0.07550575055317399,23.441289928310326,200,0.04322556406259537,False
traffic_source_campaign_name_2070,target_business_005,90,62,15,0.3610784310840105,0.036560076827102404,6.828729108385091,0.08882427503110528,16.364992030238902,0.11867234507232573,21.337557569883188,200,0.0020649931393563747,False
traffic_source_campaign_name_2095,target_business_001,84,58,14,0.2964665828408387,0.11673331975312377,30.418389399304026,0.08889693536755276,26.514283461437543,0.0832152249611859,25.02716950385806,200,0.008065302856266499,False
traffic_source_campaign_name_2099,target_business_002,30,21,5,0.3515615605584876,0.8532183064530295,210.30081671821205,0.04417033199201532,10.843544788047012,0.05942562159326806,15.356326803859,200,0.12367350608110428,False
traffic_source_campaign_name_2100,target_business_002,548,383,83,0.11731313971146563,0.04938662241236484,59.28276002746715,0.0708859665010627,60.60112508609511,0.06317275757698936,56.97573169769894,200,0.01009795069694519,False
traffic_source_campaign_name_2105,target_business_002,514,359,78,0.16936019241804495,0.07625181746280345,31.689823511524693,0.102426530279658,45.053948182930824,0.09994858130467688,43.1355940640837,200,0.011631287634372711,False
traffic_source_campaign_name_211,target_business_002,214,149,33,0.1953515346271461,0.14301770288330354,152.10261735826853,0.16457507747357378,104.25352174685376,0.16330494105891874,134.76669173385125,200,0.017315354198217392,False
traffic_source_campaign_name_212,target_business_002,208,145,32,0.354999688157221,0.11454140266398148,22.1720157898688,0.1118705695300176,21.212473728014537,0.10124124467191155,19.13447929920652,200,0.0179011020809412,False
traffic_source_campaign_name_2123,target_business_002,68,47,11,0.18616709198629633,0.043582809165292086,12.630872961856776,0.028931487242873873,10.592151431165528,0.049914924143270124,17.74537860802015,200,0.0005067574675194919,False
traffic_source_campaign_name_2135,target_business_002,37,25,7,0.4002433072438788,0.23001802044711683,38.903442807764655,0.24758942464286848,53.947615988750385,0.21622881497078209,49.142743678928774,200,0.08342152833938599,False
traffic_source_campaign_name_2137,target_business_002,31,21,6,0.4334526113040175,0.49613363369836777,148.09977566783593,0.012599287866338016,3.6750998668442154,0.012599287866338016,3.6750998668442154,200,0.013226306065917015,False
traffic_source_campaign_name_2151,target_business_002,39,27,7,0.34600086713116346,0.8139338750036439,126.27533835197713,0.08540477044702581,12.336992166269566,0.12462434686870322,18.105440623082263,200,0.016867078840732574,False
traffic_source_campaign_name_2155,target_business_002,116,81,18,0.252873544693615,0.09782677769488805,28.662692733473342,0.12299728301744887,38.168958613125035,0.16388909146503067,50.70907567561297,200,0.014785626903176308,False
traffic_source_campaign_name_2157,target_business_002,54,37,9,0.2947932596286051,0.08048437379105773,15.270616106329976,0.3298864878248694,147.43916566099549,0.3298864878248694,147.43916566099549,200,0.04796649143099785,False
traffic_source_campaign_name_2159,target_business_002,166,116,26,0.1608638877679153,0.11267786706629915,110.81387224632657,0.02798350404690072,31.152057533588106,0.027703070847779798,30.077762127845265,200,0.01040904875844717,False
traffic_source_campaign_name_2163,target_business_002,33,23,6,0.4518030518121867,0.512427084786294,55.332320390747746,0.6617770505797823,66.17770505797823,0.6617770505797823,66.17770505797823,200,0.030498743057250977,False
traffic_source_campaign_name_2170,target_business_002,72,50,12,0.2884074922586948,0.06012347636110647,19.147764520842745,0.10026244833155401,33.76899915463653,0.10026244833155401,33.76899915463653,200,0.019072847440838814,False
traffic_source_campaign_name_2171,target_business_002,31,21,6,0.2647579472798324,0.6851042184314348,98.71283876908521,0.6179211123449042,61.79211123449042,0.6179211123449042,61.79211123449042,200,0.03333921730518341,False
traffic_source_campaign_name_2172,target_business_002,60,42,9,0.30405420375186665,0.2177186272396947,80.97416924431997,,,,,200,0.013608971610665321,False
traffic_source_campaign_name_2177,target_business_002,86,60,14,0.34204873065840397,0.6238944271592167,164.10090602938922,0.12975943543356205,28.20306438800856,0.14129153670201705,29.831686780726084,200,0.012140819802880287,False
traffic_source_campaign_name_2181,target_business_002,41,28,7,0.37540447026909,0.05293768301571115,14.49112491230503,0.0303352941176471,9.35432780945452,0.0303352941176471,9.35432780945452,200,0.010605789721012115,False
traffic_source_campaign_name_2183,target_business_002,604,422,92,0.29725562672225186,0.05608394781295077,30.976086944379777,0.0716167798199401,32.58974505610555,0.06799404486230072,31.489801223096116,200,0.003780803643167019,False
traffic_source_campaign_name_2217,target_business_005,57,39,10,0.3313773561457874,0.1621035107590031,23.824922005415562,0.13942427986113293,25.88921756152106,0.13942427986113293,25.88921756152106,200,0.013034299947321415,False
traffic_source_campaign_name_2218,target_business_005,117,81,19,0.09404626939659745,0.03166927658204235,33.29978533483659,0.02805080134028713,27.081073017657804,0.03186462134973154,31.37623504545323,200,0.02585752308368683,False
traffic_source_campaign_name_2219,target_business_005,255,178,39,0.2672548073970438,0.24495162863286682,54.30992822846407,0.1035794560457722,21.954185229683624,0.09596689776347465,19.72831600664236,200,0.004700711462646723,False
traffic_source_campaign_name_2224,target_business_005,63,44,10,0.30949293224738555,0.21144436917316833,235.08345539889265,0.0689483436353569,44.61468286359055,0.0689483436353569,44.61468286359055,200,0.019044997170567513,False
traffic_source_campaign_name_2231,target_business_005,61,42,10,0.5102392521894135,0.08616530606214057,14.808196472701383,0.014459468202109083,2.4968579807289495,0.014459468202109083,2.4968579807289495,200,0.011071574874222279,False
traffic_source_campaign_name_227,target_business_002,33,23,6,0.40073069554493135,2.0142223015042022,251.72547582458768,0.3660891800347711,36.60891800347711,0.3660891800347711,36.60891800347711,200,0.09975476562976837,False
traffic_source_campaign_name_2271,target_business_005,103,72,16,0.16647171177405756,0.10354845536538795,37.62762518407109,0.10380406686623042,35.71888165964152,0.10481774694820112,43.310189220096646,200,0.012276269495487213,False
traffic_source_campaign_name_2277,target_business_005,37,25,7,0.5608542263576393,0.16382831705301312,23.41150142603378,0.22227147701720062,34.73203725832644,0.22227147701720062,34.73203725832644,200,0.00980176217854023,False
traffic_source_campaign_name_2278,target_business_005,41,28,7,0.3552429021336559,0.990792429572435,301.3088089031592,0.44319613985812534,174.17067284984748,0.44319613985812534,174.17067284984748,200,0.05827854201197624,False
traffic_source_campaign_name_2284,target_business_005,76,53,12,0.3699851054241736,0.2777965595867827,51.73968696200867,0.22752143044301346,60.93514500180394,0.22752143044301346,60.93514500180394,200,0.01722007803618908,False
traffic_source_campaign_name_2288,target_business_005,72,50,12,0.22272424230292506,0.20700163337502864,134.33444107922227,0.09450384049460714,37.186290853639875,0.09450384049460714,37.186290853639875,200,0.020498229190707207,False
traffic_source_campaign_name_2289,target_business_001,35,24,6,0.38371892307921385,0.5420006240793922,134.87399542300935,0.5208492180484252,71.9283056835997,0.5208492180484252,71.9283056835997,200,0.015870215371251106,False
traffic_source_campaign_name_2290,target_business_001,58,40,10,0.1398777947861242,0.18975310427872044,159.0027527099558,0.05500470675069757,77.10827086841974,0.07736888129397097,132.38715762234713,200,0.011044159531593323,False
traffic_source_campaign_name_2292,target_business_002,55,38,9,0.26578619984524565,0.09498642333529056,49.968605021014355,,,,,200,0.011803187429904938,False
traffic_source_campaign_name_2302,target_business_001,32,22,6,0.45970173846000795,0.1223338985177468,21.18780056953879,0.0077950905292479165,1.3401469625257967,0.009459348885793894,1.6240602480080504,200,0.004215297754853964,False
traffic_source_campaign_name_2304,target_business_001,56,39,9,0.3015446021026929,0.1975201964378357,19.75201964378357,,,,,200,0.00960496161133051,False
traffic_source_campaign_name_2305,target_business_001,70,49,11,0.4028736454661959,0.0820576503533705,27.502609438451525,0.10913319898355794,28.430375017921865,0.10913319898355794,28.430375017921865,200,0.014560776762664318,False
traffic_source_campaign_name_2330,target_business_001,35,24,6,0.4114978202416348,0.14347287358630886,22.555595517747594,0.4224838647061678,65.93800886128679,0.4224838647061678,65.93800886128679,200,0.018511703237891197,False
traffic_source_campaign_name_2333,target_business_001,108,75,17,0.207715036943361,0.05103422973435591,49.94871306401354,0.04832543071576456,42.21249387730512,0.047292498324658906,39.09346381780685,200,0.05048863962292671,False
traffic_source_campaign_name_2334,target_business_001,35,24,6,0.3850333333333333,0.05987619789080187,18.012448177937355,0.026710317460317448,8.345597148008778,0.04360714285714285,14.037759164803571,200,0.004694001283496618,False
traffic_source_campaign_name_2335,target_business_001,543,380,82,0.13676291628823448,0.02219050308366691,21.920265381928512,0.036495080156773364,29.67311437383608,0.03454669036982667,27.840634961732754,200,0.0058324383571743965,False
traffic_source_campaign_name_2343,target_business_004,542,379,82,0.022808788856258054,0.03895124495905485,91.84470221567275,0.03963038232398299,69.69110954489923,0.04923223688855048,118.11518212897174,200,0.0062125325202941895,False
traffic_source_campaign_name_2344,target_business_004,97,67,16,0.39549184752140093,0.2852689559743204,70.50544704750173,0.15303255723461623,35.77095372001246,0.15426823505007667,37.47678962004993,200,0.05952107161283493,False
traffic_source_campaign_name_2345,target_business_004,522,365,79,0.22123940656174354,0.027585960796852303,10.941506123684691,0.02549791738971397,10.815113228402815,0.026921011903036588,10.978319645903895,200,0.003799773519858718,False
traffic_source_campaign_name_2347,target_business_005,38,26,7,0.31432893519001787,0.3083842142300657,129.64774241033865,0.031673624097265554,11.804948436449354,0.037383129107784914,14.39026549729611,200,0.008209098130464554,False
traffic_source_campaign_name_2348,target_business_005,38,26,7,0.31158342650759746,0.33036537473321115,102.60473435560169,0.018997203733393798,6.186636481004587,0.02413456898087421,7.770324133812909,200,0.01112738810479641,False
traffic_source_campaign_name_2352,target_business_003,95,66,15,0.20689188561485103,0.15050078624808538,59.39418315161507,0.10551994817514197,38.384501883959175,0.12436443254747748,49.497466605306876,200,0.03496517613530159,False
traffic_source_campaign_name_2368,target_business_003,93,65,15,0.3835630695951245,0.27139630877811377,64.48732628998266,0.08998239334809593,22.00225105550901,0.09224224364136546,22.92696368215657,200,0.011535109020769596,False
traffic_source_campaign_name_2391,target_business_003,34,23,6,0.35899265992839496,0.1392126962809509,60.69057988827255,0.03658115758936929,14.911376898607209,0.048380474452554764,18.613710091211622,200,0.010385406203567982,False
traffic_source_campaign_name_2396,target_business_003,31,21,6,0.4129590136378349,0.14666660387343394,21.26761041671155,0.18546123318168617,25.307092854312508,0.18546123318168617,25.307092854312508,200,0.06396863609552383,False
traffic_source_campaign_name_2409,target_business_003,84,58,14,0.2995760988064282,0.06124516524915284,10.195028375455074,0.04135106751842077,7.899245359755891,0.060254358735388265,10.457763857591132,200,0.010792446322739124,False
traffic_source_campaign_name_2437,target_business_003,31,21,6,0.2781107723657267,0.23331279783744227,191.356798290989,0.11487889359241181,57.93766038680606,0.11487889359241181,57.93766038680606,200,0.007165280636399984,False
traffic_source_campaign_name_244,target_business_002,70,49,11,0.07151595342717039,0.3523659358414067,1575.6891723148208,0.005229416549029149,24.917627079281395,0.005229416549029149,24.917627079281395,200,0.04686230048537254,False
traffic_source_campaign_name_2446,target_business_005,38,26,7,0.32833531381446124,1.0114450884351223,276.47749583818506,0.19653742627558093,46.1994442829668,0.19653742627558093,46.1994442829668,200,0.04274166002869606,False
traffic_source_campaign_name_245,target_business_002,75,52,12,0.44733126364329745,0.07146581722640909,18.21828428871275,0.048053716084027844,13.34552999393852,0.048053716084027844,13.34552999393852,200,0.010806593112647533,False
traffic_source_campaign_name_2453,target_business_005,31,21,6,0.40826617272816257,0.5103428649550968,157.457208050669,0.07457771185522324,19.69792423097213,0.07457771185522324,19.69792423097213,200,0.015958506613969803,False
traffic_source_campaign_name_2457,target_business_004,250,175,38,0.25467244100046327,0.06612425922345343,41.10353135342007,0.09157356988161398,55.63399159247394,0.10207790996581528,66.79244012026363,200,0.015293709933757782,False
traffic_source_campaign_name_2474,target_business_002,37,25,7,0.32508969292087647,0.2020685479320178,29.815737799780536,0.4149274190160078,80.95138946662973,0.4149274190160078,80.95138946662973,200,0.017347246408462524,False
traffic_source_campaign_name_2479,target_business_002,55,38,9,0.3300341371572577,0.1596104762674218,84.66024745365968,0.005553298117296601,2.874369040942289,0.005553298117296601,2.874369040942289,200,0.044983621686697006,False
traffic_source_campaign_name_2480,target_business_002,83,58,13,0.3275410431231157,0.12538214909511472,22.840880224450867,0.09311606693959634,16.997986105823966,0.10954368792051232,22.291530457343953,200,0.01673160493373871,False
traffic_source_campaign_name_2481,target_business_002,144,100,23,0.18030118149005853,0.11050659870471854,61.037021168603644,0.11506769705262168,58.60484047044058,0.10381030184619558,51.6603240215928,200,0.023991219699382782,False
traffic_source_campaign_name_249,target_business_002,37,25,7,0.48943118652399037,0.8281339849496012,162.9058148894197,0.051797764116320116,9.388029780089601,0.051797764116320116,9.388029780089601,200,0.06687465310096741,False
traffic_source_campaign_name_2506,target_business_002,31,21,6,0.31556590512025473,0.19004113650714777,73.26395592756153,0.04511526124883847,14.976614588516291,0.04511526124883847,14.976614588516291,200,0.011481177061796188,False
traffic_source_campaign_name_2511,target_business_002,35,24,6,0.3307153331532103,0.570183381843584,227.09963688703797,0.15616797900262472,45.137931034482776,0.15616797900262472,45.137931034482776,200,0.018733158707618713,False
traffic_source_campaign_name_2517,target_business_003,31,21,6,0.3321544924612883,2.6110062957887257,1048.5500937178367,0.09001874639492402,41.36388735505245,0.09001874639492402,41.36388735505245,200,0.11760913580656052,False
traffic_source_campaign_name_2523,target_business_002,85,59,14,0.25972357574439375,0.14820856785880202,118.6071104974982,0.07533057399666694,61.42280668716841,0.06993924678305055,59.1804924233393,200,0.016900191083550453,False
traffic_source_campaign_name_2525,target_business_002,94,65,15,0.3595235481503481,0.3255218190767412,265.44222171607646,0.07185407018927831,62.344861482359704,0.0750953901325105,63.645524217349106,200,0.02068604715168476,False
traffic_source_campaign_name_2527,target_business_002,42,29,7,0.3758246019287525,0.23806077765723987,66.36634412463228,0.12478033477667919,32.228520203206365,0.12478033477667919,32.228520203206365,200,0.013209979049861431,False
traffic_source_campaign_name_2537,target_business_002,30,21,5,0.35402517351725854,0.31584360892612967,85.6663491112743,,,,,200,0.11657601594924927,False
traffic_source_campaign_name_2538,target_business_002,30,21,5,0.34428965949774254,1.1718358966930127,345.983107661841,,,,,200,0.0525926798582077,False
traffic_source_campaign_name_2539,target_business_002,30,21,5,0.4512449091106126,0.14541733879756535,19.92623541371192,,,,,200,0.005049461033195257,False
traffic_source_campaign_name_2542,target_business_002,42,29,7,0.17953978154342448,0.4721464541707032,231.3168661156551,0.12547791208993392,40.905708007120424,0.12674982980993907,41.64456631136592,200,0.11756259202957153,False
traffic_source_campaign_name_2547,target_business_002,94,65,15,0.29393463847474366,0.3520074059025031,106.46834449018587,0.09356098552492124,21.657420425974948,0.08891313500878377,20.32381436786731,200,0.03279677405953407,False
traffic_source_campaign_name_256,target_business_004,99,69,16,0.3381113402246301,1.22380914340842,8393.863919077188,0.11626839905473499,555.9696841971245,0.09547393891957562,438.80034003004226,200,0.00900151114910841,False
traffic_source_campaign_name_2576,target_business_002,34,23,6,0.27411507338407143,0.10288379843261197,43.98049063750785,0.1944495041126737,52.72353945408659,0.1944495041126737,52.72353945408659,200,0.04174325242638588,False
traffic_source_campaign_name_2581,target_business_002,216,151,33,0.2136895040042765,0.14569990322029122,65.23720207434259,0.13620523925718303,54.289392426403595,0.15321819819445556,62.049141625036675,200,0.01982816495001316,False
traffic_source_campaign_name_259,target_business_004,280,196,42,0.1696024174895975,0.02199195471743393,12.661763210224509,0.051302124529382494,31.07885513807018,0.0451773368756593,26.499933298932866,200,0.005469459109008312,False
traffic_source_campaign_name_2612,target_business_002,39,27,7,0.4351816566075557,0.12167111600745385,42.03925748459902,0.07937538973186448,22.713731026899563,0.07937538973186448,22.713731026899563,200,0.010724470019340515,False
traffic_source_campaign_name_2614,target_business_002,38,26,7,0.3524611694047645,0.439505903700963,109.65539340469859,0.27499999999999997,43.71791856561988,0.27499999999999997,43.71791856561988,200,0.026459071785211563,False
traffic_source_campaign_name_2636,target_business_002,31,21,6,0.4645301593982714,0.6490286977955362,85.06812492865208,0.49066622220105727,49.06662222010573,0.49066622220105727,49.06662222010573,200,0.031144186854362488,False
traffic_source_campaign_name_2644,target_business_002,34,23,6,0.5866815914284593,0.9770489636010224,143.87471217739244,0.3060699364609627,36.06010692918815,0.3060699364609627,36.06010692918815,200,0.037103161215782166,False
traffic_source_campaign_name_2658,target_business_002,73,51,12,0.03721242054882337,0.08444638700838913,292.48955406393236,0.002737022140246244,8.273814231598454,0.002737022140246244,8.273814231598454,200,0.012190786190330982,False
traffic_source_campaign_name_2666,target_business_002,33,23,6,0.1173293249281292,0.36747398504266426,644.3846833971786,0.007292383119059005,11.805852962169968,0.007292383119059005,11.805852962169968,200,0.011824408546090126,False
traffic_source_campaign_name_2673,target_business_002,84,58,14,0.34570241636663546,0.24068595701607418,135.81644301502106,0.2476156943799265,104.49851877148602,0.2298423017219331,93.25584248396581,200,0.01337092649191618,False
traffic_source_campaign_name_270,target_business_004,98,68,16,0.24532000598961687,0.055316688795188904,20.58444840623234,0.0720456763703886,30.311159562711172,0.09096038713434439,38.284618508469215,200,0.007555384188890457,False
traffic_source_campaign_name_2742,target_business_001,268,187,41,0.15168009929981574,0.033543360205616934,26.15834224746297,0.044266773393825225,34.00806292516885,0.055836941407899306,44.0060783044045,200,0.012994118966162205,False
traffic_source_campaign_name_2744,target_business_001,115,80,18,0.2943935411164589,0.1059222376737182,43.82308963180853,0.1162156230134484,53.350472443188565,0.09910866046135168,45.986836864101605,200,0.013699889183044434,False
traffic_source_campaign_name_2746,target_business_001,54,37,9,0.2656931058612211,0.19055656649818647,28.175788576459084,0.24556720686367972,43.026557541339564,0.24556720686367972,43.026557541339564,200,0.011986292898654938,False
traffic_source_campaign_name_2748,target_business_001,308,215,47,0.21227159412963537,0.14032206951043485,38.12379913706867,0.09166754813893639,28.18024811418717,0.0840363685016561,25.41202142571341,200,0.00895911455154419,False
traffic_source_campaign_name_2749,target_business_001,103,72,16,0.16665539776020136,0.027774634465698417,20.948723142509827,0.0440934609267875,34.0318192484796,0.060337774420523786,48.192759355726,200,0.0015050858492031693,False
traffic_source_campaign_name_2750,target_business_001,81,56,13,0.1405087313102033,0.43784438495345485,321.350200396279,0.07353626533033596,39.255682342778734,0.07773401271453016,41.199093280648654,200,0.01440618745982647,False
traffic_source_campaign_name_2754,target_business_002,299,209,46,0.18191755683255872,0.0551419470693005,45.67771682698661,0.07467711960348382,55.923101605552986,0.06850712576688933,53.22858964164937,200,0.013427103869616985,False
traffic_source_campaign_name_2756,target_business_002,85,59,14,0.2558134858909326,0.10763003922179605,28.7882349432828,0.14929879010558744,46.233536456865686,0.15292792106172387,45.20619060934057,200,0.03625280410051346,False
traffic_source_campaign_name_2757,target_business_002,85,59,14,0.28765865313126676,0.1982997347175405,118.77263192104242,0.12087130470977911,67.78895595937642,0.10843330670118091,62.56634272005773,200,0.041021883487701416,False
traffic_source_campaign_name_2759,target_business_002,42,29,7,0.3222852256812157,0.5186319133495987,152.3175128837839,0.27734792822512117,84.34561288732006,0.27734792822512117,84.34561288732006,200,0.03052801638841629,False
traffic_source_campaign_name_276,target_business_004,282,197,43,0.21844456706276041,0.027785502538905157,9.559671191519,0.029781730930089605,9.787498740038728,0.03642245697935547,12.193903412889712,200,0.008107779547572136,False
traffic_source_campaign_name_2767,target_business_004,104,72,17,0.11928438859839187,0.053827047313831686,91.644855103388,0.013819630208504394,23.35016256166434,0.011466621138773133,19.440869181008512,200,0.005238110665231943,False
traffic_source_campaign_name_2768,target_business_004,328,229,50,0.32567370536787665,0.04375522734232192,12.626079027945739,0.06894677029914725,20.502783198607574,0.06482397607285104,18.677706627031707,200,0.007666460704058409,False
traffic_source_campaign_name_2769,target_business_004,130,91,20,0.2653710758278616,0.15509740585997994,80.76522272291847,0.04470974595426653,34.432859594269246,0.06547184136246124,46.54719859595162,200,0.004857574123889208,False
traffic_source_campaign_name_277,target_business_004,70,49,11,0.23101784254964283,0.07689645916106559,37.14585009946187,0.017639511573669456,9.232012430193832,0.017639511573669456,9.232012430193832,200,0.012229927815496922,False
traffic_source_campaign_name_2781,target_business_004,139,97,22,0.38708202424672167,0.0855664054914164,21.481474043395153,0.18005275913892083,56.53456450934592,0.17283765464874576,55.4852873497379,200,0.0070106456987559795,False
traffic_source_campaign_name_2783,target_business_004,315,220,48,0.3191789819908662,0.056934418695009294,21.658954986799493,0.07122091556328808,27.728005066889565,0.0704081607052674,28.725035469507176,200,0.00518237566575408,False
traffic_source_campaign_name_2784,target_business_004,161,112,25,0.3230733931867008,0.07347142088569368,30.15844796487749,0.16293554997425583,76.44064445667806,0.15603245400667623,72.43487958938746,200,0.007387891411781311,False
traffic_source_campaign_name_2787,target_business_004,94,65,15,0.35998451004044274,0.10308210734471199,25.57857944615994,0.13941104097259502,18.529627566696625,0.15391348792900114,20.714892242057328,200,0.017175942659378052,False
traffic_source_campaign_name_279,target_business_004,76,53,12,0.11185894901123301,0.17180093085724057,190.29093154596652,0.03245745386496593,26.175768758017053,0.03245745386496593,26.175768758017053,200,0.01598256267607212,False
traffic_source_campaign_name_2790,target_business_002,39,27,7,0.15091848864623914,0.17770048262387395,31.17911906091484,0.22024319343870855,31.28386745746832,0.22024319343870855,31.28386745746832,200,0.010748989880084991,False
traffic_source_campaign_name_282,target_business_004,58,40,10,0.24895895837532306,0.6340139656218198,142.14661000099912,0.11349523398102496,20.40231955530292,0.11349523398102496,20.40231955530292,200,0.018234165385365486,False
traffic_source_campaign_name_284,target_business_004,59,41,10,0.26058073053635916,0.195694994365886,30.142086999460595,0.07746793983197842,10.925743162468827,0.07746793983197842,10.925743162468827,200,0.01976761221885681,False
traffic_source_campaign_name_286,target_business_004,94,65,15,0.19195714752868098,0.14838707316479777,41.00511643027537,0.21669900971461262,60.65797327345827,0.20190513605889449,60.19050789582575,200,0.011431246995925903,False
traffic_source_campaign_name_287,target_business_004,83,58,13,0.22818342328642363,0.15740245389791874,33.53145476669016,0.24050888456884018,45.211237303279894,0.23322415438209296,44.482764284605175,200,0.012132221832871437,False
traffic_source_campaign_name_289,target_business_004,55,38,9,0.08707703329042141,0.2407623938820843,810.0741168548183,,,,,200,0.012845521792769432,False
traffic_source_campaign_name_290,target_business_004,56,39,9,0.41936888002082073,0.4722476601600647,47.22476601600647,,,,,200,0.01875194162130356,False
traffic_source_campaign_name_291,target_business_004,337,235,52,0.17721178757735834,0.04383467936010199,18.57272048008842,0.0703361746498567,29.7746517800677,0.061533661051677506,25.401040165763256,200,0.006949159316718578,False
traffic_source_campaign_name_294,target_business_004,118,82,19,0.25336389263326453,0.09411298776724882,14.291550701682867,0.12655146215252752,19.28304856988938,0.12563247870626737,18.054636561659542,200,0.005273169372230768,False
traffic_source_campaign_name_295,target_business_004,69,48,11,0.4127055690672273,0.274705186794938,41.795947038402865,0.1477166827158392,21.39577537139543,0.1477166827158392,21.39577537139543,200,0.010566669516265392,False
traffic_source_campaign_name_315,target_business_004,238,166,37,0.41104561431016023,0.10535682549117116,18.797242808233435,0.13092486500806616,22.008539799358026,0.12902423022558654,22.73265241414801,200,0.009465981274843216,False
traffic_source_campaign_name_328,target_business_002,40,28,6,0.29299159141401965,0.10530459135878491,26.83325008886957,0.3169826547819803,122.31970208222822,0.3169826547819803,122.31970208222822,200,0.043627023696899414,False
traffic_source_campaign_name_336,target_business_002,119,83,19,0.18578990314362398,0.1391013984784927,46.29533342744274,0.07804627675942381,26.98142864910248,0.07356482530532134,26.095408259763392,200,0.015422695316374302,False
traffic_source_campaign_name_340,target_business_002,107,74,17,0.22388213754826383,0.0751735419851973,27.036950535113903,0.09186028260464396,31.46262996538181,0.08320776401943816,28.20729711496952,200,0.01305772177875042,False
traffic_source_campaign_name_341,target_business_002,31,21,6,0.2955336261243034,0.271913136293052,254.87366388586423,0.031337439232176106,33.46443959896093,0.031337439232176106,33.46443959896093,200,0.040737248957157135,False
traffic_source_campaign_name_343,target_business_002,30,21,5,0.32490523684098604,0.42099671968087504,59.087977133484884,,,,,200,0.016882266849279404,False
traffic_source_campaign_name_344,target_business_002,80,56,12,0.13658740294440577,0.18469395155242463,77.98452554656859,0.3379273843287498,64.72874911973267,0.3379273843287498,64.72874911973267,200,0.009273993782699108,False
traffic_source_campaign_name_356,target_business_002,110,77,17,0.19057221308296055,0.05839543991381825,29.238017568170527,0.07106338681103992,31.139859906537794,0.07088501630552926,31.654204868637294,200,0.013645478524267673,False
traffic_source_campaign_name_358,target_business_002,69,48,11,0.37243309242617306,0.17363961045993687,35.26163393801694,0.18065374084095243,26.271925763877046,0.18065374084095243,26.271925763877046,200,0.04115067794919014,False
traffic_source_campaign_name_359,target_business_002,156,109,24,0.2982333138568745,0.13972074018085048,50.17228352577139,0.20729217740138178,83.41423850892674,0.23984641875470938,89.45307740913512,200,0.015364945866167545,False
traffic_source_campaign_name_363,target_business_002,241,168,37,0.14740427036192214,0.15058485497470206,148.40401805569977,0.08256924664089796,35.83558744798534,0.07541013889932234,31.01534224413679,200,0.01912885159254074,False
traffic_source_campaign_name_366,target_business_002,78,54,13,0.2410046142706196,0.1560459065834267,50.26705280190929,0.1330229083838248,38.06339173038985,0.17240353414695472,52.23826402906102,200,0.02284945733845234,False
traffic_source_campaign_name_367,target_business_002,36,25,6,0.2183299309402741,0.34519258591033364,143.75291667324598,0.15070936237767021,42.817178824772014,0.15070936237767021,42.817178824772014,200,0.026551663875579834,False
traffic_source_campaign_name_369,target_business_002,108,75,17,0.20895755265952176,0.11758249664061633,47.318029296138384,0.08185260321014756,37.87809382793713,0.09184982762749734,44.37306824271754,200,0.020801663398742676,False
traffic_source_campaign_name_370,target_business_002,141,98,22,0.28491469921685314,0.12925892176589227,53.36383265781953,0.06782582174420299,22.741965057808326,0.06704160116259143,23.10676088037659,200,0.012213475070893764,False
traffic_source_campaign_name_372,target_business_002,36,25,6,0.2952523040212312,0.12555458044391019,22.124275383425285,0.03230225600634978,5.485807478188774,0.03230225600634978,5.485807478188774,200,0.07856735587120056,False
traffic_source_campaign_name_373,target_business_002,108,75,17,0.19574387617539385,0.1818183855302657,82.32672981112796,0.07975413797103965,37.17443407889979,0.07084709127791342,33.22507869665161,200,0.011229156516492367,False
traffic_source_campaign_name_374,target_business_002,30,21,5,0.31677803953287026,0.02666606125154805,19.311695336359602,,,,,200,0.03370052948594093,False
traffic_source_campaign_name_396,target_business_001,317,221,49,0.18555052326472438,0.10759637033386792,85.39006811212498,0.08993453273902148,51.0043903878405,0.10260704359225697,64.55980668954997,200,0.010529207065701485,False
traffic_source_campaign_name_397,target_business_001,83,58,13,0.35512585179523615,0.19707695103515288,85.78447696752285,0.21530398322851152,64.55013156201078,0.20298420244639231,59.158659382619526,200,0.0160030759871006,False
traffic_source_campaign_name_398,target_business_001,60,42,9,0.4503678027400871,0.5561250027321882,154.09977846988335,0.12436049529176246,40.97599706834424,0.12436049529176246,40.97599706834424,200,0.044825151562690735,False
traffic_source_campaign_name_402,target_business_001,86,60,14,0.3829749682511963,0.12946113638629572,19.5693996956917,0.2233671064328721,34.46459190588268,0.22380321776398918,32.914337670301066,200,0.008088108152151108,False
traffic_source_campaign_name_405,target_business_001,119,83,19,0.20472612360008752,0.09069005302315764,78.08640461408167,0.02765187777626502,19.149746543555615,0.03047739248853161,20.124875758083558,200,0.009957647882401943,False
traffic_source_campaign_name_406,target_business_001,57,39,10,0.5121586362888771,0.04189206217015481,6.2529339295672575,0.16306151475643005,33.93832590835743,0.16306151475643005,33.93832590835743,200,0.06211118772625923,False
traffic_source_campaign_name_407,target_business_001,57,39,10,0.3154197999164856,0.22950135093127444,98.80036692001852,0.0673139783392967,30.236591501994663,0.060760717381158735,27.014349048937753,200,0.010050988756120205,False
traffic_source_campaign_name_408,target_business_001,304,212,47,0.2424471768707603,0.06189450550574436,23.37420062611775,0.11636813079141124,48.96824321390975,0.09896396283950232,40.04941455838937,200,0.01353971567004919,False
traffic_source_campaign_name_409,target_business_001,80,56,12,0.34345065626547794,0.30352550593267996,143.775058748604,0.11499960897786812,44.79845589440878,0.11927912897647781,46.04582818121576,200,0.03818690404295921,False
traffic_source_campaign_name_411,target_business_001,150,105,23,0.29210537555677585,0.05238580711632293,28.83895975453989,0.07712996522057478,42.13126589785121,0.07423442770848042,42.06264045071336,200,0.019864657893776894,False
traffic_source_campaign_name_417,target_business_001,86,60,14,0.3300805110883277,0.14917772725616835,31.90576982543118,0.18779420234398375,30.33722228099334,0.16867513963088876,25.77865729681496,200,0.041667431592941284,False
traffic_source_campaign_name_419,target_business_001,34,23,6,0.4244825350553743,0.16907740649646485,71.24272786631836,0.13357400722021662,61.984521629582076,0.13357400722021662,61.984521629582076,200,0.032442525029182434,False
traffic_source_campaign_name_428,target_business_001,60,42,9,0.19488016056884802,0.5089786434314967,373.27838707242626,,,,,200,0.01015028078109026,False
traffic_source_campaign_name_442,target_business_003,30,21,5,0.5188965746498992,0.5644118349448755,61.307442413216926,,,,,200,0.043111979961395264,False
traffic_source_campaign_name_444,target_business_003,80,56,12,0.27559136801598355,0.07073837107868368,32.798002272829685,0.04640214753483362,23.458128102064038,0.04640214753483362,23.458128102064038,200,0.011450179852545261,False
traffic_source_campaign_name_450,target_business_003,83,58,13,0.16078553907672347,0.09396842708256356,137.0402101787619,0.03215982437774358,28.815182641899074,0.039104342612297394,33.842888152147204,200,0.012905962765216827,False
traffic_source_campaign_name_460,target_business_003,32,22,6,0.46687850869375014,0.49256477975581475,100.1733209720457,0.0007124125605703635,0.14481716832497796,0.0007124125605703635,0.14481716832497796,200,0.03721398115158081,False
traffic_source_campaign_name_487,target_business_003,65,45,11,0.19133693252902922,0.13939617010090086,67.91344834210427,0.10104500000000002,50.43675751222922,0.10104500000000002,50.43675751222922,200,0.029729872941970825,False
traffic_source_campaign_name_489,target_business_003,61,42,10,0.25553507536266357,0.30002337994089934,44.017254429826714,0.7464662552259607,298.8840175368674,0.7464662552259607,298.8840175368674,200,0.033338773995637894,False
traffic_source_campaign_name_498,target_business_001,258,180,40,0.2306402400361789,0.1470767743447202,63.28770823666534,0.13616844203263417,50.47715060765832,0.13276050406117146,53.50368633891562,200,0.011734348721802235,False
traffic_source_campaign_name_499,target_business_001,34,23,6,0.3570102813941886,0.07944710722411305,21.88158381581643,0.04963952642370523,13.090877376591651,0.04963952642370523,13.090877376591651,200,0.03154875710606575,False
traffic_source_campaign_name_500,target_business_001,393,275,60,0.18350153240426303,0.07415126632499508,37.34393497225663,0.07176613025774176,35.175656063168,0.07189855285443846,37.50100042879361,200,0.004305839538574219,False
traffic_source_campaign_name_502,target_business_001,104,72,17,0.27605327843403393,0.044028198231767186,23.873125694167342,0.02576280260721685,12.006650725091326,0.03563402100407786,17.476451198232095,200,0.011264064349234104,False
traffic_source_campaign_name_503,target_business_001,83,58,13,0.14975125805826092,0.3143137745451674,194.39869048373924,0.03354622944975168,20.097982491052903,0.03307701228355901,19.773750946583267,200,0.007831824943423271,False
traffic_source_campaign_name_505,target_business_001,77,53,13,0.2226631520993391,0.10340689347860162,26.170173621448136,0.06880123076170204,18.790681668113226,0.07123576243607625,19.423673842939067,200,0.029618071392178535,False
traffic_source_campaign_name_506,target_business_001,87,60,14,0.152235587282685,0.13168605138463993,55.9366900239155,0.21824617178820918,70.23586485420171,0.19515110923603662,54.61345407103353,200,0.013403225690126419,False
traffic_source_campaign_name_507,target_business_001,95,66,15,0.2650338815077312,0.050416197112855186,15.598358603422716,0.05144504272197992,14.052697144961957,0.06505566887559096,17.594824490536134,200,0.008343481458723545,False
traffic_source_campaign_name_508,target_business_001,88,61,14,0.29747616710177005,0.18768810967360258,52.117668216769054,0.15364518272136188,38.69851470289812,0.1496775990637787,41.59494998699301,200,0.03977011889219284,False
traffic_source_campaign_name_509,target_business_001,94,65,15,0.2852018600214182,0.06946809837194516,23.468571350190018,0.09481378736306306,30.96150727687807,0.08589551115524756,27.48774348818755,200,0.015031663700938225,False
traffic_source_campaign_name_510,target_business_001,91,63,15,0.340360450651465,0.14250861172376886,39.19859836583341,0.11294247667043224,24.501331934837445,0.12246877752040808,25.261264115891173,200,0.013172715902328491,False
traffic_source_campaign_name_511,target_business_001,66,46,11,0.25771645842816676,0.018378619716182033,4.681383369711992,0.17679261625074427,39.132438687719514,0.17679261625074427,39.132438687719514,200,0.016125336289405823,False
traffic_source_campaign_name_512,target_business_001,59,41,10,0.17499743462655717,0.7346898338784156,123.11537802888179,0.0886695611423967,28.118262803689888,0.13048541904436228,36.36608553443176,200,0.013270668685436249,False
traffic_source_campaign_name_513,target_business_001,41,28,7,0.24815431975636384,4.027356701532633,1004.1977057915321,0.3499217947291611,37.61240745520579,0.3499217947291611,37.61240745520579,200,0.15883901715278625,False
traffic_source_campaign_name_515,target_business_001,183,128,28,0.21979459264542517,0.066375105692408,19.344724917012808,0.09485672688346025,24.26880314961707,0.10020965913460281,25.23710651677833,200,0.006583998911082745,False
traffic_source_campaign_name_520,target_business_001,56,39,9,0.39814489548693077,0.07617365720557057,10.344152818045671,,,,,200,0.01892375387251377,False
traffic_source_campaign_name_521,target_business_001,32,22,6,0.2999977593835581,0.3388233524403812,54.9515679896734,0.32080565413898743,37.59019015461168,0.32080565413898743,37.59019015461168,200,0.008354544639587402,False
traffic_source_campaign_name_522,target_business_001,30,21,5,0.4057563930892508,0.05936428491035872,8.192896246473252,,,,,200,0.05321376025676727,False
traffic_source_campaign_name_523,target_business_001,74,51,12,0.19054796990900655,0.23603840516947988,36.88735220414354,0.2578147703754731,29.65201564267736,0.2578147703754731,29.65201564267736,200,0.020347749814391136,False
traffic_source_campaign_name_529,target_business_001,120,84,18,0.2992349726510375,0.4353652574923738,88.60499058341898,0.12916313857510192,30.93342826920258,0.18985479992513904,49.548558689977604,200,0.00809403695166111,False
traffic_source_campaign_name_530,target_business_001,166,116,26,0.31355928993568355,0.08411307551348629,22.317163627511448,0.11231992689688623,26.38957789768581,0.1111368910509985,25.193885505312323,200,0.005099679809063673,False
traffic_source_campaign_name_531,target_business_001,199,139,31,0.18388593379577328,0.03938624848630708,23.4891683590015,0.07485605635198021,40.875576427360585,0.06721040176986616,35.57308762586945,200,0.009395061060786247,False
traffic_source_campaign_name_534,target_business_001,31,21,6,0.3286128182031596,0.7427974356652391,85.84136127110483,0.5047100213053013,55.27766397059531,0.5047100213053013,55.27766397059531,200,0.24038422107696533,False
traffic_source_campaign_name_541,target_business_001,79,55,13,0.1523152991803154,0.18200143694008547,124.98519889137654,0.16614967747509357,167.64191358719756,0.17541015061877968,173.05628220331593,200,0.03761792182922363,False
traffic_source_campaign_name_545,target_business_001,283,198,43,0.1903207238084088,0.15791292047857144,86.66433059280763,0.07408509818895624,38.35795111533661,0.08008663297987681,37.921195378650395,200,0.00779751455411315,False
traffic_source_campaign_name_546,target_business_001,185,129,29,0.1763005872840633,0.09149261638805495,52.77607240453137,0.09975245341954932,57.656811122320285,0.10416003260474248,57.8451061785795,200,0.004753148183226585,False
traffic_source_campaign_name_549,target_business_001,163,114,25,0.20529325173350774,0.21602113817787885,57.96157681804265,0.19372601571086737,55.43482847116654,0.16645925605045367,48.08258718896474,200,0.01640803925693035,False
traffic_source_campaign_name_552,target_business_004,432,302,66,0.21634895300668977,0.06838145502542575,20.617511800524284,0.08097903426614342,22.010848269086676,0.10925669101470424,27.561724741502886,200,0.012439270503818989,False
traffic_source_campaign_name_553,target_business_004,91,63,15,0.4336249942782937,0.07121393280602302,10.82066089652972,0.08559292301889278,13.444492174901388,0.08888232552257845,13.692444420291563,200,0.017468592151999474,False
traffic_source_campaign_name_555,target_business_004,363,254,55,0.2565801586683501,0.03811915594521141,13.487497831561695,0.05659956470730561,19.064223213894135,0.0543137702260675,18.007644846591493,200,0.004742842633277178,False
traffic_source_campaign_name_557,target_business_002,250,175,38,0.20155147943512938,0.05226149319626741,59.90990427315745,0.07806584547960077,53.15605996458316,0.07944503242303906,56.519319723509334,200,0.011538093909621239,False
traffic_source_campaign_name_558,target_business_002,102,71,16,0.15267470073006095,0.08964193154721997,32.13533123373878,0.10929846297493359,42.354156688008075,0.10991251628856673,40.28456599264415,200,0.01255420409142971,False
traffic_source_campaign_name_561,target_business_002,128,89,20,0.18587248895842645,0.09957516508370172,52.29220026470816,0.09830446625318422,54.46136514652644,0.07537444069037477,39.18209803714266,200,0.011388566344976425,False
traffic_source_campaign_name_562,target_business_002,153,107,24,0.219562224672126,0.12595549502713146,68.44478181133621,0.13846619802279286,56.62706911959449,0.12495605719975753,50.66769697654654,200,0.02040163241326809,False
traffic_source_campaign_name_566,target_business_002,118,82,19,0.37022522219355614,0.8502511919470226,950.1291608857578,0.04606219608224139,24.879905385825012,0.05173122098128553,31.668812246747834,200,0.017461948096752167,False
traffic_source_campaign_name_568,target_business_002,319,223,49,0.19675511949138716,0.060997627980961304,28.029827961775194,0.09111384894946695,40.88619476982458,0.09616028354046639,46.24969903636224,200,0.007553536910563707,False
traffic_source_campaign_name_570,target_business_002,311,217,48,0.15673719098156932,0.13311240536396607,82.40383135348456,0.08535076884400807,47.98359081895044,0.08384888640857592,48.99987414039242,200,0.008117451332509518,False
traffic_source_campaign_name_571,target_business_002,322,225,49,0.26668503738422056,0.05118838207447131,24.049430810698688,0.12059307672579211,58.42273274418701,0.10730311021871218,54.634911067767476,200,0.010782544501125813,False
traffic_source_campaign_name_572,target_business_002,249,174,38,0.4195692490915637,0.07693126862748803,19.98640375792649,0.15790802376701954,39.16589582532672,0.17262268756062027,43.16288407542094,200,0.0105820307508111,False
traffic_source_campaign_name_574,target_business_002,360,251,55,0.1147253392893748,0.06988638442414921,50.86531787575894,0.09289045368577502,65.85754444565582,0.09286650988352457,69.98623353811537,200,0.005236627534031868,False
traffic_source_campaign_name_576,target_business_002,128,89,20,0.2665377378210621,0.13688205835957634,35.99584804872891,0.08961780896974875,19.90244112920429,0.12696206800833476,24.177793755620463,200,0.021568089723587036,False
traffic_source_campaign_name_582,target_business_001,142,99,22,0.21129411848249394,0.21795012951739776,139.3273094343443,0.060772116017471435,36.582594471842626,0.0533989393414878,29.805042840794048,200,0.012011864222586155,False
traffic_source_campaign_name_583,target_business_001,509,356,77,0.24512354982359874,0.051908698936257644,31.114583581739367,0.0682883118939364,30.289190767136105,0.07017603999647544,33.296200420251,200,0.006722778081893921,False
traffic_source_campaign_name_587,target_business_001,73,51,12,0.23007617241430595,0.3303254990973946,593.5359760127302,0.08129427467604272,76.13086975992093,0.08129427467604272,76.13086975992093,200,0.018903886899352074,False
traffic_source_campaign_name_598,target_business_001,56,39,9,0.1263765609704357,0.06342667671222142,137.0834978554857,0.018380572168601596,51.05509134683478,0.018380572168601596,51.05509134683478,200,0.007209289353340864,False
traffic_source_campaign_name_601,target_business_001,107,74,17,0.16450072106724548,0.12452078217515972,74.29829102862374,0.09077787248245761,44.19117994509486,0.09634705564535806,41.235595011151325,200,0.02228451333940029,False
traffic_source_campaign_name_603,target_business_001,38,26,7,0.26417899986203564,0.3920101449468927,144.63675668610233,0.1996784174662773,48.31278823979568,0.1996784174662773,48.31278823979568,200,0.035834722220897675,False
traffic_source_campaign_name_604,target_business_001,32,22,6,0.3126602599410539,0.28515606229376533,115.24309993176996,0.13524881671504413,36.57162049885982,0.13524881671504413,36.57162049885982,200,0.002512450097128749,False
traffic_source_campaign_name_605,target_business_001,98,68,16,0.3461867910402179,0.11641022260691863,28.682982700789385,0.1718124984072266,41.00253868247138,0.15094560335201826,36.99889973943652,200,0.02252504788339138,False
traffic_source_campaign_name_606,target_business_001,507,354,77,0.18224203446189446,0.06316905551238662,30.336607593856808,0.06295272194199286,28.439499777915668,0.06296487699265116,28.955911911999078,200,0.005674978252500296,False
traffic_source_campaign_name_617,target_business_005,193,135,30,0.21681099064075318,0.08964078419192655,42.94601824600305,0.07478775763235221,33.86329968698561,0.09305906446807682,40.541058729743995,200,0.007266668137162924,False
traffic_source_campaign_name_621,target_business_001,30,21,5,0.4252918789059565,0.7814744695683097,354.91541626241735,,,,,200,0.02516729198396206,False
traffic_source_campaign_name_625,target_business_001,74,51,12,0.25870012396088765,0.29038644127551205,78.86270854353926,0.05332526507187707,15.626325903387494,0.05332526507187707,15.626325903387494,200,0.006770791485905647,False
traffic_source_campaign_name_640,target_business_001,82,57,13,0.26814843338657496,0.5054636153195033,191.64892136534525,0.30826089216335967,105.88095985652015,0.28446955521771333,95.21564561368582,200,0.02206113561987877,False
traffic_source_campaign_name_641,target_business_001,106,74,17,0.4922606324088495,0.2142138016717253,85.14538536734938,0.08903022339623612,33.02087957439156,0.10892279050531928,36.52468886913653,200,0.014474989846348763,False
traffic_source_campaign_name_647,target_business_001,33,23,6,0.259245506450538,0.21072593105604331,44.825328847136284,0.2583748150141263,44.94500351041424,0.2583748150141263,44.94500351041424,200,0.015212608501315117,False
traffic_source_campaign_name_649,target_business_001,40,28,6,0.21524567391044433,0.14104306183624926,105.40259946360018,0.0729967575547217,41.77488905371936,0.0729967575547217,41.77488905371936,200,0.03682384267449379,False
traffic_source_campaign_name_664,target_business_002,97,67,16,0.19793615908290527,0.03666649219875248,18.234953411617948,0.052402345705830244,27.325771399809405,0.049781877201090764,26.811822115359824,200,0.024374762549996376,False
traffic_source_campaign_name_665,target_business_002,526,368,80,0.14465251468273654,0.027718771138816076,20.36264786877405,0.038462541370151045,23.299353362180636,0.038046101017240326,23.05983108373915,200,0.0052941045723855495,False
traffic_source_campaign_name_669,target_business_002,117,81,19,0.334009097357598,0.0725596098409659,25.87028481611991,0.09104673065695372,33.50406309683531,0.08003422382471526,29.031128647058445,200,0.011732779443264008,False
traffic_source_campaign_name_670,target_business_002,66,46,11,0.10120567250035208,0.09594251661853907,156.61847216049475,0.009338432750296454,12.39490691318403,0.009338432750296454,12.39490691318403,200,0.003488384885713458,False
traffic_source_campaign_name_705,target_business_002,34,23,6,0.4242703196112146,0.10863856571017308,20.81835180750052,0.13490735129846904,28.386832887823775,0.13490735129846904,28.386832887823775,200,0.0109561737626791,False
traffic_source_campaign_name_721,target_business_002,31,21,6,0.2553107622664074,0.5217099101658844,171.84786029324272,0.09219508115341449,28.706951130186475,0.12431219904434192,42.228482343415436,200,0.04377106577157974,False
traffic_source_campaign_name_745,target_business_002,92,64,15,0.15253033621843679,0.07101867604352478,120.23416896672512,0.09332848823559932,259.3411373316188,0.08709867526083631,255.16610569711506,200,0.009807518683373928,False
traffic_source_campaign_name_751,target_business_005,89,62,14,0.32883812380081817,0.07153453376956172,10.635453963606539,0.2577437220689197,41.76589951999515,0.25852569606672027,39.630137045766226,200,0.007061418145895004,False
traffic_source_campaign_name_753,target_business_005,36,25,6,0.44872045823200385,1.5600563067199622,278.66368283118834,0.1389684540177208,28.41663412729404,0.1389684540177208,28.41663412729404,200,0.12344565987586975,False
traffic_source_campaign_name_791,target_business_004,74,51,12,0.11525927778787896,0.22103081875970265,155.4511244811241,0.1988419477973796,139.1309637195078,0.1988419477973796,139.1309637195078,200,0.01587250828742981,False
traffic_source_campaign_name_793,target_business_004,248,173,38,0.26194345223681853,0.0583531463273616,19.457427645207254,0.12197097033672993,43.15724806335454,0.12005090053191356,43.846444153878615,200,0.006954157259315252,False
traffic_source_campaign_name_796,target_business_002,123,86,19,0.18126310497016196,0.08754513258688276,39.48154975076398,0.11955063153603254,48.04300498820527,0.13457623239910615,54.68951545999057,200,0.014472042210400105,False
traffic_source_campaign_name_797,target_business_002,69,48,11,0.21161002951568028,0.20303156241469922,59.75888536681443,0.25981831214161055,114.27942205704464,0.27141792362669326,116.21365510213761,200,0.02083665318787098,False
traffic_source_campaign_name_800,target_business_002,117,81,19,0.21506288538985335,0.3157761242849482,88.13175174815812,0.3145653848359316,89.24849990318197,0.29810367780500246,91.58147943579387,200,0.02971838414669037,False
traffic_source_campaign_name_801,target_business_002,30,21,5,0.31498200666608445,0.6554214604372656,287.18382851139927,0.09932538642913284,37.604601692316216,0.09932538642913284,37.604601692316216,200,0.06407537311315536,False
traffic_source_campaign_name_802,target_business_002,88,61,14,0.2615828069379964,0.10428209027601902,47.790625426749145,0.08463258023519749,34.198495659390396,0.08277287736765285,33.513691604968955,200,0.02116190269589424,False
traffic_source_campaign_name_803,target_business_002,93,65,15,0.3119622686668238,0.12379235951644846,46.367853617229684,0.17333697688275057,44.35275873197067,0.18719816254884344,52.38801566430645,200,0.02818404883146286,False
traffic_source_campaign_name_805,target_business_002,66,46,11,0.5375627930379995,0.09039953803806154,17.815018481110503,0.14842009842009843,42.49957989822202,0.14842009842009843,42.49957989822202,200,0.019256172701716423,False
traffic_source_campaign_name_815,target_business_002,40,28,6,0.4784694470296261,0.2152102681596427,34.113604701267334,0.2736563517915309,35.39229919175055,0.2736563517915309,35.39229919175055,200,0.03402331471443176,False
traffic_source_campaign_name_823,target_business_002,31,21,6,0.28716572186170064,0.2533206578657624,61.448221482156164,0.2366243910633294,46.53919220285785,0.2366243910633294,46.53919220285785,200,0.028926905244588852,False
traffic_source_campaign_name_826,target_business_002,81,56,13,0.44577337876448325,0.14987239978150463,49.912594939376994,0.22205677183945058,62.70489738376372,0.2161184445875367,60.34526696443181,200,0.06377984583377838,False
traffic_source_campaign_name_827,target_business_002,65,45,11,0.39033764153074685,0.18930064261665955,83.79930435521928,0.19245443935721335,97.30170233169353,0.19203221788311337,97.05623651749728,200,0.025438299402594566,False
traffic_source_campaign_name_832,target_business_002,31,21,6,0.3793466558844772,0.9211027411084909,136.52733026091525,0.1387757554945056,18.505340522718697,0.1387757554945056,18.505340522718697,200,0.04678106680512428,False
traffic_source_campaign_name_837,target_business_006,85,59,14,0.2715310583358983,0.1971742738363644,112.95826684078519,0.09057666160486796,40.726926593881025,0.11467927397163472,49.81759157120915,200,0.011913630180060863,False
traffic_source_campaign_name_838,target_business_006,129,90,20,0.21267385435671632,0.11017732360888585,46.57829750790112,0.10405960113294026,53.49543518396628,0.11892656354210482,68.54164589853535,200,0.009553279727697372,False
traffic_source_campaign_name_840,target_business_002,108,75,17,0.47499304545398036,0.08094443721140047,18.640814208294035,0.07379125282204191,17.91868765138493,0.06627615295866585,16.475028749646718,200,0.030327558517456055,False
traffic_source_campaign_name_842,target_business_002,103,72,16,0.3049081495697549,0.263421013165814,113.86447399049844,0.10787272555986223,67.94483472993372,0.10183485443326774,62.61418903771157,200,0.022562066093087196,False
traffic_source_campaign_name_844,target_business_005,34,23,6,0.3542791545236842,0.08198351888493013,34.31173235891533,0.1082035994258585,53.37690631808283,0.1082035994258585,53.37690631808283,200,0.03828279674053192,False
traffic_source_campaign_name_855,target_business_002,206,144,32,0.3773481194178848,0.09849126159548652,28.444887044586586,0.15911599581311262,45.28192023360399,0.16304969889754364,45.15649707514171,200,0.028548134490847588,False
traffic_source_campaign_name_859,target_business_002,342,239,52,0.12774361845308768,0.1511587409232312,118.8862344732708,0.09455812832893497,53.31773145579576,0.0828704975458572,48.075351047227485,200,0.006074920296669006,False
traffic_source_campaign_name_860,target_business_002,186,130,29,0.13162596673641627,0.024480778054629445,18.67648950179726,0.02711999386890483,20.06210233400225,0.025698245357606106,19.662568229017058,200,0.009261160157620907,False
traffic_source_campaign_name_865,target_business_002,77,53,13,0.37697544768059243,0.2217285676277801,48.849751822513824,0.03956157723412139,8.995896292809022,0.04052863312736911,9.234684028867118,200,0.03175332024693489,False
traffic_source_campaign_name_869,target_business_002,30,21,5,0.546671151067284,0.26130423895984856,31.58761700789648,,,,,200,0.0637967586517334,False
traffic_source_campaign_name_870,target_business_002,40,28,6,0.3145774623047049,0.6602292667031426,130.86858304254997,0.3028492100218153,46.120082148753674,0.3028492100218153,46.120082148753674,200,0.0167646873742342,False
traffic_source_campaign_name_874,target_business_002,173,121,27,0.41365871325713127,0.12739386895166238,26.9294171440385,0.20067251461988306,55.27976448512691,0.1841466165413534,51.377114421335705,200,0.01831904798746109,False
traffic_source_campaign_name_875,target_business_002,31,21,6,0.49261495448955767,0.3121074146519614,35.02594245156854,0.019329668380918652,2.1955886796253457,0.019329668380918652,2.1955886796253457,200,0.022576652467250824,False
traffic_source_campaign_name_880,target_business_002,31,21,6,0.49680857205312984,0.19096834416018124,41.11707442867312,0.5498613308832287,54.98613308832287,0.5498613308832287,54.98613308832287,200,0.03068435750901699,False
traffic_source_campaign_name_881,target_business_006,390,273,59,0.10359699657817506,0.11345540590701815,118.03275259218411,0.04551115631565906,28.471251496895523,0.0451661218541674,26.73408666946042,200,0.004363510757684708,False
traffic_source_campaign_name_888,target_business_002,41,28,7,0.3823054661535462,0.25673185639006296,75.09374525198805,0.15366813956432637,64.50176198544972,0.15366813956432637,64.50176198544972,200,0.026115205138921738,False
traffic_source_campaign_name_889,target_business_002,106,74,17,0.29090053477698075,0.1676787544598799,30.434057545725185,0.17561267073269005,40.17126169993153,0.19085806325938234,45.456701594470964,200,0.015770426020026207,False
traffic_source_campaign_name_897,target_business_002,258,180,40,0.36546067452794445,0.10014022168025707,39.377668809197154,0.14886072906861003,48.6288040560322,0.1484588804385913,51.39825959115094,200,0.010978410951793194,False
traffic_source_campaign_name_898,target_business_001,33,23,6,0.2693819071836011,0.13855508231723393,72.46830565327366,0.12078371436455887,42.61533852606354,0.12078371436455887,42.61533852606354,200,0.010060904547572136,False
traffic_source_campaign_name_909,target_business_002,235,164,36,0.16867324978443607,0.15338601445627356,77.5892867329186,0.15370350077465905,67.04353490667009,0.12237125268456121,56.00548374557792,200,0.006742549128830433,False
traffic_source_campaign_name_919,target_business_002,117,81,19,0.2268343112463743,0.07690037521091826,28.040252902842163,0.08950440482042707,39.657170904102266,0.10672901231378704,49.03604152119022,200,0.0083767119795084,False
traffic_source_campaign_name_920,target_business_002,83,58,13,0.36814884367543155,0.14215317968980923,17.582877199150886,0.19451010819995465,24.598150646266863,0.19637734190398784,24.796270540462075,200,0.006723761558532715,False
traffic_source_campaign_name_923,target_business_002,128,89,20,0.18144555069404153,0.17410147456063182,96.1792625461337,0.20930927506617766,94.60411789547145,0.23051631902676925,104.38252358525708,200,0.0055803703144192696,False
traffic_source_campaign_name_925,target_business_002,129,90,20,0.18227331589126,0.08386696835552837,33.51099862682099,0.10009373214434754,39.43866676143136,0.10485285108053356,43.557735695825436,200,0.00781999807804823,False
traffic_source_campaign_name_927,target_business_002,113,79,18,0.22123044629795113,0.11000194554241548,37.896139273935844,0.08637275489071214,28.406927111514747,0.07417593213979028,23.58040789678056,200,0.021472902968525887,False
traffic_source_campaign_name_941,target_business_002,73,51,12,0.31835995891655927,0.45757192164532084,120.99929135127758,0.2367438638163104,48.47656079556798,0.23515290973871739,48.12455760728404,200,0.009656806476414204,False
traffic_source_campaign_name_943,target_business_002,73,51,12,0.5610931577583398,0.3260557815103803,46.568317161812956,0.08117167512815959,12.778423281175929,0.08117167512815959,12.778423281175929,200,0.07441195100545883,False
traffic_source_campaign_name_954,target_business_005,72,50,12,0.5329101745654636,0.06117444280552789,7.659034322177996,0.1884710426538682,30.72563796800094,0.1884710426538682,30.72563796800094,200,0.010824288241565228,False
traffic_source_campaign_name_956,target_business_002,31,21,6,0.49524563262109383,0.172389919321434,26.097629528683036,0.0023014759302938947,0.3493525595502612,0.0023014759302938947,0.3493525595502612,200,0.012243385426700115,False
traffic_source_campaign_name_957,target_business_002,180,125,28,0.2873213934071365,0.025840201239276227,10.099461796996696,0.057570016190805366,24.23539133822487,0.06793439306341306,27.160306773908026,200,0.0037943688221275806,False
traffic_source_campaign_name_971,target_business_002,32,22,6,0.5342797475072184,0.22639252805218393,46.26948709321268,0.29852436112374653,42.12682658399456,0.29852436112374653,42.12682658399456,200,0.029444262385368347,False
traffic_source_campaign_name_977,target_business_002,30,21,5,0.4649223238018203,0.34520293367416666,45.60571282587111,,,,,200,0.033851850777864456,False
traffic_source_campaign_name_980,target_business_005,95,66,15,0.39596645159616944,0.04861929917500899,23.09232552180501,0.037934675855276975,14.85034120909907,0.033159561479993736,12.796753355627954,200,0.019682539626955986,False
traffic_source_campaign_name_981,target_business_005,480,336,72,0.38657802872165553,0.034466460275297484,8.405559590423465,0.04153216346198625,10.358836270455441,0.04477589271905404,11.119728982410303,200,0.005239222664386034,False
traffic_source_campaign_name_982,target_business_005,145,101,23,0.4531770396885332,0.05124818124363727,12.888116359827418,0.04338663993536896,11.103399408732667,0.04074011221139249,10.521058918654347,200,0.009598812088370323,False
traffic_source_campaign_name_984,target_business_005,100,70,15,0.6239878030413082,0.11982692243319078,24.38300641669748,0.018898530082561153,4.523466757354032,0.02536092960745439,6.116324958748068,200,0.008756544440984726,False
traffic_source_campaign_name_985,target_business_005,96,67,15,0.5650949800677186,0.0542891047798172,9.952154558428541,0.10804202249824979,19.56720141272621,0.10114053564722796,18.53777629534115,200,0.024249177426099777,False
