Campaign,Business,Total_Days,Train_Days,Test_Days,Avg_CPL,Test_MAE,Test_MAPE,SMA3_MAE,SMA3_MAPE,SMA7_MAE,SMA7_MAPE,Epochs_Trained,Final_Loss,Converged_Early
traffic_source_campaign_name_004,target_business_002,202,149,31,0.20179331432470798,0.23114023235280926,60.09999486047197,0.2091655413133796,71.6806576336002,0.19686774856515257,60.877812498747645,50,0.08897128701210022,True
traffic_source_campaign_name_008,target_business_002,198,191,31,0.179465706165937,0.18136747127493646,73.07644104439572,0.15801871288612,55.09820999222956,0.1577321725380996,50.927306643563576,50,0.014218118973076344,True
traffic_source_campaign_name_016,target_business_002,152,117,24,0.22923808142110044,0.22787743683302106,52.562564446249105,0.17979703476067257,48.37617978497404,0.17187937538168227,45.646314784527696,50,0.04061419889330864,True
traffic_source_campaign_name_025,target_business_002,76,68,12,0.2465011851667905,0.23851586083014498,76.6399119873709,0.15284672577517297,35.801683247735944,0.153048646443829,33.81731358020502,50,0.06236077845096588,True
traffic_source_campaign_name_040,target_business_001,130,114,20,0.3712643452761695,0.12751688289862828,54.95954773047711,0.09663744143905242,43.416695708131314,0.0959633522512028,38.91818054014449,50,0.047063495963811874,True
traffic_source_campaign_name_041,target_business_001,53,38,9,0.14465728296450123,0.4275291383619974,242.73600449900061,0.0480120030007502,28.824020016680592,0.0480120030007502,28.824020016680592,50,0.13881513476371765,True
traffic_source_campaign_name_044,target_business_001,53,38,9,0.2741870994097755,0.2331327200688382,169.84031155784245,0.020862024993624106,16.28184713375799,0.020862024993624106,16.28184713375799,50,0.14000125229358673,True
traffic_source_campaign_name_053,target_business_001,44,67,8,0.2714762607343287,0.612054364572612,243.21779156810402,,,,,50,0.03301897272467613,True
traffic_source_campaign_name_075,target_business_003,56,80,9,0.25023798861550295,0.15917661862188096,56.029701982932544,0.08646805467465439,32.605545598741166,0.08843215447245137,32.962401611454666,50,0.06657937169075012,True
traffic_source_campaign_name_096,target_business_003,65,97,11,0.15144852784296167,0.07528205809240351,105.95813149028015,0.0626398037642833,92.52913768673247,0.06976591603387615,96.02898768178443,50,0.027170591056346893,True
traffic_source_campaign_name_1000,target_business_005,48,66,8,0.3442805579361828,0.014202482002404482,3.0822857702203046,,,,,50,0.031459905207157135,True
traffic_source_campaign_name_1002,target_business_005,51,35,9,0.29793228094718943,0.5698328986100739,125.25387894345721,0.19365926073638323,60.476038089966345,0.19365926073638323,60.476038089966345,50,0.1454603672027588,True
traffic_source_campaign_name_1009,target_business_005,44,105,8,0.2538326133049164,0.5339592720552157,75.65524631671691,,,,,50,0.019763298332691193,True
traffic_source_campaign_name_101,target_business_004,79,55,13,0.3926122060353049,0.46043107898055124,75.3530216945197,0.33843914703667854,66.4243088466819,0.3087995903696533,58.01612440922332,50,0.06755118072032928,True
traffic_source_campaign_name_1010,target_business_005,65,92,11,0.2927688664700683,0.5911813780369792,196.33768029503722,0.29077894708179747,93.38129383873354,0.29077894708179747,93.38129383873354,50,0.05663055181503296,True
traffic_source_campaign_name_1018,target_business_005,78,165,13,0.24151664380083418,0.141099450835427,46.98694943263124,0.09390230564844734,29.352153503664606,0.09188967256499166,27.563913470490874,50,0.009760910645127296,True
traffic_source_campaign_name_1025,target_business_005,123,219,19,0.21625179305370004,0.17044949006057383,53.03577490100436,0.08823710131467222,25.696468144829943,0.0977548482171694,28.5702621881377,50,0.030966995283961296,True
traffic_source_campaign_name_1032,target_business_005,109,76,17,0.5450646853541988,0.20858084352762168,23.48397337082617,0.0787506305804116,9.058454894355467,0.0771209305155641,8.782266843637595,50,0.04171998053789139,True
traffic_source_campaign_name_1033,target_business_005,83,58,13,0.44218518556893527,0.3326507707062281,505.89602278774714,0.26293850774856736,340.32105716237254,0.301001877068622,437.33174822064143,50,0.09883143752813339,True
traffic_source_campaign_name_1034,target_business_005,50,35,8,0.47664878415435114,0.06109209071125893,15.828405320644363,,,,,50,0.1538545787334442,True
traffic_source_campaign_name_1046,target_business_005,50,89,8,0.1838081802464708,0.1597405690415723,57.508668686607386,,,,,50,0.023112798109650612,True
traffic_source_campaign_name_1052,target_business_005,50,93,8,0.30372995612874,0.17139723568245085,42.65915403333809,,,,,50,0.029271000996232033,True
traffic_source_campaign_name_106,target_business_004,172,127,27,0.20322461007110695,0.2245783946113118,100.24181629824507,0.18774644051765638,95.55226768353428,0.15410219377105377,80.3661610165745,50,0.057179197669029236,True
traffic_source_campaign_name_1060,target_business_005,279,315,43,0.2349887566869718,0.053650391069089226,24.26890266017782,0.04716157464396197,19.035912944810317,0.038210370926309904,14.979809725764671,50,0.00905162375420332,True
traffic_source_campaign_name_1064,target_business_004,103,73,16,0.04367038264778654,0.019417794024228604,24.741925457697786,0.0196107562077725,23.877779575379538,0.018220622235388874,20.95995634006327,50,0.012720813974738121,True
traffic_source_campaign_name_1068,target_business_004,71,135,12,0.4694167276170843,0.08659192186119213,29.77464160904123,0.04947382714046422,19.14292238264478,0.06575131286300212,24.872684837707293,50,0.01399221457540989,True
traffic_source_campaign_name_107,target_business_004,107,75,17,0.26609580881660067,0.1890022556942732,47.09752793136167,0.13874173037627516,34.06890283391454,0.12769385542192074,31.568444665609903,50,0.03900451958179474,True
traffic_source_campaign_name_1070,target_business_004,137,106,22,0.379248510449992,0.08983643672351892,16.74818025125817,0.08529801599845774,15.341193134655024,0.08535228647076547,15.67570738464879,50,0.06497994065284729,True
traffic_source_campaign_name_1076,target_business_004,88,246,14,0.5194357282137109,0.1720847749571149,28.360980735291896,0.19427465402266467,34.54154245245504,0.17727358280657354,32.27945687232608,50,0.01120067946612835,True
traffic_source_campaign_name_1082,target_business_004,355,318,54,0.27672506900943644,0.05535296578192491,13.652994023301984,0.050122197735538256,11.922730110597888,0.05079235378305356,11.923917899871675,50,0.011638805270195007,True
traffic_source_campaign_name_1087,target_business_004,69,70,11,0.3355181628240531,0.11125144048538085,19.160653280640332,0.09479154338833175,16.59363461781722,0.10525495504230922,17.479991115700198,50,0.02624540403485298,True
traffic_source_campaign_name_1088,target_business_004,47,231,8,0.3870541643207302,0.4108723913342227,63.80987178068027,0.29961557158939717,36.082743966927104,0.30918670363831746,37.039857171819136,50,0.01731659099459648,True
traffic_source_campaign_name_1089,target_business_004,58,62,10,0.3695451436804233,0.19895853698572438,30.325568883354613,0.053437577289365615,7.968534553391643,0.05626711315813176,8.265327974112365,50,0.04451621323823929,True
traffic_source_campaign_name_1091,target_business_002,66,46,11,0.2912379445059799,0.19629554601740892,36.31505637141414,0.18783355308595473,27.530283165322437,0.16932626200791115,23.98891685307398,50,0.0938640907406807,True
traffic_source_campaign_name_1092,target_business_002,81,57,13,0.2910466154170142,0.501371090586044,67.40609887858228,0.2683998465080583,47.719850370931944,0.2598516244563827,47.60736952439791,50,0.08330737799406052,True
traffic_source_campaign_name_1093,target_business_002,71,49,12,0.3523790375701203,0.1313926345021355,33.202097442920504,0.14510631795663642,48.092875023318385,0.14912661648330433,48.91632498049042,50,0.07904655486345291,True
traffic_source_campaign_name_1095,target_business_002,137,95,22,0.21162541993110529,0.25935253457951696,70.40256035016519,0.2118295370515933,63.056824602408504,0.1892378812605585,59.39411858968408,50,0.03411269560456276,True
traffic_source_campaign_name_1097,target_business_002,109,78,17,0.24777959439623673,0.35228327639966195,103.87422382022721,0.33941212490153533,122.2206725862099,0.3065509008758662,119.09137295725249,50,0.038862936198711395,True
traffic_source_campaign_name_1098,target_business_002,125,87,20,0.2265617598594065,0.2984514001310868,97.942836590372,0.17379873757965633,79.27336859886805,0.1810927568857066,80.8415521383458,50,0.06410634517669678,True
traffic_source_campaign_name_1099,target_business_002,176,123,27,0.23034343825310105,0.14592664103229608,68.80085447992201,0.13601486784061315,60.593826335820324,0.13753016684534505,59.123417279308875,50,0.03558690473437309,True
traffic_source_campaign_name_1103,target_business_001,62,64,10,0.33820464909039455,0.19626290581442746,37.23869989408075,0.1489894587734063,24.93097377461725,0.14420603661945522,24.342502720842884,50,0.09502984583377838,True
traffic_source_campaign_name_1105,target_business_001,53,60,9,0.4308348397046755,0.18986490402241873,39.027654756629644,0.08885774827247866,19.783290089675045,0.10980832588925186,24.754538362379765,50,0.0732867568731308,True
traffic_source_campaign_name_1110,target_business_004,254,352,39,0.17140491083682466,0.0600850628755863,30.42047089135846,0.0406114692462678,21.138350998847137,0.04886744023919774,27.174212439240346,50,0.014452975243330002,True
traffic_source_campaign_name_1111,target_business_004,81,57,13,0.27167064280340364,0.17694523346814975,43.418905612270436,0.1337164298565323,28.383896272010073,0.13167425199282717,27.29536581480856,50,0.06377623230218887,True
traffic_source_campaign_name_1112,target_business_004,138,187,22,0.12122772029110046,0.14352205377704882,92.06999006738474,0.05674217078541164,40.2924358362003,0.05305741703522878,36.554285172230294,50,0.008974339812994003,True
traffic_source_campaign_name_1114,target_business_004,192,234,30,0.12110698780112361,0.07102232924750658,56.44343494347005,0.086612082882713,70.70407499475873,0.06569569709639018,51.37555025294465,50,0.007799207698553801,True
traffic_source_campaign_name_113,target_business_002,321,273,49,0.10275630018322492,0.05283485988723701,29.212478588781927,0.06412704126552538,38.335576862403954,0.05351573929250268,29.581716023521526,50,0.013020606711506844,True
traffic_source_campaign_name_1134,target_business_003,48,35,8,0.32310526428725866,0.2604749793049795,70.44592816308341,,,,,50,0.11052677780389786,True
traffic_source_campaign_name_114,target_business_002,151,127,24,0.5191315394670876,0.17080926779406205,27.729255934508444,0.14981229622130335,26.140212753360025,0.16455076492505047,28.623900118463997,50,0.05423906818032265,True
traffic_source_campaign_name_1141,target_business_002,100,75,15,0.27706528282264636,0.14184521227246705,24.163528104259534,0.16221665083037262,25.98803244908915,0.1655172645386797,25.103020385908064,50,0.060938239097595215,True
traffic_source_campaign_name_116,target_business_002,102,94,16,0.24449504494899105,0.06663545149087469,13.768861478583089,0.045544268900080044,8.680632366911551,0.0658588097673818,13.405461185781178,50,0.06504733115434647,True
traffic_source_campaign_name_1162,target_business_006,262,394,40,0.08858531338274,0.0484272147379878,48.7706132723974,0.03644902012270486,35.58793442198347,0.03851262123204154,40.43689732502918,50,0.0060276612639427185,True
traffic_source_campaign_name_1166,target_business_006,97,277,16,0.20801555180658296,0.031789553148108475,18.344926655339446,0.03459243236445723,22.920202840635383,0.03260998933121367,22.302714662987082,50,0.010472266934812069,True
traffic_source_campaign_name_1172,target_business_006,84,154,14,0.21946341101904188,0.40497888230121104,163.72275517305312,0.13260923872410757,36.22978505641707,0.13313005838296774,34.35125043083911,50,0.03836407884955406,True
traffic_source_campaign_name_1174,target_business_002,116,119,18,0.171855809522244,0.13528895290930001,107.43702701773164,0.05987250047850694,54.93663636279664,0.057167434470348326,52.22529029077766,50,0.02686109021306038,True
traffic_source_campaign_name_1175,target_business_002,184,273,29,0.1480793462231957,0.04712939021940032,53.71434745937934,0.03358652390905911,35.52489075414268,0.03249202612444564,34.24026194075177,50,0.005329607054591179,True
traffic_source_campaign_name_118,target_business_002,48,75,8,0.2972728912207736,0.2520851763048488,67.40625234654696,0.16081697486049715,44.04171365434234,0.2085053261275066,52.92804135795358,50,0.044343359768390656,True
traffic_source_campaign_name_1180,target_business_002,157,115,25,0.36624554599897313,0.10242073247828057,20.486914996126536,0.12073427617093978,26.38427655040823,0.10668921594699499,22.07638933021877,50,0.04716044291853905,True
traffic_source_campaign_name_1181,target_business_002,51,47,9,0.39325941326332736,0.2034255494497406,32.03929562222627,0.09966497996440961,15.319392806675399,0.15642331105734147,25.785337537950475,50,0.14755047857761383,True
traffic_source_campaign_name_1183,target_business_002,201,153,31,0.23485955780564324,0.20079961011263822,67.59834683628026,0.22814645593073113,84.8317017070961,0.2058110527456991,67.7358447203796,50,0.032744668424129486,True
traffic_source_campaign_name_1184,target_business_002,59,41,10,0.4432085491808979,0.03756013656504413,6.964458194599034,0.22836262577735075,37.575084485373964,0.22836262577735075,37.575084485373964,50,0.14797095954418182,True
traffic_source_campaign_name_1187,target_business_002,254,201,39,0.15916955544744152,0.08051593459266052,131.6816295775331,0.05455504456116895,83.71572175824996,0.05078522166450774,81.76967872125181,50,0.015111157670617104,True
traffic_source_campaign_name_1188,target_business_002,122,197,19,0.1661102752444264,0.08734906585209952,32.01419108065284,0.08248486076061551,32.80567251333755,0.08497706660518453,34.9021213464206,50,0.008454346098005772,True
traffic_source_campaign_name_119,target_business_002,56,42,9,0.14503644466184765,0.4917541245911039,97.57399087774952,0.9130689477510288,91.30689477510288,0.9130689477510288,91.30689477510288,50,0.07658449560403824,True
traffic_source_campaign_name_1199,target_business_002,146,142,23,0.09482747784598593,0.13954359848859654,139.48024417730687,0.1359271234282782,95.77283294266792,0.12484263651458931,84.30733569870806,50,0.019354738295078278,True
traffic_source_campaign_name_1200,target_business_002,117,120,19,0.09622462119719265,0.13476723438772972,77.14542030285173,0.12969103788952419,57.36862139298569,0.1124394233408216,43.57209406779342,50,0.027952369302511215,True
traffic_source_campaign_name_1201,target_business_002,121,124,19,0.23594841431064908,0.22437804928200553,159.41422967359807,0.14292374343605507,85.35345007866579,0.1297317062754819,77.32309633458111,50,0.025151634588837624,True
traffic_source_campaign_name_1207,target_business_002,63,66,10,0.3203335935426177,0.07011045289391878,24.22539046921921,0.15214658595951835,34.96035042522275,0.15214658595951835,34.96035042522275,50,0.045454226434230804,True
traffic_source_campaign_name_1208,target_business_002,44,42,8,0.28018199048587583,0.2835822983720932,162.36519088646958,,,,,50,0.08533168584108353,True
traffic_source_campaign_name_1209,target_business_002,116,145,18,0.26688953715231045,0.14613536844684996,59.87245414709877,0.17772458547080114,79.57938371771237,0.1613188432981796,74.36130382804023,50,0.049968596547842026,True
traffic_source_campaign_name_1212,target_business_002,132,146,21,0.2875303492885374,0.1847220835731753,53.58127144014787,0.20462878408723412,57.88665430885918,0.17529835377374386,50.8394240299217,50,0.018023645505309105,True
traffic_source_campaign_name_1214,target_business_002,44,68,8,0.3941418767259599,0.11022275377133572,20.83447289711647,,,,,50,0.062252748757600784,True
traffic_source_campaign_name_1236,target_business_002,95,147,15,0.4866333065325914,0.19206572964886248,27.369226456633598,0.15763490414312914,22.205868396847826,0.14897714649712368,20.190180067873897,50,0.03003193624317646,True
traffic_source_campaign_name_124,target_business_002,55,41,9,0.24552880855174053,0.326760888138752,95.98862160692073,0.1500966672599885,29.03928273862963,0.1715460841430324,36.71892536586191,50,0.06522665917873383,True
traffic_source_campaign_name_1245,target_business_002,106,125,17,0.5498873014870092,0.09555521064234189,15.541593841268325,0.08761289513472124,14.908252041694253,0.12810005115426243,22.76866924676999,50,0.030600687488913536,True
traffic_source_campaign_name_1246,target_business_002,486,379,74,0.25972083683516,0.1412316440525383,76.29572584126993,0.14395318839644775,67.93690211637016,0.1292839713903667,62.68381588782742,50,0.03589208796620369,True
traffic_source_campaign_name_1251,target_business_002,68,47,11,0.4512423440840636,0.2608311081739801,37.484094643148026,0.33432626337282656,60.43505625287128,0.33432626337282656,60.43505625287128,50,0.21870318055152893,True
traffic_source_campaign_name_1252,target_business_002,81,62,13,0.39136349693784045,0.29433400220629413,53.95795609890666,0.330713649411066,44.928317608308106,0.30091161041274866,37.29213315257615,50,0.10019578039646149,True
traffic_source_campaign_name_1253,target_business_002,44,33,8,0.3044836315283885,0.3887044210407181,273.6920481736203,,,,,50,0.22285348176956177,True
traffic_source_campaign_name_1254,target_business_002,173,138,27,0.2235961076068176,0.1596746032720588,110.52490979514174,0.15133382143763138,66.9687249624561,0.13332108623510286,56.34877834929915,50,0.03787313774228096,True
traffic_source_campaign_name_1256,target_business_002,554,398,84,0.08923872851930903,0.029441380052537425,68.30716535140611,0.018842290646661628,31.183742421846013,0.020111236788387995,37.75875652253653,50,0.005534283351153135,True
traffic_source_campaign_name_1257,target_business_002,551,394,84,0.21142030070599233,0.08768348504318921,53.54519101747262,0.0849273343558434,52.54776728843351,0.08234920713598766,48.162458742297545,50,0.011332063935697079,True
traffic_source_campaign_name_1258,target_business_002,97,67,16,0.3754474597708982,0.13270479664711493,52.35388306629014,0.12236592115644243,46.45239030071378,0.11034834128383181,43.21423982339435,50,0.054472897201776505,True
traffic_source_campaign_name_1262,target_business_002,225,322,35,0.23185817167691955,0.17419080249735194,56.21463273872514,0.1341911035561247,48.01312343421789,0.12494340359285021,41.65654409904605,50,0.01995694451034069,True
traffic_source_campaign_name_1264,target_business_002,61,55,10,0.2325693504206319,0.16790154911373223,52.612153306949494,0.047406425575690435,9.388799655299824,0.05484885653240486,11.648629141327396,50,0.013154408894479275,True
traffic_source_campaign_name_1265,target_business_002,128,98,20,0.26551466798409856,0.14194267614669562,42.13829778626247,0.07131875197048203,21.457496869103196,0.07960261651448224,23.107986733337246,50,0.05471768602728844,True
traffic_source_campaign_name_1266,target_business_002,50,35,8,0.38116249310581773,0.03994874247863428,8.59022793932159,,,,,50,0.1308748424053192,True
traffic_source_campaign_name_127,target_business_002,271,222,42,0.16564296064235282,0.11262176192008601,34.32061673947159,0.10069604806996636,30.000807966087663,0.12879655120404276,39.86005803131112,50,0.01427601557224989,True
traffic_source_campaign_name_1270,target_business_002,46,33,8,0.11859860339877906,0.23302486108520315,80.49024072697509,,,,,50,0.10718277096748352,True
traffic_source_campaign_name_1276,target_business_002,44,69,8,0.3490776283529182,0.1343974174897996,34.18741695117616,,,,,50,0.023250970989465714,True
traffic_source_campaign_name_1278,target_business_002,45,92,8,0.4412798402661572,0.04576327564235161,6.655786523771537,,,,,50,0.03163095936179161,True
traffic_source_campaign_name_1279,target_business_002,63,60,10,0.3638690763306604,0.043688940118956465,9.85500755916095,0.10268548630435512,18.467558775056126,0.10268548630435512,18.467558775056126,50,0.03167825564742088,True
traffic_source_campaign_name_129,target_business_002,91,129,15,0.5783548686488159,0.17989256791392774,26.979733877207234,0.09920549488365381,12.98254028819179,0.11358241117771935,14.761167849870594,50,0.02740701660513878,True
traffic_source_campaign_name_1290,target_business_002,89,217,14,0.1625165226812967,0.6976217293675128,194.65564846989602,0.059216616154978245,22.65569690691849,0.07326107547440464,21.38237989849092,50,0.014572836458683014,True
traffic_source_campaign_name_1293,target_business_002,69,261,11,0.27341662385331955,0.26904948168070975,65.54168716135436,0.29179573058386155,51.33667220623841,0.29179573058386155,51.33667220623841,50,0.016334589570760727,True
traffic_source_campaign_name_1295,target_business_002,99,211,16,0.18529981682917648,0.053387194989575094,24.87638520189762,0.034256746844112555,13.65980303203905,0.04861328323898644,20.077100937264532,50,0.02330964431166649,True
traffic_source_campaign_name_1296,target_business_002,75,222,12,0.25687836767561706,0.10622290746761451,27.820194896464923,0.07744351456040632,24.469703261740175,0.08374051476360568,23.655207612487565,50,0.015027864836156368,True
traffic_source_campaign_name_1298,target_business_002,67,247,11,0.1934718789561233,0.07125750519278826,32.30245452986954,0.09053973823891685,47.87447185620092,0.09053973823891685,47.87447185620092,50,0.00799249392002821,True
traffic_source_campaign_name_1299,target_business_002,66,244,11,0.20883799947924658,0.16570846355145175,48.71608643885201,0.10567342601133932,42.6460223142487,0.10567342601133932,42.6460223142487,50,0.010657133534550667,True
traffic_source_campaign_name_1301,target_business_002,50,236,8,0.23658279549285435,0.046670390010126316,9.791527918841252,0.04469954584417605,8.871508482464915,0.04437068587174609,8.775543571509683,50,0.009151432663202286,True
traffic_source_campaign_name_1302,target_business_002,46,237,8,0.4037931685072108,0.08805283082068392,17.214850031051615,0.026755247594873917,5.722793768601249,0.044238998487107946,9.378422593888363,50,0.01060453336685896,True
traffic_source_campaign_name_1308,target_business_002,73,235,12,0.23152690969304965,0.043498525118363156,18.077850831141053,0.01542265199152767,5.818533711212785,0.021980963090527796,7.880548451461052,50,0.008694656193256378,True
traffic_source_campaign_name_1309,target_business_002,112,236,18,0.18742968097433038,0.15283200400756444,34.66326274412877,0.12364524969422432,28.880691586519518,0.17365695143666193,38.527161521883244,50,0.015657925978302956,True
traffic_source_campaign_name_1310,target_business_002,101,233,16,0.1855018394982681,0.10263825737568105,40.84498957882035,0.09137790626827598,39.58580055271869,0.09593114639224211,43.08170541491814,50,0.015614560805261135,True
traffic_source_campaign_name_1314,target_business_002,209,296,32,0.20683642870366298,0.11978541660789709,69.08849817422978,0.11370117348873154,65.30157116938979,0.11089617484503778,63.38579253568728,50,0.012931756675243378,True
traffic_source_campaign_name_1321,target_business_002,495,356,75,0.43049525639095054,0.1250213445883041,82.12965264076473,0.07152829748663775,52.7062080487928,0.08204667659204108,57.180511172353036,50,0.019458627328276634,True
traffic_source_campaign_name_1323,target_business_002,130,91,20,0.4581328800908206,0.1308111183733875,20.922709650372173,0.07828992768686617,12.671293028986128,0.08862554001975816,14.416818838160042,50,0.04101771116256714,True
traffic_source_campaign_name_1324,target_business_002,68,48,11,0.2871269469010712,0.23911458459612522,76.91031485854467,0.07999759446093212,22.526536404536035,0.07999759446093212,22.526536404536035,50,0.08049432933330536,True
traffic_source_campaign_name_1326,target_business_002,44,57,8,0.4374920173113386,0.3311000730430531,235.07593966180744,,,,,50,0.052669040858745575,True
traffic_source_campaign_name_1331,target_business_002,92,135,15,0.27053845571084323,0.11500593443798329,184.25118715296102,0.13876194440694237,179.83655046602533,0.12456946024888513,169.2461747297535,50,0.02901044674217701,True
traffic_source_campaign_name_1333,target_business_002,54,139,9,0.26763428461820243,0.12206566781451085,286.26651637563816,0.07604732735967976,99.27101508739244,0.07796889377078596,100.28074341972165,50,0.021217050030827522,True
traffic_source_campaign_name_1334,target_business_002,49,142,8,0.21743070028653183,0.04620378744545292,77.9050686484405,0.0559496816462354,56.73248199361636,0.05594676846064113,56.73081339100858,50,0.007357041817158461,True
traffic_source_campaign_name_1335,target_business_002,56,142,9,0.3435051506172525,0.06354678877348068,25.43044610070333,0.060734366823757754,21.840676860396457,0.06844513040259456,24.04442217320724,50,0.011349065229296684,True
traffic_source_campaign_name_1336,target_business_002,50,142,8,0.291068103666115,0.45942414595147824,6100.124807550597,0.06915838531734891,284.6493724198426,0.08678102141206134,530.3804241141622,50,0.018426932394504547,True
traffic_source_campaign_name_1337,target_business_002,62,141,10,0.33954920317619225,0.08038397744552964,186.61138999131933,0.10382623769513119,913.5272595027747,0.08972801531242183,915.0613021467623,50,0.02140633948147297,True
traffic_source_campaign_name_1343,target_business_002,50,86,8,0.37174522316716346,0.2796422489889513,57.761362812168514,,,,,50,0.03897446393966675,True
traffic_source_campaign_name_1344,target_business_002,52,104,9,0.24825169834958666,0.23095737952274517,129.50476178378142,0.25201913333500303,199.38790188815872,0.25201913333500303,199.38790188815872,50,0.015160908922553062,True
traffic_source_campaign_name_1345,target_business_002,84,121,14,0.25481222406775855,0.14361067681943337,39.048855829539576,0.10231455270739147,27.11424138466324,0.11765223702395267,30.541670047502027,50,0.01953873038291931,True
traffic_source_campaign_name_1346,target_business_002,50,107,8,0.3666630773013517,0.1379616540137138,38.7840331337708,,,,,50,0.027459003031253815,True
traffic_source_campaign_name_1348,target_business_002,76,110,12,0.12293780945258437,0.07317370834799294,51.56402932638897,0.05225568065284891,27.69919419355471,0.05326316555827128,28.118527103498923,50,0.022957466542720795,True
traffic_source_campaign_name_1349,target_business_002,47,78,8,0.22220443039465734,0.18196280636888307,63.399070104989065,,,,,50,0.045462917536497116,True
traffic_source_campaign_name_1350,target_business_002,51,141,9,0.19609201216855038,0.08689757338085262,33.64859997448054,0.0714504401071566,25.599890305772682,0.0714504401071566,25.599890305772682,50,0.0144916707649827,True
traffic_source_campaign_name_1357,target_business_002,58,68,10,0.3422955280378938,0.12912134050383298,33.854029491854824,0.07312243756988446,16.004760666229206,0.07312243756988446,16.004760666229206,50,0.03427967429161072,True
traffic_source_campaign_name_1360,target_business_002,55,159,9,0.18811201896827426,0.555090817031485,174.2254722920003,0.894516055220807,848.0115690527842,0.894516055220807,848.0115690527842,50,0.01412802655249834,True
traffic_source_campaign_name_1361,target_business_002,76,176,12,0.35704460911005304,0.25478939623605634,104.81661621843597,0.3723869047619048,155.27713853330837,0.36798660714285714,151.71448793089874,50,0.017875976860523224,True
traffic_source_campaign_name_1363,target_business_002,59,95,10,0.33860332306465735,0.08709323724341327,27.936740880765853,0.08579416028163182,40.69976424533285,0.08579416028163182,40.69976424533285,50,0.021446960046887398,True
traffic_source_campaign_name_1364,target_business_002,419,533,64,0.22040132958780465,0.039014208575155654,22.696367208909592,0.04396609150687147,25.29926278775586,0.03971588711443231,22.749940886485433,50,0.008272126317024231,True
traffic_source_campaign_name_1365,target_business_002,98,159,16,0.34879644150005656,0.07723768120140412,24.013991036203418,0.0737180033008837,23.70884118979069,0.06807773407106163,21.931892508843152,50,0.02559400163590908,True
traffic_source_campaign_name_1366,target_business_002,147,399,23,0.3623708956840518,0.04585306277322214,13.965859489217971,0.04962849532095584,16.233519620405776,0.05472021255560504,17.765356488263393,50,0.014814694412052631,True
traffic_source_campaign_name_1367,target_business_002,173,347,27,0.15494446738500856,0.028213493500793406,22.648852935128907,0.02046493436762673,17.187771181086266,0.020988399458474503,17.31876452193672,50,0.010686554946005344,True
traffic_source_campaign_name_1368,target_business_002,156,319,24,0.1809795437606994,0.0667314564577542,39.512913749677416,0.04380903940855419,28.84658551067415,0.0511783611445505,32.16065789900887,50,0.0089150071144104,True
traffic_source_campaign_name_1369,target_business_002,239,377,37,0.1365392894447491,0.07691125492457698,52.3662219532999,0.05374412543457253,34.56287160020152,0.059715416072481056,39.503726332110496,50,0.013873095624148846,True
traffic_source_campaign_name_137,target_business_002,94,166,15,0.6122140459138885,0.19251577086718444,26.485225947761386,0.12107566471598177,16.242853153382047,0.12004393892627899,15.357567538815514,50,0.01578601263463497,True
traffic_source_campaign_name_1373,target_business_002,142,340,22,0.23726670315796858,0.05346292143103987,31.686275849826224,0.05347416717326155,32.40475525076902,0.05765062146034,32.88635125861975,50,0.01296318881213665,True
traffic_source_campaign_name_1374,target_business_002,180,354,28,0.17321475233549843,0.045204156931083914,41.85602093803977,0.054582551569552815,54.52382639115222,0.046810883042600275,45.240250560502396,50,0.010415405035018921,True
traffic_source_campaign_name_1376,target_business_002,203,374,31,0.17905919175108784,0.10523319720896411,54.71342947882752,0.05607910995200437,27.806809841710013,0.06425704823283512,33.618936283402704,50,0.016006682068109512,True
traffic_source_campaign_name_1378,target_business_002,244,334,38,0.28360743678745276,0.12383847112882475,58.17037248080308,0.11794330850823177,49.06834262691441,0.12836592234263905,52.76711853967127,50,0.016955802217125893,True
traffic_source_campaign_name_1381,target_business_002,183,386,28,0.16845390799300536,0.07214943927870593,29.98001186658506,0.04593095862336384,20.790386217577968,0.07086891919697268,31.756894117749862,50,0.006926350761204958,True
traffic_source_campaign_name_1386,target_business_002,118,419,19,0.17156037412775535,0.034674896969545586,20.620921428836052,0.018948569158936307,10.0247291548562,0.02618139998371848,14.490876639602588,50,0.007445406634360552,True
traffic_source_campaign_name_1397,target_business_001,182,129,28,0.18281849265417371,0.07604927811589832,78.74825054379332,0.06201049357588193,67.52842864748298,0.0699932238965308,77.6315013162044,50,0.04061538726091385,True
traffic_source_campaign_name_1401,target_business_001,178,133,28,0.15269055477098495,0.07273170956831113,88.30096665106056,0.05166283053363661,54.35419850398736,0.05171791036366815,55.81605377847063,50,0.04394778981804848,True
traffic_source_campaign_name_1404,target_business_002,54,115,9,0.11373622084058174,0.07488109694225767,38.91356858285037,0.01188194710617091,6.052717214448404,0.01188194710617091,6.052717214448404,50,0.004553051199764013,True
traffic_source_campaign_name_1406,target_business_002,93,179,15,0.2271160459878173,0.3151462675468474,88.56957038790003,0.3026865161844988,66.37712884818893,0.23672103686810342,42.8482318201219,50,0.018843945115804672,True
traffic_source_campaign_name_1407,target_business_002,57,149,10,0.49484507478146594,0.3208632303122516,43.257634925957895,0.019527375200399256,2.605649494347172,0.029058843955781878,3.95692200488622,50,0.027639828622341156,True
traffic_source_campaign_name_1409,target_business_002,45,113,8,0.24710393016867174,0.20516025850941605,143.50749463831406,,,,,50,0.013941889628767967,True
traffic_source_campaign_name_1410,target_business_002,60,180,9,0.27193617540226966,0.27176934558989424,115.83927975590133,0.1787165863532121,173.0887871930733,0.1787165863532121,173.0887871930733,50,0.02302001789212227,True
traffic_source_campaign_name_1414,target_business_002,110,265,17,0.21371219918283033,0.045255245606644935,19.458958434596564,0.03492489715375946,12.84791944270153,0.03592873283792528,13.366631246639068,50,0.025620801374316216,True
traffic_source_campaign_name_1415,target_business_002,84,162,14,0.3773270484718516,0.18887566313515644,65.01787724205361,0.10495573601890577,38.45524861618115,0.08947771545299275,32.68299890188239,50,0.020082633942365646,True
traffic_source_campaign_name_1416,target_business_002,144,303,23,0.12219567596647846,0.03342503675191183,50.72579569494141,0.01914289289912305,45.14637378612573,0.019594274251797678,53.62331902040527,50,0.009375931695103645,True
traffic_source_campaign_name_1420,target_business_002,95,202,15,0.1850973855764993,0.17912073004576318,92.11639797851929,0.11817681273383396,143.98485096010737,0.1405477585880158,124.37415576618301,50,0.01798093691468239,True
traffic_source_campaign_name_1421,target_business_002,129,275,20,0.16332699377420612,0.038616345405788496,40.34632489817009,0.02871794031235699,25.49448302766261,0.03288267178303854,30.814538997436436,50,0.009909980930387974,True
traffic_source_campaign_name_1422,target_business_002,110,172,17,0.2271106006175267,0.05899386864930524,30.37368131359348,0.04287416144725322,17.335637043201338,0.03993921519398994,15.100138870128982,50,0.04556518793106079,True
traffic_source_campaign_name_1423,target_business_002,155,278,24,0.23350803506518722,0.0727494549870802,34.96598190823897,0.049626156182725686,25.227764159314237,0.0451556837243273,22.666749693509544,50,0.036754392087459564,True
traffic_source_campaign_name_1424,target_business_002,128,259,20,0.19864136934253626,0.05483274314832984,31.76492466650751,0.05450552648397183,34.971578782366336,0.056276236827037,37.97506391985719,50,0.01156619656831026,True
traffic_source_campaign_name_1425,target_business_002,118,259,19,0.22532149537649857,0.04352833871691202,43.04731659820906,0.04698511050783778,46.68162446741847,0.04837740068421889,49.92650920530432,50,0.01454047579318285,True
traffic_source_campaign_name_1426,target_business_002,87,142,14,0.26206363069959454,0.1863640571892589,89.07985544612664,0.06764445357431183,46.933094837246436,0.09182124338341452,63.190573434087014,50,0.038007594645023346,True
traffic_source_campaign_name_1427,target_business_002,94,109,15,0.44380343492366975,0.08378666723566638,19.34239776783319,0.08156568087625893,19.89202530748894,0.0841359407003525,19.969172249337277,50,0.039329055696725845,True
traffic_source_campaign_name_1430,target_business_001,365,282,56,0.21725079199958489,0.15921988674029763,70.1855958924459,0.13492632277977742,63.35879181246329,0.13255690069909046,61.67237301683306,50,0.03599395602941513,True
traffic_source_campaign_name_1432,target_business_001,196,147,30,0.38537726858041715,0.11308915226669254,27.00161763799041,0.12963447101436676,34.864961131902284,0.11724400472270723,30.532351640653506,50,0.035232678055763245,True
traffic_source_campaign_name_1433,target_business_001,103,74,16,0.22165865418047317,0.06850525374973963,32.230565872813855,0.1069426425811281,57.30021997002345,0.08470797892172163,39.6507813715503,50,0.09377656877040863,True
traffic_source_campaign_name_1436,target_business_001,466,436,71,0.30756861826246656,0.14920444110851497,66.4437816537874,0.14435137720799623,53.69661676371239,0.15098628859629962,70.31540822039817,50,0.03161652386188507,True
traffic_source_campaign_name_1437,target_business_001,662,484,100,0.23582398342561245,0.1175155676707973,44.8933646526873,0.11876321449390183,60.02269213365108,0.11740455994200023,60.418236719602994,50,0.014797315001487732,True
traffic_source_campaign_name_1438,target_business_001,175,126,27,0.2722245166250468,0.2896324076033348,70.92695286177893,0.21869033300777357,57.0768487754288,0.2110855951289667,55.46892994498437,50,0.07083751261234283,True
traffic_source_campaign_name_1439,target_business_001,273,216,42,0.2143019822727416,0.19422818057885455,106.43513513252199,0.15830019007744717,87.75586289490366,0.13266948990989574,73.45928112372185,50,0.05204605683684349,True
traffic_source_campaign_name_144,target_business_002,77,375,13,0.320977781776671,0.13337180463968992,38.72027454964249,0.06676329712151909,16.828470200058405,0.0752951182978153,18.741562757796043,50,0.002676850650459528,True
traffic_source_campaign_name_1440,target_business_001,432,376,66,0.24288999324926253,0.09914415285332344,29.74261860088778,0.10609172189855082,35.909066143232806,0.11187231684512862,38.45565261923481,50,0.012804782018065453,True
traffic_source_campaign_name_1441,target_business_001,94,65,15,0.13925469256462936,0.04073210211386133,38.45920245009194,0.021359412704358816,19.33874882453029,0.020643279630296687,18.037594809792996,50,0.0157229732722044,True
traffic_source_campaign_name_1443,target_business_001,82,83,13,0.4305922334903231,0.20341917916848115,106.18000367889996,0.1352891027274628,83.28540670545723,0.1780009611417295,110.65791201954231,50,0.0921717956662178,True
traffic_source_campaign_name_1444,target_business_001,69,51,11,0.41579579528573296,0.37722561128467547,87.31412472629675,0.45526530416426786,94.59372332521836,0.45526530416426786,94.59372332521836,50,0.11934703588485718,True
traffic_source_campaign_name_1445,target_business_001,90,96,15,0.44263750048547706,0.3179239853694974,91.44825277747482,0.29213849713063555,82.39718517095945,0.2774310471440975,72.86327796165423,50,0.05992232635617256,True
traffic_source_campaign_name_1447,target_business_001,168,120,26,0.15344828221119203,0.17619763512557982,96.76205582379019,0.10378947762112174,41.541819232103656,0.09220810372656413,35.95380139419201,50,0.036702852696180344,True
traffic_source_campaign_name_1449,target_business_001,61,42,10,0.3527570704709384,0.2348633514417136,53.75960649128384,0.22592546961258572,49.33909300264068,0.18568642107513714,38.15906857104452,50,0.05690233036875725,True
traffic_source_campaign_name_1457,target_business_002,78,55,13,0.32978459883978967,0.11399875015027609,27.48155854247812,0.11048249371758638,23.079195428376458,0.11146593214111818,22.46214329078174,50,0.01902848295867443,True
traffic_source_campaign_name_1459,target_business_002,147,187,23,0.1295810728186486,0.0846533968180827,34.19337095955464,0.09163095795856097,39.67998021945013,0.07511834996134903,31.85384711467327,50,0.015067842788994312,True
traffic_source_campaign_name_1463,target_business_002,259,372,40,0.26471674114478394,0.07499423477611955,30.914808037629072,0.08091314557986333,31.45468507781466,0.08755840560228483,35.18529903607222,50,0.018208248540759087,True
traffic_source_campaign_name_1467,target_business_002,61,43,10,0.18173304268065157,0.4375966644896852,167.06555570829963,0.06989575572738249,36.771169007054475,0.06989575572738249,36.771169007054475,50,0.12624740600585938,True
traffic_source_campaign_name_1469,target_business_002,47,79,8,0.19944186125151592,0.7687894105911255,76.87894105911255,,,,,50,0.02912435308098793,True
traffic_source_campaign_name_1475,target_business_002,168,290,26,0.20519431613280498,0.11782582777544512,44.733840367360465,0.09585981007001342,37.28847945412187,0.10457834722889908,42.39664157691712,50,0.013482091948390007,True
traffic_source_campaign_name_149,target_business_002,72,51,12,0.2280062946215996,0.17264670954249234,104.91600946437923,0.033324608133364984,15.228774008901702,0.03276447378997544,15.007522033725538,50,0.013668034225702286,True
traffic_source_campaign_name_1490,target_business_001,90,63,15,0.25007596176251634,0.21076111085458898,124.01412392194256,0.08195055591011388,65.55864640068219,0.0784253512126694,54.464710467703426,50,0.08020064979791641,True
traffic_source_campaign_name_1501,target_business_002,411,295,63,0.16065352303051814,0.10422160691830466,70.40500925315662,0.08746479522234196,43.24799525037289,0.08097095410439775,43.92809695707197,50,0.0246255025267601,True
traffic_source_campaign_name_1502,target_business_002,259,187,40,0.31627148610281686,0.1700301024070133,51.31483429059481,0.14464455540208193,44.86445754117675,0.14454975844433288,45.778826924802694,50,0.02530738338828087,True
traffic_source_campaign_name_1506,target_business_002,411,408,63,0.2184785355719299,0.1128261675528571,46.74428316809649,0.12423191993415954,57.08690262015933,0.11792654844910125,53.84927460713504,50,0.012247474864125252,True
traffic_source_campaign_name_1515,target_business_001,63,47,10,0.23934344190756707,0.3023337616968511,87.85707952321866,0.30024355910564043,51.80347990895373,0.30024355910564043,51.80347990895373,50,0.07426456362009048,True
traffic_source_campaign_name_1516,target_business_001,74,567,12,0.28244177157495065,0.1415850029876719,44.79954589286315,0.11581015516398596,40.81326341039403,0.12381012979438177,48.08648306749624,50,0.0059868041425943375,True
traffic_source_campaign_name_1518,target_business_001,83,61,13,0.1851983808270657,0.1596574024730772,41.738632452984554,0.18677543208912115,59.70329936216695,0.19003402378589526,60.625883262409786,50,0.024977819994091988,True
traffic_source_campaign_name_1519,target_business_001,202,380,31,0.09608545416233148,0.10700046629592563,66.63723068646411,0.1082824368572739,60.263357989193814,0.08253940205477706,39.82703891359796,50,0.017294423654675484,True
traffic_source_campaign_name_1520,target_business_001,56,100,9,0.1589925770862001,0.13675277445603298,57.77707038817772,0.0002613500597372087,0.11047979797982008,0.0002613500597372087,0.11047979797982008,50,0.012406918220221996,True
traffic_source_campaign_name_1521,target_business_001,170,262,27,0.37518663458488266,0.18288739553609754,42.74164062308617,0.10769084254008808,30.48913749179211,0.11277638300901902,32.763016693329256,50,0.015517217107117176,True
traffic_source_campaign_name_1522,target_business_001,48,137,8,0.3239104172401734,0.10289494498433405,31.567486423892273,0.13877936807993518,46.61224489795919,0.13877936807993518,46.61224489795919,50,0.015147141180932522,True
traffic_source_campaign_name_1523,target_business_001,150,305,23,0.39844419728459696,0.28381032651867877,45.53503126204671,0.18759843187216652,36.08898351364972,0.1596488608254856,32.02418966485768,50,0.025432562455534935,True
traffic_source_campaign_name_1524,target_business_001,47,76,8,0.3240240572056275,0.0088548282480434,3.8388890146747103,,,,,50,0.03184356167912483,True
traffic_source_campaign_name_1530,target_business_001,51,37,9,0.3775455525068717,0.2888451981237108,115.48303796471183,0.017535314174379008,6.8473609129814745,0.017535314174379008,6.8473609129814745,50,0.1460934579372406,True
traffic_source_campaign_name_1539,target_business_002,162,117,25,0.3521175688445859,0.1629925235781445,28.68095677698047,0.1592694393721004,30.011749809021705,0.15363556693487004,30.08516584039733,50,0.05063105747103691,True
traffic_source_campaign_name_1541,target_business_002,57,41,10,0.5778017407228353,0.2516886496181529,33.76082867383001,0.0778184294193176,9.684055929964265,0.0778184294193176,9.684055929964265,50,0.1360488384962082,True
traffic_source_campaign_name_1542,target_business_002,44,61,8,0.2161918620202815,0.03301809510992995,13.409389646685835,,,,,50,0.027813974767923355,True
traffic_source_campaign_name_1548,target_business_002,46,92,8,0.441839639492643,0.1852392260535366,21.576076311957923,,,,,50,0.018036819994449615,True
traffic_source_campaign_name_1553,target_business_002,64,61,11,0.6004498926856183,0.2430947448363386,31.714194433006497,0.11323659158075279,13.765015780446713,0.11323659158075279,13.765015780446713,50,0.05201081559062004,True
traffic_source_campaign_name_1554,target_business_002,46,48,8,0.3704749977428796,0.32433423245074267,45.09004966879776,,,,,50,0.03833280876278877,True
traffic_source_campaign_name_1555,target_business_002,49,58,8,0.42668964099503714,0.33940047203480395,79.1257481487998,,,,,50,0.08680034428834915,True
traffic_source_campaign_name_1556,target_business_002,52,36,9,0.39586875533551286,0.17472946600561473,39.8887250706722,0.0519239423467418,11.799211988468398,0.0519239423467418,11.799211988468398,50,0.4412129521369934,True
traffic_source_campaign_name_1557,target_business_002,55,39,9,0.31273084015380126,0.23249825220619835,34.41558623232386,0.46861779950688676,68.87723361930544,0.46861779950688676,68.87723361930544,50,0.2204866111278534,True
traffic_source_campaign_name_1558,target_business_002,116,84,18,0.25077313484835245,0.1690929390111106,29.103856564210673,0.10477203478490175,19.166341711071517,0.15452834487492487,26.143737353984125,50,0.0398222841322422,True
traffic_source_campaign_name_1559,target_business_005,132,124,21,0.2858437919276854,0.11462229394185079,29.136208407805032,0.06962403633948809,18.694823720794155,0.07370213290473183,19.086020568065962,50,0.016716396436095238,True
traffic_source_campaign_name_1561,target_business_003,68,79,11,0.46750817861191685,0.12271095664448906,27.3553195748794,0.09442616207036146,16.347128865283867,0.10883788600262208,18.65294443281922,50,0.04127730429172516,True
traffic_source_campaign_name_1562,target_business_003,64,70,11,0.43342425570013554,0.23043574351226212,39.981192682300126,0.1577186213480241,25.40144086626835,0.1457525198182135,21.804614486172056,50,0.04159941524267197,True
traffic_source_campaign_name_1563,target_business_003,60,75,9,0.28087337474310486,0.12306215025436762,66.84203025632517,0.05923353736090659,32.23480116733878,0.06167917488723295,34.360480931183794,50,0.022473789751529694,True
traffic_source_campaign_name_1567,target_business_005,44,42,8,0.1487616989863348,0.34091225933323693,150.13863411593817,0.18155419195548606,84.37692721380799,0.2620527764268815,138.2255967540895,50,0.08566122502088547,True
traffic_source_campaign_name_1568,target_business_005,46,44,8,0.5950085991920899,0.1481612220177182,30.49123522861293,0.07209696048452503,15.170557885873789,0.08550889877196878,18.106356538613262,50,0.10902495682239532,True
traffic_source_campaign_name_1571,target_business_004,102,77,16,0.18862859892024095,0.23123556256173125,114.91895325192087,0.05629228210246173,30.301408501545673,0.057009705351202346,32.03671623918199,50,0.04877094551920891,True
traffic_source_campaign_name_1572,target_business_004,102,78,16,0.2628537012057125,0.1756159609105968,66.10492294206696,0.08359481950586964,38.730445665776465,0.07521876088118959,36.53145425337091,50,0.04704074189066887,True
traffic_source_campaign_name_1578,target_business_004,69,52,11,0.3085380391536338,0.37517904018767156,181.49312163885313,0.4210227575370193,173.32776545128138,0.40085315795781395,155.6187013801952,50,0.07731332629919052,True
traffic_source_campaign_name_1581,target_business_004,48,33,8,0.35778323085758895,0.13514828175613158,41.30627786847327,,,,,50,0.10067665576934814,True
traffic_source_campaign_name_1587,target_business_002,93,144,15,0.28822860934413275,0.22863731745112345,50.325868658451924,0.22161814533758045,75.13118804525163,0.20395659903459235,67.0341895744201,50,0.055974721908569336,True
traffic_source_campaign_name_1590,target_business_001,472,384,72,0.12872957459188095,0.06486279676514226,71.247670285316,0.05510905640883253,50.686746584029244,0.051413534845604666,46.12054901269872,50,0.010797649621963501,True
traffic_source_campaign_name_1591,target_business_001,133,94,21,0.1768553087986763,0.09418629545837222,74.53007459856244,0.049055055131276,32.92860729533994,0.053948170032317784,36.7413264280637,50,0.04061497375369072,True
traffic_source_campaign_name_1592,target_business_001,676,477,102,0.12719414697976855,0.0688546490533471,76.82278333654918,0.06212058668338792,63.862261031811904,0.060820656964378265,65.90069355205863,50,0.013043277896940708,True
traffic_source_campaign_name_1597,target_business_001,101,76,16,0.3580105923522325,0.11956456827808906,32.729244005502494,0.04503224715447155,11.920913489747258,0.06777308710801394,18.38397120011796,50,0.1560763269662857,True
traffic_source_campaign_name_1600,target_business_001,82,307,13,0.41369193501177354,0.12715932577259131,40.00009003087574,0.10439721525663223,32.09157701820556,0.10198564626459575,31.90428186374035,50,0.017405401915311813,True
traffic_source_campaign_name_1605,target_business_001,156,300,24,0.22049145952935384,0.09796903727264773,67.24044434246922,0.08425656840394556,63.32458325811664,0.07561993014494822,56.02966743864985,50,0.025179781019687653,True
traffic_source_campaign_name_1606,target_business_001,66,49,11,0.37225726249431373,0.12406574878298854,46.366802369625866,0.21247322960120985,48.46082902704953,0.21247322960120985,48.46082902704953,50,0.06648095697164536,True
traffic_source_campaign_name_1607,target_business_001,99,71,16,0.16293776428690693,0.20751631141043014,118.27335305564748,0.13706058460854398,51.86518595269132,0.16397860070630152,57.055256264582155,50,0.03854405879974365,True
traffic_source_campaign_name_1612,target_business_001,215,264,33,0.3007897857167246,0.1167691286971326,36.16366227247993,0.12215044011383439,38.42732578645265,0.12079280010078455,39.30637451057694,50,0.017964128404855728,True
traffic_source_campaign_name_1616,target_business_001,47,32,8,0.18951161396859417,0.6816506385803223,68.16506385803223,,,,,50,0.12124117463827133,True
traffic_source_campaign_name_1622,target_business_001,77,192,13,0.4282913094064423,0.29541515533603685,63.74001268330256,0.19549038390317242,51.39839734107866,0.18108912012907064,45.05345132585658,50,0.016493016853928566,True
traffic_source_campaign_name_1627,target_business_001,51,54,9,0.2574810850982687,0.12442401279050486,44.66779369936808,0.01942403678986032,7.268912261315114,0.01942403678986032,7.268912261315114,50,0.03649699315428734,True
traffic_source_campaign_name_1635,target_business_001,157,119,25,0.551074719150377,0.19513246033345802,27.472625378573568,0.15478450408820593,23.086689670769488,0.16127793235787125,23.896660673625465,50,0.0866849273443222,True
traffic_source_campaign_name_1639,target_business_001,79,57,13,0.5808491338767293,0.4262276099834984,110.97744944086097,0.09577477584608118,23.440714726258165,0.1373995508829444,35.37290071005135,50,0.034634608775377274,True
traffic_source_campaign_name_1641,target_business_002,48,38,8,0.30860029689524476,0.18988548569719182,39.06680279167409,0.036924543126527765,10.106434030788332,0.049950933793763516,13.213515376696632,50,0.18238325417041779,True
traffic_source_campaign_name_1654,target_business_002,97,110,16,0.23971729719372895,0.07466837040154076,15.405723084853904,0.050781145166718736,10.663538533351964,0.08599238118710734,18.7153632226575,50,0.03606400638818741,True
traffic_source_campaign_name_1655,target_business_002,52,95,9,0.14891579043675668,0.044858516636233414,19.3203840656683,0.014499686935552246,8.200310898344137,0.017551137686921913,9.804840076208196,50,0.028329206630587578,True
traffic_source_campaign_name_1656,target_business_002,66,120,11,0.2624256311840111,0.2457773829154105,33.68850482088171,0.057257913282660396,9.000134485808468,0.09834047281051576,15.067690161434378,50,0.031582508236169815,True
traffic_source_campaign_name_1657,target_business_002,159,336,25,0.2963937386698629,0.12074842066871087,26.73568587845232,0.1104752112755024,25.93848131573363,0.113029557635936,26.2906641119173,50,0.019064495339989662,True
traffic_source_campaign_name_1678,target_business_002,47,86,8,0.5054967133124609,0.15464918540512856,36.832064160508146,0.045080564640466836,9.877127055120164,0.045080564640466836,9.877127055120164,50,0.02506088837981224,True
traffic_source_campaign_name_1685,target_business_005,63,44,10,0.31726540319267843,0.0588657183799633,32.074832142408,0.022646849630503132,10.864988093801319,0.022646849630503132,10.864988093801319,50,0.04960839822888374,True
traffic_source_campaign_name_1686,target_business_005,370,266,56,0.25615170767144363,0.09819680158901242,33.21025125048211,0.09539560189099515,26.430209030943892,0.10528068623309111,31.668128294860697,50,0.01008746586740017,True
traffic_source_campaign_name_1689,target_business_002,66,213,11,0.4637894124518123,0.17258494697258048,41.07878330425386,0.14252202063625807,36.07031295991865,0.14252202063625807,36.07031295991865,50,0.016090895980596542,True
traffic_source_campaign_name_1696,target_business_002,79,168,13,0.2825745978454971,0.0493710674602845,19.428776480387526,0.029434885583173316,11.359363667395625,0.028050853207692024,11.001087585496853,50,0.015251625329256058,True
traffic_source_campaign_name_1697,target_business_002,148,139,23,0.1748589846295769,0.07124370087206511,29.030883340524404,0.07623918198723181,31.410569548438055,0.06848187694898449,27.364624995640984,50,0.025885431095957756,True
traffic_source_campaign_name_1714,target_business_004,46,32,8,0.49959553448499094,0.1722350389728603,38.81540189587091,,,,,50,0.06362935900688171,True
traffic_source_campaign_name_1718,target_business_004,155,374,24,0.27233527850439704,0.07559417506294569,20.137052603323337,0.07094851365428866,20.935326783957017,0.08265959315575572,24.194663197103807,50,0.007842031307518482,True
traffic_source_campaign_name_1720,target_business_004,165,341,26,0.2384714103486991,0.03183039020487305,14.695399971680615,0.023318375404455867,11.68696586166041,0.02792598080795553,13.845951852584731,50,0.010367916896939278,True
traffic_source_campaign_name_1721,target_business_004,239,316,37,0.34499267153853963,0.0672243993142158,21.995769995794028,0.0425778134306219,14.065685006312547,0.053420894312709015,17.477756327774912,50,0.026594195514917374,True
traffic_source_campaign_name_1724,target_business_004,122,124,19,0.146120045576408,0.07607968653557488,113.44577013086321,0.05748215220179163,70.48241135172479,0.04961813761589045,59.142400563685,50,0.034158263355493546,True
traffic_source_campaign_name_1726,target_business_004,149,163,23,0.24941646285261657,0.08742729381357138,26.667381132756528,0.09872254116813335,30.421855498177962,0.09438179743269247,29.628516371508805,50,0.016931157559156418,True
traffic_source_campaign_name_1729,target_business_004,212,157,33,0.13152408689511697,0.05751314471295336,28.787923345218054,0.041879516309139435,21.658479615096454,0.056624641821668896,27.824541737859914,50,0.011766132898628712,True
traffic_source_campaign_name_1731,target_business_004,78,55,13,0.3116519603868409,0.22393000873037705,33.3219209864425,0.06520477353704028,11.256817535229674,0.0956290200271151,15.597395124315508,50,0.1382446438074112,True
traffic_source_campaign_name_1733,target_business_004,136,146,21,0.09633927777197636,0.10064464336478038,87.42278009378745,0.05478656928994661,44.35328711006339,0.0750211098735812,59.77289264664114,50,0.019500723108649254,True
traffic_source_campaign_name_1734,target_business_004,100,149,15,0.23034319291633967,0.10805064476553715,40.58135307196229,0.013349182357812623,5.042667203194652,0.01615475061031388,6.196882686143609,50,0.014161725528538227,True
traffic_source_campaign_name_1735,target_business_004,52,295,9,0.21661466246675248,0.011025111305443057,9.892854523033996,0.033400630807335394,23.802549704052193,0.033400630807335394,23.802549704052193,50,0.00727925356477499,True
traffic_source_campaign_name_1737,target_business_004,54,304,9,0.3763419814281277,0.12215503079647899,23.63222668092153,0.29832624270410724,49.902119858899425,0.29832624270410724,49.902119858899425,50,0.002782669849693775,True
traffic_source_campaign_name_1741,target_business_004,87,61,14,0.4293123175297576,0.23071052789665084,40.6089778372868,0.14703577330747838,28.229162709238974,0.12723072412891126,23.898205707423433,50,0.019148798659443855,True
traffic_source_campaign_name_1746,target_business_004,211,201,33,0.3543640269901238,0.06774527299433843,11.90005660470481,0.049919292867248596,8.553054224403546,0.0612229270569621,10.273472235773285,50,0.013300487771630287,True
traffic_source_campaign_name_1750,target_business_004,56,49,9,0.289318193318186,0.09975074672524671,16.969358931626303,0.07716486629550749,13.540910418963959,0.09577801152190078,15.94168097124966,50,0.04633171483874321,True
traffic_source_campaign_name_1752,target_business_004,130,149,20,0.15988628611509823,0.12250516490228539,52.18629567755446,0.07440642016823987,28.521087699167136,0.08895474444366942,32.20417347597198,50,0.01607016660273075,True
traffic_source_campaign_name_1754,target_business_004,108,141,17,0.3415706028542136,0.056179276785479446,11.187702161874084,0.0661682341883358,13.406431114558204,0.07901361137073852,16.405209224517044,50,0.022271445021033287,True
traffic_source_campaign_name_1755,target_business_004,97,155,16,0.34240282779887615,0.13651007521379724,27.04069734211238,0.08005750193641684,15.436339778524497,0.12250388725486878,23.140263192669707,50,0.00986011978238821,True
traffic_source_campaign_name_1756,target_business_004,101,134,16,0.22144068559383273,0.11474621208510234,26.932094910391267,0.060922485047041786,17.360477004236905,0.07619420079526462,21.61412450728562,50,0.024844205006957054,True
traffic_source_campaign_name_1758,target_business_004,281,233,43,0.20825190197810423,0.10058635761176021,27.198623254297445,0.09552914608681977,23.107595105749386,0.10718051400553837,28.15145356312992,50,0.0057187736965715885,True
traffic_source_campaign_name_1766,target_business_004,46,185,8,0.3974299195501438,0.23086848377247238,47.82288273764714,,,,,50,0.0074898432940244675,True
traffic_source_campaign_name_1768,target_business_004,229,210,35,0.34349831038418965,0.07264007546943553,18.524216319254325,0.05453445210137293,13.516322654709578,0.0541943846419155,13.255388463814958,50,0.007336226757615805,True
traffic_source_campaign_name_1772,target_business_004,157,381,25,0.2556090512275161,0.08615276102262112,32.26424675165893,0.06749510301561934,26.50655709781258,0.05850761803803141,21.510087690160976,50,0.015603551641106606,True
traffic_source_campaign_name_1776,target_business_001,49,39,8,0.3559002694270556,0.7322453260421753,73.22453260421753,,,,,50,0.12193677574396133,True
traffic_source_campaign_name_1779,target_business_001,71,80,12,0.20747715913153858,0.03650736306903631,30.39382368813935,0.03413230711828611,25.387357533225195,0.03227790150360391,21.635507537655528,50,0.023480551317334175,True
traffic_source_campaign_name_1780,target_business_001,53,79,9,0.3131638662043616,0.08635700063905882,20.175593812364724,0.09226364760231631,23.15858239425118,0.09226364760231631,23.15858239425118,50,0.011159049347043037,True
traffic_source_campaign_name_1781,target_business_001,70,124,11,0.0875726266775888,0.0354131873511894,65.84831342064791,0.0020097170120848776,4.431249097974039,0.002552860401752453,5.619039191925319,50,0.016609735786914825,True
traffic_source_campaign_name_1785,target_business_002,94,65,15,0.2928062432664731,0.18299825490745392,74.75606468704667,0.08151424404978909,24.285661685534393,0.0750569535246003,21.458358515897157,50,0.057623762637376785,True
traffic_source_campaign_name_1786,target_business_002,51,38,9,0.34131279944873993,0.9072404406159618,253.39463987284114,0.02828239239523095,7.844163127406516,0.02828239239523095,7.844163127406516,50,0.2443217933177948,True
traffic_source_campaign_name_1788,target_business_002,44,53,8,0.6990564433993157,0.11219137013572911,13.246965730297822,0.06206563527292319,7.154969382948666,0.06206563527292319,7.154969382948666,50,0.059081438928842545,True
traffic_source_campaign_name_1792,target_business_002,54,37,9,0.6830891799262461,0.09031682829599637,9.24383545981457,0.22272364503598108,24.444978375763714,0.22272364503598108,24.444978375763714,50,0.0570085346698761,True
traffic_source_campaign_name_1811,target_business_002,45,47,8,0.7145659448788845,0.5274630605375344,56.51480608826122,,,,,50,0.06473959237337112,True
traffic_source_campaign_name_1823,target_business_002,51,79,9,0.5801568486268479,0.10057125509465004,14.78678658608622,0.11551614643502761,17.991053855788124,0.11551614643502761,17.991053855788124,50,0.04560679942369461,True
traffic_source_campaign_name_1825,target_business_002,46,34,8,0.4227265732839946,0.029692970530472818,5.1258351492037955,,,,,50,0.023618411272764206,True
traffic_source_campaign_name_1836,target_business_003,90,64,15,0.5520133667494944,0.20989754784484493,32.52143304751194,0.11930597185071234,16.361475817818757,0.12644933189704366,17.082345823925166,50,0.03912462294101715,True
traffic_source_campaign_name_1839,target_business_003,98,80,16,0.1275762177444053,0.09043487044101539,33.01055847267323,0.07428387596727995,18.59814812192524,0.0730319436741854,17.419483880148924,50,0.06270931661128998,True
traffic_source_campaign_name_1841,target_business_003,74,185,12,0.24992386182069565,0.018290788102753506,5.934456736854428,0.01916816001018498,6.180714584718171,0.027080887833986572,8.499967546552952,50,0.01130717433989048,True
traffic_source_campaign_name_1843,target_business_003,96,68,15,0.5589544056213992,0.2039440668543173,36.29872262766416,0.1206185004149564,21.940193665980512,0.12501714798939845,23.658016891964788,50,0.05963337421417236,True
traffic_source_campaign_name_1845,target_business_003,55,206,9,0.3119711519324474,0.12684458992614495,22.810336175591466,0.04867430185864458,8.795107703665957,0.08171031985253924,14.648621153465365,50,0.00627939822152257,True
traffic_source_campaign_name_1847,target_business_003,64,199,11,0.3132449780351106,0.07228021204151358,10.233551577365532,0.053439424408748305,8.462140711535723,0.09101708451779043,13.924098821735253,50,0.01517051924020052,True
traffic_source_campaign_name_1850,target_business_003,63,210,10,0.5588200724522119,0.09410750664731961,12.295366372140611,0.04058792171425739,5.252569080202956,0.06291489246934429,8.285464752563367,50,0.010668065398931503,True
traffic_source_campaign_name_1852,target_business_003,62,280,10,0.48564716628362004,0.22995408856530272,28.620541199066086,0.11072767151511276,13.307321505281996,0.1196447548981129,13.985494274727353,50,0.01876385696232319,True
traffic_source_campaign_name_1854,target_business_003,61,311,10,0.1407403857912329,0.026825065892269212,17.574959307182613,0.02562266407160609,15.777415299996346,0.027914525323163363,16.861451059937345,50,0.003702145302668214,True
traffic_source_campaign_name_1856,target_business_003,50,338,8,0.36591572633456954,0.12369433399917379,24.97113187850247,0.042831026377644243,7.987012987012979,0.042831026377644243,7.987012987012979,50,0.006422379985451698,True
traffic_source_campaign_name_1857,target_business_003,63,376,10,0.5185023223149537,0.08699962828934923,12.801542757019508,0.08935957274398318,13.017420263681975,0.10392154718794108,14.877789070800832,50,0.00869926530867815,True
traffic_source_campaign_name_1860,target_business_003,69,338,11,0.4521428030243138,0.20321185334589117,25.611482099867587,0.1351383901762872,21.184531665588633,0.14361248771213284,22.545014395640735,50,0.006094153504818678,True
traffic_source_campaign_name_1863,target_business_003,58,208,10,0.4037810970310247,0.06396547093361722,12.028660674485902,0.048655732754951796,9.276278666754987,0.07054175614439165,13.764091432595738,50,0.01012509223073721,True
traffic_source_campaign_name_1864,target_business_003,69,237,11,0.06067222473195002,0.03581911085111063,51.7015507607823,0.0031242085218052902,4.414059580696287,0.004612467926864431,6.569590784434398,50,0.006400808226317167,True
traffic_source_campaign_name_1865,target_business_003,74,239,12,0.38848600539579314,0.12158842400465712,24.925059700832247,0.037568103304737775,7.769129916462945,0.06642821305826875,14.069458808638721,50,0.010187861509621143,True
traffic_source_campaign_name_1867,target_business_003,70,281,11,0.5272233140230226,0.07727763426574667,11.357045268585294,0.037895578327815066,5.58673553613177,0.04876047001140715,7.215435914116017,50,0.008937141858041286,True
traffic_source_campaign_name_1869,target_business_003,122,185,19,0.235885641732671,0.2515008153743194,163.41976712276264,0.08049912387044897,224.8895509434582,0.10974643431834252,182.4351773072588,50,0.00633115554228425,True
traffic_source_campaign_name_1875,target_business_003,157,604,25,0.3511454204040784,0.10074935668506833,17.304336805301126,0.10920859293387519,19.859574791004146,0.09996326568770766,18.18255036412951,50,0.00365593284368515,True
traffic_source_campaign_name_1907,target_business_003,184,165,29,0.4902017805789699,0.07551555224968788,17.241512545961804,0.052924443893819506,12.01373918408307,0.05510644156210143,12.504626494387983,50,0.025917258113622665,True
traffic_source_campaign_name_1919,target_business_004,182,130,28,0.2674735484403325,0.07795361450618805,35.59043827284925,0.051491437319905665,24.505038141897995,0.04540313553608147,22.513606730774008,50,0.024694940075278282,True
traffic_source_campaign_name_1920,target_business_004,83,59,13,0.4858045073439855,0.20688022123575223,45.05520948714139,0.21452750611077837,47.364762976218685,0.22461882116934845,49.845885413784906,50,0.08223508298397064,True
traffic_source_campaign_name_1921,target_business_004,181,141,28,0.4171096692775191,0.06899782102323349,13.98295323450257,0.05449776077437324,10.637397876258312,0.05277810372800019,10.177777438661435,50,0.03085453435778618,True
traffic_source_campaign_name_1924,target_business_002,94,70,15,0.387830543071822,0.13798107394250986,32.79559583693444,0.08899847971459453,20.994907706588638,0.08437915502915237,20.194076172939127,50,0.0422452874481678,True
traffic_source_campaign_name_1926,target_business_002,45,33,8,0.24238321177082406,0.11540097406353035,29.314408115405488,0.17239032797263268,67.99227423130138,0.17239032797263268,67.99227423130138,50,0.14331242442131042,True
traffic_source_campaign_name_1943,target_business_002,201,165,31,0.4093512487179594,0.15353838620516896,32.5146671673662,0.1368812072674704,27.722528355416216,0.12638211927960039,25.65920762601201,50,0.03397493436932564,True
traffic_source_campaign_name_1947,target_business_002,59,41,10,0.5149084451277126,0.1288512053478944,13.954791141009409,0.18731284148827415,20.11257246225864,0.18731284148827415,20.11257246225864,50,0.02841230295598507,True
traffic_source_campaign_name_1948,target_business_002,63,129,10,0.48627484044630503,0.05303341704355784,7.7046991294265705,0.053185077347583674,7.163235854885622,0.05663373858017273,7.392748241476603,50,0.02106923609972,True
traffic_source_campaign_name_195,target_business_002,49,35,8,0.5320090341754902,0.05836844444274902,5.836844444274902,,,,,50,0.10878027975559235,True
traffic_source_campaign_name_1950,target_business_002,73,82,12,0.07575565161917343,0.012814123377031866,17.577702299151596,0.002423542445218512,3.278874349568322,0.0035267802521608167,4.8109251111372755,50,0.0011155803222209215,True
traffic_source_campaign_name_1952,target_business_002,88,62,14,0.22631447334907542,0.16597998356690835,66.7720876459521,0.023971169655148578,9.213446682529916,0.030604417675934525,11.935930011435286,50,0.0036989375948905945,True
traffic_source_campaign_name_1954,target_business_002,85,74,14,0.2434211148243472,0.16895871081861052,34.053578280529976,0.17757427757427757,36.28477247209319,0.17986445241451918,35.85398294780516,50,0.0518074668943882,True
traffic_source_campaign_name_1955,target_business_002,61,87,10,0.4375684302333754,0.08241619933380213,20.71619232953136,0.052288281207922775,11.72033160455265,0.06810429476237925,15.00247799912085,50,0.024131838232278824,True
traffic_source_campaign_name_1960,target_business_002,68,74,11,0.2168018098775302,0.09398313963275257,22.863947638761207,0.08605379416875558,22.45773292435789,0.08192075678799537,19.94068907576837,50,0.02363985776901245,True
traffic_source_campaign_name_1963,target_business_002,58,89,10,0.5969000695753084,0.15159961770315866,23.38835909860802,0.09379472271914147,14.40241009238607,0.09379472271914147,14.40241009238607,50,0.0382569395005703,True
traffic_source_campaign_name_1964,target_business_002,61,72,10,0.3147631743046232,0.037917795359319606,8.932961175660777,0.048047526183347844,10.490577851525531,0.048047526183347844,10.490577851525531,50,0.022395646199584007,True
traffic_source_campaign_name_1966,target_business_002,56,82,9,0.6522021719673271,0.07885778029222978,8.598742105028354,0.11823880514582608,12.662013958125632,0.11823880514582608,12.662013958125632,50,0.022120218724012375,True
traffic_source_campaign_name_1968,target_business_002,87,113,14,0.4000078310423714,0.057687024296417165,12.522386282079253,0.034274027673330085,5.836780695202376,0.04616567839476395,8.607699385686447,50,0.022684289142489433,True
traffic_source_campaign_name_1970,target_business_002,69,126,11,0.15293101576255416,0.23207365667325572,33.34448932560631,0.2877981178165115,36.329676758253825,0.2877981178165115,36.329676758253825,50,0.027248026803135872,True
traffic_source_campaign_name_1975,target_business_002,70,115,11,0.5090004330394563,0.07751949576043304,13.843231745797985,0.06632570105104528,11.336746711901835,0.05998669407157353,10.48062271217405,50,0.018778285011649132,True
traffic_source_campaign_name_1999,target_business_002,60,49,9,0.5473507651620433,0.07403110856396844,10.373154126967094,0.05178236827152616,7.540164097734142,0.05178236827152616,7.540164097734142,50,0.05241258069872856,True
traffic_source_campaign_name_2002,target_business_002,94,82,15,0.5994375115198453,0.09180529636907667,15.821539612108682,0.044570476563723024,7.369693871872955,0.06589691623555005,11.1543417624359,50,0.06727682799100876,True
traffic_source_campaign_name_2016,target_business_005,63,64,10,0.17928376462823065,0.09626864892546667,28.14745069065247,0.06360339193272205,16.109478422423436,0.08618367930103034,21.75673528291323,50,0.025642799213528633,True
traffic_source_campaign_name_2017,target_business_005,72,65,12,0.30154978240026037,0.3048262648938452,136.34033285672385,0.049631130507065704,14.590270771225555,0.051280508220190285,15.16824962030475,50,0.07900603115558624,True
traffic_source_campaign_name_2022,target_business_005,276,196,42,0.15696237441203437,0.08273651936638662,37.75127890438606,0.037065744809053204,18.500346814248108,0.03933584060131858,19.94557639038822,50,0.034182626754045486,True
traffic_source_campaign_name_2023,target_business_005,52,61,9,0.3197599571928518,0.4243576381000017,77.52863837969667,0.8997124650295307,897.1328942270446,0.8997124650295307,897.1328942270446,50,0.0821525901556015,True
traffic_source_campaign_name_2028,target_business_005,246,179,38,0.19795509191973554,0.14318896100633066,72.10021239467585,0.12963832199546485,67.44004994426102,0.11331029269715116,62.460985207682775,50,0.03217492997646332,True
traffic_source_campaign_name_2035,target_business_001,73,63,12,0.4237072120570654,0.2619578984812511,74.69468184684244,0.171449452338662,64.49897516302222,0.14662229567670768,58.00117873497673,50,0.07784577459096909,True
traffic_source_campaign_name_2036,target_business_001,136,99,21,0.2426086903897361,0.12725474141735507,56.81721893094964,0.11590424702116786,53.935871150638626,0.12955460494211402,58.568636342056045,50,0.052140071988105774,True
traffic_source_campaign_name_2038,target_business_002,117,114,19,0.19276659673647886,0.078263502109566,45.10604940636705,0.07146539644909801,41.8992743527746,0.07680174539935497,45.31228785457021,50,0.039468832314014435,True
traffic_source_campaign_name_2041,target_business_002,58,79,10,0.09482156658493325,0.08256048332801565,116.94640672031736,0.03987825397335735,32.96100330957905,0.03987825397335735,32.96100330957905,50,0.01975272223353386,True
traffic_source_campaign_name_2068,target_business_005,112,98,18,0.27720461077629543,0.08701905406095292,15.92650529856555,0.06247986841280063,11.435316885213505,0.10769195287331909,19.25442711594653,50,0.027078723534941673,True
traffic_source_campaign_name_2069,target_business_005,62,63,10,0.6013028209145251,0.08293286814243835,8.925832223783841,0.23635693012417675,24.341935522801972,0.23635693012417675,24.341935522801972,50,0.05884000286459923,True
traffic_source_campaign_name_2070,target_business_005,90,77,15,0.3610784310840105,0.06488792622520331,12.03245380465739,0.08181896162782609,14.914234385722644,0.12548442745554791,21.998452390187857,50,0.017836326733231544,True
traffic_source_campaign_name_2093,target_business_005,124,145,20,0.47603902905196316,0.10880321632976106,16.450560129745774,0.11789734958340141,17.069191853755463,0.12299838349285279,17.355591817142567,50,0.03859014809131622,True
traffic_source_campaign_name_2095,target_business_001,84,110,14,0.2964665828408387,0.11305336851522814,30.41579007451334,0.09206424835440004,27.638137736905616,0.08016671666199247,24.175535583260306,50,0.0182258989661932,True
traffic_source_campaign_name_210,target_business_002,520,530,78,0.42176756428337847,0.04928988605776849,27.245908925253975,0.039744278177012586,18.444015571367142,0.05263129328220218,30.902005632895957,50,0.012205887585878372,True
traffic_source_campaign_name_2100,target_business_002,548,429,83,0.11731313971146563,0.07795555569825639,79.76332856514259,0.07142374826552247,61.1097817278645,0.06534105637868573,58.90387770072436,50,0.023838916793465614,True
traffic_source_campaign_name_2102,target_business_002,51,49,9,0.43035093551201237,0.23861773105031747,56.37038655283795,0.053959375807880676,12.121408574818433,0.06627828825164903,14.974784819717785,50,0.05881097540259361,True
traffic_source_campaign_name_2105,target_business_002,514,440,78,0.16936019241804495,0.09809734192694515,40.500940533278666,0.10299122253209084,45.569884465348274,0.10012399174618465,43.42971192159126,50,0.02137540653347969,True
traffic_source_campaign_name_211,target_business_002,214,152,33,0.1953515346271461,0.22305678875467838,172.11121367623787,0.16217398998697027,101.86215343696026,0.15994181254144635,130.84371453239245,50,0.051579855382442474,True
traffic_source_campaign_name_212,target_business_002,208,155,32,0.354999688157221,0.12136756515321692,22.176640525388862,0.11371408484954112,22.081167037859533,0.10131663557651144,19.49019998457405,50,0.04609382152557373,True
traffic_source_campaign_name_2123,target_business_002,68,109,11,0.18616709198629633,0.10476313446968281,28.17290852528611,0.02987837138741246,10.812070701874637,0.05142114519587412,18.100827767650273,50,0.019717533141374588,True
traffic_source_campaign_name_2144,target_business_002,188,301,29,0.2435690818928374,0.15175920793421557,39.63325195062142,0.12953774833976522,34.94337274818346,0.1501487936898908,38.954244918586475,50,0.010754038579761982,True
traffic_source_campaign_name_2155,target_business_002,116,126,18,0.252873544693615,0.23192003630339617,74.23047820904564,0.11920547533092661,36.93586644579044,0.16116846205088536,49.679034444267074,50,0.03604520484805107,True
traffic_source_campaign_name_2157,target_business_002,54,50,9,0.2947932596286051,0.2618866126403828,55.32289030050184,0.22284762777531128,98.90205337056773,0.22284762777531128,98.90205337056773,50,0.10245182365179062,True
traffic_source_campaign_name_2159,target_business_002,166,131,26,0.1608638877679153,0.04775434373497924,48.27919907424468,0.03149560874893861,32.05113295528418,0.03062612855507668,30.76738000946206,50,0.02847141958773136,True
traffic_source_campaign_name_2162,target_business_002,299,273,46,0.23804627826106187,0.09416420843333397,57.96689444416958,0.09423598693731641,59.208339036757316,0.0803401869073028,49.790079233419455,50,0.023764336481690407,True
traffic_source_campaign_name_2170,target_business_002,72,50,12,0.2884074922586948,0.3756543938985568,163.32440898117616,0.11588317114231747,55.973157778565366,0.11623940754085571,56.241487825731525,50,0.1250276416540146,True
traffic_source_campaign_name_2172,target_business_002,60,60,9,0.30405420375186665,0.15856772291330898,62.83499356237285,0.020970948093501807,8.45932850220829,0.020970948093501807,8.45932850220829,50,0.03796970471739769,True
traffic_source_campaign_name_2174,target_business_002,59,115,10,0.19116461446581595,0.5432965521406526,280.6381109094468,0.19475200473758814,117.92020860296158,0.19475200473758814,117.92020860296158,50,0.019043127074837685,True
traffic_source_campaign_name_2177,target_business_002,86,60,14,0.34204873065840397,0.28714038040096657,65.5448011468894,0.1861464181742566,31.90718954807829,0.20145214918208917,33.87798408458574,50,0.031819868832826614,True
traffic_source_campaign_name_2183,target_business_002,604,435,92,0.29725562672225186,0.07002588283306166,32.839970581015834,0.07198570147085821,32.66808065356287,0.06730663983334538,31.167656802009606,50,0.016442369669675827,True
traffic_source_campaign_name_219,target_business_002,45,148,8,0.15547957798820056,0.08728839586596097,36.74750534539524,0.023524883000461377,10.608013315895839,0.023524883000461377,10.608013315895839,50,0.00849320087581873,True
traffic_source_campaign_name_2198,target_business_005,57,118,10,0.19096640252671007,0.05706101737299502,20.488266289174977,0.0388949118736037,14.344925008776944,0.046262042463781045,16.951915513100534,50,0.026194095611572266,True
traffic_source_campaign_name_2203,target_business_005,49,141,8,0.4385730863710757,0.12886909029976962,23.194728113239133,0.12771064224433165,27.5431407477284,0.11644621011257354,27.061338928708327,50,0.016913048923015594,True
traffic_source_campaign_name_2205,target_business_005,55,126,9,0.319924945070273,0.7982908429270412,144.7951808778642,0.03279041126401343,6.346297182504449,0.059508524145802155,11.791103332545157,50,0.020802579820156097,True
traffic_source_campaign_name_2206,target_business_005,50,109,8,0.3038083904161228,0.2120032462007601,69.98451552308188,,,,,50,0.027533305808901787,True
traffic_source_campaign_name_2209,target_business_005,64,310,11,0.38420726825122586,0.20016054216147788,28.764929859659794,0.1396836607791965,18.454383638038056,0.11675369765896922,14.68342284740676,50,0.007529261987656355,True
traffic_source_campaign_name_2210,target_business_005,46,133,8,0.1619893250923982,0.03390266776967822,19.081705071859396,0.020629061156946082,12.637937632650592,0.021180767935589543,13.25835072208856,50,0.00890822522342205,True
traffic_source_campaign_name_2211,target_business_005,56,192,9,0.46365270116854074,0.19616162244745775,34.96119386160961,0.07708347525944093,14.742391174706734,0.06485052342348474,12.669123136236632,50,0.01702749915421009,True
traffic_source_campaign_name_2217,target_business_005,57,46,10,0.3313773561457874,0.7654643915873257,128.07807958030116,0.10606735891741999,19.603504902412357,0.10606735891741999,19.603504902412357,50,0.16757512092590332,True
traffic_source_campaign_name_2218,target_business_005,117,103,19,0.09404626939659745,0.03995038658493215,36.26732773594132,0.02719751949205528,26.076409064752543,0.03204739345179994,30.98049473219426,50,0.05172136425971985,True
traffic_source_campaign_name_2219,target_business_005,255,246,39,0.2672548073970438,0.11310501644207945,23.36034759915354,0.10047210728979701,21.277765890028526,0.09848850818104307,19.85506976392085,50,0.01791948266327381,True
traffic_source_campaign_name_222,target_business_002,61,292,10,0.3143907049015575,0.13831189090081092,22.394604778531043,0.1573783679069082,21.77684876888817,0.1573783679069082,21.77684876888817,50,0.007879468612372875,True
traffic_source_campaign_name_2221,target_business_005,63,95,10,0.20315125283279392,0.26623422233736377,33.13362587956674,0.3828697821794303,41.51378774206702,0.3828697821794303,41.51378774206702,50,0.026069728657603264,True
traffic_source_campaign_name_2224,target_business_005,63,45,10,0.30949293224738555,0.4661450143152892,472.3963356083576,0.04148312570687372,28.916460653857158,0.04148312570687372,28.916460653857158,50,0.11355496942996979,True
traffic_source_campaign_name_2225,target_business_005,124,221,20,0.23157598940435858,0.10403142426997049,46.304201590083736,0.07865524907654259,33.20954127872965,0.07692581039817259,34.02434748290631,50,0.018731310963630676,True
traffic_source_campaign_name_2227,target_business_005,77,107,13,0.23327558508089924,0.24414925193418538,73.9210144502445,0.12268603580898936,27.063827977732792,0.11464787967247927,23.487054385072287,50,0.020960183814167976,True
traffic_source_campaign_name_2229,target_business_005,99,136,16,0.5057959100937571,0.10582425718052808,15.627005271236646,0.05189434040590109,7.57076940266368,0.06462592141791497,9.472899152163869,50,0.024850092828273773,True
traffic_source_campaign_name_2231,target_business_005,61,62,10,0.5102392521894135,0.06627739516319713,10.658521090041694,0.02961037070582906,4.7947327615557995,0.02961037070582906,4.7947327615557995,50,0.056401755660772324,True
traffic_source_campaign_name_2233,target_business_005,81,224,13,0.4939352507644557,0.06458348266060515,12.798175817977642,0.10462191861454047,18.821249936343083,0.10697124439069942,19.044244685199892,50,0.017673874273896217,True
traffic_source_campaign_name_2235,target_business_005,71,172,12,0.09050729563239338,0.021800154746751295,21.052448591726918,0.013975613742794633,11.376764327251289,0.014107463684437532,11.473538458599663,50,0.004089644644409418,True
traffic_source_campaign_name_2243,target_business_005,184,202,29,0.45135522924778043,0.11365880572725716,28.002166515082937,0.05794859666513111,13.537662140110326,0.059029463182268295,13.934532285281215,50,0.06413496285676956,True
traffic_source_campaign_name_2251,target_business_005,137,226,22,0.38026048581261584,0.1735138447258269,35.29278607341101,0.20715847206384538,47.02941394242256,0.170719768901501,38.20127785608175,50,0.021173343062400818,True
traffic_source_campaign_name_2253,target_business_005,120,185,18,0.38000243070104495,0.08859248758148622,24.83776300477335,0.1067819463964225,29.01811279225695,0.08782426955844636,23.557143631815087,50,0.01904916577041149,True
traffic_source_campaign_name_2255,target_business_005,110,167,17,0.32952080765961306,0.14631200722624293,36.45643410588503,0.092899902654434,25.146810587938823,0.09614133493570891,26.293445277736527,50,0.025477886199951172,True
traffic_source_campaign_name_2257,target_business_005,90,186,15,0.38213573539193796,0.2122228787520915,32.655421650795034,0.20813552123703127,34.074339126502636,0.22127121021935298,36.268801231760875,50,0.02188621647655964,True
traffic_source_campaign_name_2261,target_business_005,108,157,17,0.23331338273371996,0.15559827864003678,41.791442277438264,0.11197184389372329,20.059807208912027,0.10924271995543931,19.166590731833526,50,0.023705171421170235,True
traffic_source_campaign_name_2263,target_business_005,78,171,13,0.22019802666785104,0.23062029713880408,56.30076385709114,0.20297629591314914,50.70040468650062,0.19747712998331576,49.85737069773088,50,0.019269751384854317,True
traffic_source_campaign_name_2271,target_business_005,103,73,16,0.16647171177405756,0.3151772407686029,78.8817727373988,0.09992634557663208,34.45204768442156,0.10549788664788785,43.55861815322948,50,0.03829256445169449,True
traffic_source_campaign_name_2284,target_business_005,76,64,12,0.3699851054241736,0.20146336815509303,44.34238145595071,0.22645899201480546,54.295947212427485,0.21045004118642352,51.83096202346784,50,0.04030735418200493,True
traffic_source_campaign_name_2288,target_business_005,72,55,12,0.22272424230292506,0.13196288153941932,59.47992066487866,0.07926335398695988,31.870158355531707,0.07139991596808815,28.137519466642825,50,0.025367483496665955,True
traffic_source_campaign_name_2290,target_business_001,58,69,10,0.1398777947861242,0.1096941129676063,131.03055401252422,0.05227931729061298,114.37993339917621,0.07599816889972982,209.65915569817167,50,0.06662218272686005,True
traffic_source_campaign_name_2291,target_business_001,46,57,8,0.20166700045994534,0.39676866539235667,231.8497405007848,,,,,50,0.03304469212889671,True
traffic_source_campaign_name_2292,target_business_002,55,91,9,0.26578619984524565,0.12214902060359314,29.0616052901652,0.24546417730943232,56.35646428454027,0.24546417730943232,56.35646428454027,50,0.02467428520321846,True
traffic_source_campaign_name_2303,target_business_001,464,428,71,0.14656190898438518,0.043721878180706907,36.73295614050863,0.03377431040481942,24.814323960852512,0.032923089560873114,24.312582371803217,50,0.006564205978065729,True
traffic_source_campaign_name_2304,target_business_001,56,45,9,0.3015446021026929,0.7455580774865594,106.45981748539704,0.5039401165799207,101.58856489372032,0.5039401165799207,101.58856489372032,50,0.07461638748645782,True
traffic_source_campaign_name_2305,target_business_001,70,54,11,0.4028736454661959,0.2088764533903055,40.119172281268234,0.28952186068995245,41.553050763827606,0.28952186068995245,41.553050763827606,50,0.06690771877765656,True
traffic_source_campaign_name_2309,target_business_001,234,509,36,0.2081104753892705,0.10448083722256948,49.27893909971225,0.11274049521517009,54.03025585543789,0.11163788058769362,52.83047191807532,50,0.007969449274241924,True
traffic_source_campaign_name_2311,target_business_001,208,429,32,0.23369238788119373,0.18901225929140625,59.98116225637566,0.13886327449159785,54.34680449984346,0.15729932232075503,58.80091269971127,50,0.013332804664969444,True
traffic_source_campaign_name_2312,target_business_001,189,385,29,0.22257658949192102,0.07974842484761485,39.52276351545607,0.06868174594532936,29.860470124031902,0.07584840631592359,34.67013318942555,50,0.01762850023806095,True
traffic_source_campaign_name_2316,target_business_001,174,415,27,0.2135877968427005,0.04990644445788271,25.36640564122702,0.04927181579265514,27.13896002402375,0.04535813528844835,24.03578511478346,50,0.010935145430266857,True
traffic_source_campaign_name_2318,target_business_001,223,395,34,0.21459077799598297,0.1118453208745158,54.51400196384053,0.07952150141852266,34.65564551347215,0.07017889118576688,28.792388492245678,50,0.019761832430958748,True
traffic_source_campaign_name_232,target_business_002,59,116,10,0.3442695060539625,0.23909303173104313,31.123471881227605,0.41588257026206366,52.6559823696315,0.41588257026206366,52.6559823696315,50,0.015278203412890434,True
traffic_source_campaign_name_2320,target_business_001,215,435,33,0.2207700107201831,0.09371662753898716,36.405235056454536,0.05486302329975797,22.098910099436416,0.05729414294746471,23.8890107105057,50,0.015655161812901497,True
traffic_source_campaign_name_2323,target_business_001,267,434,41,0.2473725236737256,0.11170112748705943,55.85924820108434,0.08715828949368755,42.38788314544963,0.08653613683659024,41.08350009020005,50,0.03190234303474426,True
traffic_source_campaign_name_2324,target_business_001,183,338,28,0.24098130817361393,0.11635378529889327,39.2327339003667,0.07921111070428823,27.783311384884268,0.10536446850120453,36.21848629283679,50,0.014980652369558811,True
traffic_source_campaign_name_2325,target_business_001,176,367,27,0.23100859330165446,0.08844036427123875,41.151265087476396,0.04417834419201797,20.415373844649956,0.0589504864511996,28.42526149085305,50,0.022352859377861023,True
traffic_source_campaign_name_2329,target_business_001,64,126,11,0.18454681300413572,0.06003573415633336,27.576399404776136,0.06201894858611281,30.353495277677695,0.059404313695358514,29.507650148906034,50,0.02117910608649254,True
traffic_source_campaign_name_2333,target_business_001,108,78,17,0.207715036943361,0.07941828108831511,74.33511174686743,0.05274671731279737,42.15803275627004,0.052028270358309286,39.480124322137,50,0.08283612132072449,True
traffic_source_campaign_name_2335,target_business_001,543,414,82,0.13676291628823448,0.05161534482470063,49.17448624518811,0.03690334587557345,30.744141038551277,0.03493844216634532,28.866333457259643,50,0.014230599626898766,True
traffic_source_campaign_name_234,target_business_002,46,32,8,0.298593066802608,0.19602705796283326,56.5985484572964,,,,,50,0.0683276504278183,True
traffic_source_campaign_name_2343,target_business_004,542,398,82,0.022808788856258054,0.05519304339233487,133.21838162249824,0.039173054402400875,68.93524191001768,0.04865475992575354,116.75772252450143,50,0.02000296674668789,True
traffic_source_campaign_name_2344,target_business_004,97,68,16,0.39549184752140093,0.16143025967530908,32.23256018697108,0.13978222165277282,32.5699523583057,0.14318187439681948,34.56356201745946,50,0.04381687566637993,True
traffic_source_campaign_name_2345,target_business_004,522,393,79,0.22123940656174354,0.03166864422975907,13.462319989006946,0.025585678456141396,10.824123337050928,0.02689853948601988,10.953793815195416,50,0.010737168602645397,True
traffic_source_campaign_name_2352,target_business_003,95,67,15,0.20689188561485103,0.11262800225606659,40.915693008805256,0.09814537828036814,35.831120924506116,0.11567743239594075,46.135331725603535,50,0.08887012302875519,True
traffic_source_campaign_name_236,target_business_002,60,148,9,0.2637862631297133,0.09988586213679543,27.303660797177574,0.26950054578962784,51.45751537300607,0.26950054578962784,51.45751537300607,50,0.011909449473023415,True
traffic_source_campaign_name_2368,target_business_003,93,75,15,0.3835630695951245,0.4725496284905045,122.26895394681974,0.08537007653986935,20.440469051130794,0.09278735691494333,22.284541606702092,50,0.16630804538726807,True
traffic_source_campaign_name_2374,target_business_003,51,106,9,0.43126975366898224,0.22895244474063542,66.26095374160046,0.1162517474350916,27.105538687556397,0.12753996958763722,30.307686660286247,50,0.020442087203264236,True
traffic_source_campaign_name_2375,target_business_003,44,181,8,0.5715354527979571,0.2551701859213176,44.21955688544717,0.31771997960064335,97.11040595196046,0.34064596328115804,109.24004999513188,50,0.028860032558441162,True
traffic_source_campaign_name_2379,target_business_003,47,47,8,0.5326064352194319,0.5379858049574126,67.19298918581829,0.5466509526615597,68.07063888073576,0.5466509526615597,68.07063888073576,50,0.14301900565624237,True
traffic_source_campaign_name_2383,target_business_003,75,183,12,0.2798127720741509,0.20359754907536134,44.2013890888531,0.2418195376584638,67.16104240911886,0.24562622873025558,67.69593702023441,50,0.012654874473810196,True
traffic_source_campaign_name_2409,target_business_003,84,124,14,0.2995760988064282,0.570129366138209,87.4001443811749,0.054504884143723585,13.528689235814264,0.07273305740706523,15.94006222194749,50,0.03055891953408718,True
traffic_source_campaign_name_241,target_business_002,49,196,8,0.41630898265007754,0.5448059439659119,54.48059439659119,,,,,50,0.013677592389285564,True
traffic_source_campaign_name_2428,target_business_003,94,322,15,0.22303348900442418,0.10434821566827632,47.95580146764566,0.11767804310689495,58.46976913276482,0.11291365640138948,59.74897711043663,50,0.012629302218556404,True
traffic_source_campaign_name_243,target_business_002,52,540,9,0.4019659086615073,0.15084986047229768,22.940458387986023,0.09000227278980569,13.474212327057009,0.11686411196215607,17.136290755116544,50,0.004462699871510267,True
traffic_source_campaign_name_244,target_business_002,70,56,11,0.07151595342717039,0.028867947617459477,116.18196562800998,0.00437933609846441,20.826987029994555,0.00437933609846441,20.826987029994555,50,0.026465216651558876,True
traffic_source_campaign_name_2442,target_business_005,44,56,8,0.3132692865729801,0.06883790763727321,10.275939394826638,0.026209710010354104,3.8478685760651254,0.04086593898640751,5.729880038056393,50,0.033384744077920914,True
traffic_source_campaign_name_2445,target_business_005,44,61,8,0.3057507671454658,0.7097852260595863,138.51205687289584,0.05997791780479711,13.600953632257129,0.08830327127080338,19.23593281213872,50,0.08879508078098297,True
traffic_source_campaign_name_245,target_business_002,75,54,12,0.44733126364329745,0.03145429004559469,8.623476097403818,0.05340154771650586,15.822894842966267,0.058360427906951826,17.483469908870244,50,0.04676731303334236,True
traffic_source_campaign_name_2457,target_business_004,250,258,38,0.25467244100046327,0.1088012040020403,85.4929017287675,0.09090097115894494,54.76103055551002,0.10312869877537346,66.19340527292785,50,0.026421738788485527,True
traffic_source_campaign_name_2458,target_business_004,75,205,12,0.20788015414993954,0.15692455947304296,92.66508621631915,0.11030262734385837,66.30636275474072,0.12611101734354874,79.25558072600522,50,0.01858428679406643,True
traffic_source_campaign_name_2464,target_business_002,62,86,10,0.4312821885540545,0.1849469863047692,48.09526300587746,0.15409436385384584,45.838109859165435,0.13766094924413944,37.98746233637157,50,0.06537624448537827,True
traffic_source_campaign_name_2476,target_business_002,46,35,8,0.4444259224323105,0.4627255379131516,84.58247040520507,0.47652957418979797,100.61368517950291,0.47652957418979797,100.61368517950291,50,0.33375072479248047,True
traffic_source_campaign_name_2477,target_business_002,49,37,8,0.4646404360355253,1.123649729622735,895.8093346196481,,,,,50,0.2099456936120987,True
traffic_source_campaign_name_2478,target_business_002,46,32,8,0.3287225459093327,0.3871512438260443,110.35329217416788,0.5060993641874907,142.15996256060708,0.5060993641874907,142.15996256060708,50,0.07940587401390076,True
traffic_source_campaign_name_2479,target_business_002,55,39,9,0.3300341371572577,0.7125945006101911,337.7410847188286,0.04748069890288509,17.41249913808974,0.04748069890288509,17.41249913808974,50,0.22476963698863983,True
traffic_source_campaign_name_248,target_business_002,47,33,8,0.4045906591907658,0.9760190985609583,232.59794626560227,,,,,50,0.057245947420597076,True
traffic_source_campaign_name_2480,target_business_002,83,60,13,0.3275410431231157,0.7399431269769817,158.74121917129435,0.10229828488600418,18.831970277886473,0.1044556599067877,21.246212233495537,50,0.05845678970217705,True
traffic_source_campaign_name_2481,target_business_002,144,100,23,0.18030118149005853,0.17236285065368268,109.64931635212456,0.10867775862080721,55.58369411124241,0.10008613898664148,50.42636090563938,50,0.07727611064910889,True
traffic_source_campaign_name_2491,target_business_002,271,255,42,0.13649311249009588,0.08603634419970028,36.08328376754664,0.08136779840929183,35.91447758777342,0.0673997083702726,28.97524483005428,50,0.004273721482604742,True
traffic_source_campaign_name_2504,target_business_002,50,42,8,0.20244400344523242,0.12825134170685382,43.45247800219374,,,,,50,0.038841910660266876,True
traffic_source_campaign_name_2510,target_business_002,45,110,8,0.3567773187017816,0.26662743418488705,93.78059917136716,,,,,50,0.03137602284550667,True
traffic_source_campaign_name_2516,target_business_002,60,118,9,0.1900880362790057,0.0808790635080575,36.739555290477014,0.12117064268022418,35.73625528642829,0.12117064268022418,35.73625528642829,50,0.012425270862877369,True
traffic_source_campaign_name_2519,target_business_002,45,32,8,0.5474760186609796,0.04432290792110061,6.586939962497816,,,,,50,0.07116138935089111,True
traffic_source_campaign_name_252,target_business_002,47,49,8,0.4541721277841207,0.20392507358938036,41.174049970285424,0.09656423388817753,13.7573056385176,0.0989763051860211,14.060609863741597,50,0.12531423568725586,True
traffic_source_campaign_name_2521,target_business_002,44,32,8,0.31175522468679956,2.5229721169508736,678.6481005912951,,,,,50,0.16415613889694214,True
traffic_source_campaign_name_2523,target_business_002,85,87,14,0.25972357574439375,0.22916573693846412,174.42021023296869,0.07468422442604887,61.72219226186765,0.06509681014306659,55.34600297223326,50,0.052051179111003876,True
traffic_source_campaign_name_2525,target_business_002,94,78,15,0.3595235481503481,0.07244123438625807,72.91698611837161,0.072424250522274,67.1303530655635,0.07423341080713504,67.0205687670418,50,0.04666875675320625,True
traffic_source_campaign_name_2528,target_business_002,45,32,8,0.5498875172405492,0.06861107296961699,11.433004278911584,,,,,50,0.09996168315410614,True
traffic_source_campaign_name_2547,target_business_002,94,65,15,0.29393463847474366,0.23660609406792535,68.48147873663325,0.09627140720829472,24.096335452743006,0.08597720337318253,20.781472524138287,50,0.11684142053127289,True
traffic_source_campaign_name_256,target_business_004,99,90,16,0.3381113402246301,0.1573412923473837,486.722955088893,0.12015561042733114,499.42681956824293,0.09104911751438438,391.96958614587953,50,0.03916452080011368,True
traffic_source_campaign_name_2581,target_business_002,216,173,33,0.2136895040042765,0.17886994786091567,72.88714857165431,0.14143634081615614,54.416426817443195,0.1587367513728418,62.12384433636934,50,0.040356069803237915,True
traffic_source_campaign_name_2585,target_business_002,78,125,13,0.15459885007185778,0.1356155506263289,73.5078660332794,0.05722350926173432,29.27719675433526,0.05424439642797032,28.14156515092333,50,0.026278167963027954,True
traffic_source_campaign_name_2588,target_business_002,188,513,29,0.21722226674914077,0.16933194419458703,100.90183169947633,0.13205484227831987,62.45729255785065,0.13273342787999387,68.35465130870084,50,0.0067255510948598385,True
traffic_source_campaign_name_259,target_business_004,280,255,42,0.1696024174895975,0.06566607420082102,34.10152566372262,0.06528709711224619,32.3471082608956,0.05742999729965759,27.63348824561446,50,0.017427589744329453,True
traffic_source_campaign_name_2592,target_business_002,58,105,10,0.3021021589904084,0.16768229741914473,50.800471305112225,0.4160798527212059,141.119133985486,0.4160798527212059,141.119133985486,50,0.038070615381002426,True
traffic_source_campaign_name_2599,target_business_002,162,338,25,0.31199868843577183,0.138340928503646,49.288544398566366,0.1657463346381621,59.173099767701046,0.15166126166599206,57.434600261765446,50,0.03339036554098129,True
traffic_source_campaign_name_2619,target_business_002,245,398,38,0.20296605454694525,0.20410068056997047,85.06290655786019,0.14993137125646305,58.20823466178576,0.15033062139929051,62.16959870638002,50,0.008958587422966957,True
traffic_source_campaign_name_2620,target_business_002,51,41,9,0.31298009782977193,0.0850674676171897,25.45166199163143,0.0438897734131134,11.884382163721051,0.0438897734131134,11.884382163721051,50,0.10880671441555023,True
traffic_source_campaign_name_2624,target_business_002,45,52,8,0.32866203708110814,0.3616966518323427,153.90888648324855,,,,,50,0.06383051723241806,True
traffic_source_campaign_name_2628,target_business_002,159,528,25,0.22198830622242788,0.17209333193040305,101.4588934756912,0.11953359752992108,59.53413624543219,0.10983467263167894,53.47424326911809,50,0.006716434843838215,True
traffic_source_campaign_name_2631,target_business_002,74,489,12,0.2854076866247251,0.13840903659248416,36.872821901214785,0.09962173419323521,24.155964344548188,0.10943289229927161,26.38579785659819,50,0.006768067833036184,True
traffic_source_campaign_name_2632,target_business_002,111,336,18,0.26415898382717057,0.13595123937847636,47.7127434104981,0.1377170439893794,49.777114198656456,0.13176743586688375,45.69937165344708,50,0.006840997375547886,True
traffic_source_campaign_name_2633,target_business_002,62,106,10,0.2131887036328514,0.8008172509972513,461.4559489407962,0.04867371278170751,30.49359951090723,0.04867371278170751,30.49359951090723,50,0.049897246062755585,True
traffic_source_campaign_name_2651,target_business_002,193,199,30,0.2938395274906543,0.24380258250799045,86.59885135680588,0.21041814589437238,73.53326071213054,0.18764040042497906,61.33160806053268,50,0.04142409935593605,True
traffic_source_campaign_name_2657,target_business_002,142,386,22,0.20275811674381888,0.15323238609535159,64.2104726331648,0.15669851768750942,67.8687232030032,0.1394468769546336,59.81538599234645,50,0.005393416155129671,True
traffic_source_campaign_name_2658,target_business_002,73,63,12,0.03721242054882337,0.04384857695958479,147.7677740798726,0.005264709290744868,13.660529857070003,0.005462136829103334,14.11877455319607,50,0.02914435602724552,True
traffic_source_campaign_name_2664,target_business_002,76,87,12,0.38535282824296835,0.13304579652534948,51.12962177744234,0.07024490493407445,31.82986851101508,0.07056651998371284,32.863476510389425,50,0.05283815413713455,True
traffic_source_campaign_name_2667,target_business_001,46,56,8,0.3355212749016945,0.2985238212623572,33.92730120687418,,,,,50,0.05274509638547897,True
traffic_source_campaign_name_2673,target_business_002,84,59,14,0.34570241636663546,0.3077519357180324,156.95282802530244,0.23605044386671611,98.57891418762043,0.1977552912709367,80.12064119750953,50,0.052170854061841965,True
traffic_source_campaign_name_270,target_business_004,98,93,16,0.24532000598961687,0.15880495517821291,61.037565893713996,0.07442735494742508,30.14935270014022,0.08468480122774952,35.12171919341536,50,0.028074026107788086,True
traffic_source_campaign_name_273,target_business_004,52,44,9,0.15879035126443788,0.3500196287785052,58.6229900289969,0.39919423388176656,53.773013736875605,0.39919423388176656,53.773013736875605,50,0.013359447941184044,True
traffic_source_campaign_name_2737,target_business_002,59,187,10,0.40359934254838287,0.44327958555654134,130.26057723842462,0.24191816772038646,26.000509496467462,0.24191816772038646,26.000509496467462,50,0.011476832441985607,True
traffic_source_campaign_name_274,target_business_004,540,505,81,0.32979213590995793,0.08670552844680571,20.013131283056097,0.06986767971591326,18.262826300559134,0.06980681776909325,17.865325909851183,50,0.012106193229556084,True
traffic_source_campaign_name_2742,target_business_001,268,224,41,0.15168009929981574,0.06255481477995889,47.826192424893335,0.05102605672078507,34.78215415819064,0.062214617883707794,44.5411076391075,50,0.024719178676605225,True
traffic_source_campaign_name_2744,target_business_001,115,113,18,0.2943935411164589,0.146919491003917,61.738693946015076,0.10879336082875077,49.48781783690652,0.09106400123788892,42.042497737601295,50,0.02835959382355213,True
traffic_source_campaign_name_2746,target_business_001,54,39,9,0.2656931058612211,0.3351007805178952,49.00174061202611,0.15900857959961867,27.34597255424614,0.15900857959961867,27.34597255424614,50,0.1198558360338211,True
traffic_source_campaign_name_2748,target_business_001,308,241,47,0.21227159412963537,0.1059256011354383,32.25184315502895,0.09197419805807577,28.224848627814332,0.08433701186049503,25.464950602068647,50,0.018153859302401543,True
traffic_source_campaign_name_2749,target_business_001,103,233,16,0.16665539776020136,0.04437486818764931,34.05407283235721,0.043928291345085184,33.63005727677494,0.06035614655451628,47.69295102305476,50,0.007250213995575905,True
traffic_source_campaign_name_275,target_business_004,47,334,8,0.3894456218093773,0.19259445452730822,31.825489281003545,0.20262201289669998,25.665240104663923,0.20590348021241625,25.993386836235555,50,0.009529474191367626,True
traffic_source_campaign_name_2750,target_business_001,81,84,13,0.1405087313102033,0.18137970161294173,109.30461844432193,0.0845080039442648,58.51212289609836,0.0775910018359894,49.22001703116033,50,0.029783468693494797,True
traffic_source_campaign_name_2754,target_business_002,299,250,46,0.18191755683255872,0.09615700715730245,69.84865622307943,0.0757715525055617,59.588140108007494,0.06928347659633222,56.12114485808568,50,0.03663534298539162,True
traffic_source_campaign_name_2756,target_business_002,85,72,14,0.2558134858909326,0.17178456461878217,64.23416503287648,0.14602547211242867,45.3328421566965,0.14410616335498963,42.782676658566714,50,0.05409165099263191,True
traffic_source_campaign_name_2757,target_business_002,85,67,14,0.28765865313126676,0.12036009827420369,77.31151243795384,0.11548152797704447,63.67783827350743,0.09888207823779918,56.82439557066859,50,0.07645101845264435,True
traffic_source_campaign_name_276,target_business_004,282,213,43,0.21844456706276041,0.04127613435335123,13.013071604194757,0.029633405261211002,9.755408034841816,0.036097051385960754,12.087801587025252,50,0.03590520843863487,True
traffic_source_campaign_name_2764,target_business_002,53,54,9,0.2615055696044018,0.12712060430173577,71.39163040930916,0.1160133825038969,51.76420695504667,0.1160133825038969,51.76420695504667,50,0.0871620774269104,True
traffic_source_campaign_name_2767,target_business_004,104,81,17,0.11928438859839187,0.04377877380803299,63.2936526683985,0.014304533650189315,24.332164208282656,0.010906352957210493,18.54431470881291,50,0.03416425734758377,True
traffic_source_campaign_name_2768,target_business_004,328,253,50,0.32567370536787665,0.08816057792660606,38.445693166650194,0.07648348805604067,33.45846536680618,0.07263146451742923,31.929670368168512,50,0.019737649708986282,True
traffic_source_campaign_name_2769,target_business_004,130,92,20,0.2653710758278616,0.08835284765920844,62.27803181115955,0.04445285603335387,33.956316005069425,0.06496205935190598,45.88731743383852,50,0.027866916730999947,True
traffic_source_campaign_name_277,target_business_004,70,79,11,0.23101784254964283,0.7688505709647366,355.9123508456101,0.05580479569202742,19.41852893406145,0.05580479569202742,19.41852893406145,50,0.04171961545944214,True
traffic_source_campaign_name_2771,target_business_004,200,253,30,0.3449042144476349,0.030036541590291427,11.243809001113592,0.030434420573427136,11.008922704279906,0.032195329456723695,11.690939894306256,50,0.009603510610759258,True
traffic_source_campaign_name_2772,target_business_004,70,161,11,0.4804491138983592,0.08598277488841863,12.895519553724256,0.11296581344148482,16.6713624959251,0.11296581344148482,16.6713624959251,50,0.01522070448845625,True
traffic_source_campaign_name_2774,target_business_004,84,156,14,0.561161513997879,0.11223628276846356,17.197157783158215,0.041619232624620785,6.298874692832185,0.042525318212469264,6.395035150008875,50,0.022175457328557968,True
traffic_source_campaign_name_2775,target_business_004,111,153,18,0.5284042216678314,0.10998421518653125,20.41879019632833,0.0569737185734613,10.895619858067585,0.07390635058682803,14.089259672619766,50,0.025952091440558434,True
traffic_source_campaign_name_2778,target_business_004,44,100,8,0.0836254328740928,0.08907456093472851,217.73884845657037,,,,,50,0.005613327492028475,True
traffic_source_campaign_name_2781,target_business_004,139,98,22,0.38708202424672167,0.1804753643851499,45.753232932279886,0.18436436362711192,55.029066679475115,0.18115083752329147,54.568901487942135,50,0.04199397936463356,True
traffic_source_campaign_name_2783,target_business_004,315,221,48,0.3191789819908662,0.0688864458591073,26.35924393548608,0.07209914137461514,27.735206201229843,0.07149653486284484,28.757968745084266,50,0.020688310265541077,True
traffic_source_campaign_name_2784,target_business_004,161,113,25,0.3230733931867008,0.1514149176436516,79.9362842571397,0.15406184935514566,72.16989516927987,0.1480082161866959,68.54060373025327,50,0.032018207013607025,True
traffic_source_campaign_name_2787,target_business_004,94,70,15,0.35998451004044274,0.30763403800717426,50.44671431296188,0.12894611485291488,17.119522617498983,0.16972094645341848,22.702428861934962,50,0.044635478407144547,True
traffic_source_campaign_name_279,target_business_004,76,53,12,0.11185894901123301,0.09774753211313872,86.01339505465117,0.03824618064396136,28.03614502942151,0.040621667853937685,29.472110031468173,50,0.10674762725830078,True
traffic_source_campaign_name_2797,target_business_002,170,326,27,0.12742339921724297,0.04008599507607957,47.217862653537786,0.04091641624766736,43.799858545670006,0.03535015041656494,36.880561111023816,50,0.011871462687849998,True
traffic_source_campaign_name_2799,target_business_002,49,192,8,0.22139399763579395,0.1414198348718027,47.68439599232011,,,,,50,0.008842718787491322,True
traffic_source_campaign_name_280,target_business_004,72,89,12,0.14590463690167374,0.21282915760901747,58.14331137454807,0.1892228919136209,43.434525879746076,0.17166309514175562,37.00109501118711,50,0.028781162574887276,True
traffic_source_campaign_name_2800,target_business_002,49,194,8,0.2639805765959612,0.013967158975323635,5.120581910922765,,,,,50,0.03233395516872406,True
traffic_source_campaign_name_2804,target_business_002,54,129,9,0.29077077775589466,0.214651552598976,111.33153096737888,0.3153561011181333,317.69207223752704,0.3153561011181333,317.69207223752704,50,0.03285028040409088,True
traffic_source_campaign_name_282,target_business_004,58,52,10,0.24895895837532306,0.3168321262322405,62.11580147115855,0.06878513649326112,12.732905140346343,0.06878513649326112,12.732905140346343,50,0.04730133339762688,True
traffic_source_campaign_name_284,target_business_004,59,42,10,0.26058073053635916,0.4168687988241409,59.55174929394875,0.08798681272391617,11.869227283643518,0.08798681272391617,11.869227283643518,50,0.1559244692325592,True
traffic_source_campaign_name_285,target_business_004,52,37,9,0.38370399057389104,0.6961311053650624,78.91178401622143,0.21449395605028765,22.89176292758408,0.21449395605028765,22.89176292758408,50,0.14638899266719818,True
traffic_source_campaign_name_286,target_business_004,94,66,15,0.19195714752868098,0.3063096815290444,77.89407527216966,0.22788750222837867,57.5153244300129,0.23196234818133527,59.31026760472922,50,0.05185188725590706,True
traffic_source_campaign_name_287,target_business_004,83,58,13,0.22818342328642363,0.38920565804168517,82.57835573436908,0.2607063098920982,44.32865577237091,0.27421656413329243,46.05618154599619,50,0.09031611680984497,True
traffic_source_campaign_name_289,target_business_004,55,39,9,0.08707703329042141,0.1449874897924498,218.87653113908928,0.05568859679051941,65.20177767420961,0.05568859679051941,65.20177767420961,50,0.12612824141979218,True
traffic_source_campaign_name_290,target_business_004,56,58,9,0.41936888002082073,0.15427217974798596,16.30922337056144,0.20331487865176368,25.5201048951049,0.20331487865176368,25.5201048951049,50,0.03981569781899452,True
traffic_source_campaign_name_291,target_business_004,337,235,52,0.17721178757735834,0.12131522622762721,52.70997240226097,0.06959818971180448,29.396812117372768,0.060315999538548444,24.886542741019042,50,0.025420211255550385,True
traffic_source_campaign_name_294,target_business_004,118,83,19,0.25336389263326453,0.11194299735921849,18.133461617852888,0.13633165890882856,22.516911678272695,0.13445006580615268,21.155068483175132,50,0.034651920199394226,True
traffic_source_campaign_name_295,target_business_004,69,49,11,0.4127055690672273,0.28347655095760826,46.894606914097864,0.1649438979636966,27.981918507018825,0.1649438979636966,27.981918507018825,50,0.1268197000026703,True
traffic_source_campaign_name_297,target_business_004,92,335,15,0.19342635286632454,0.05802086682321575,21.30438716441255,0.031625200467636595,10.883665519952295,0.03827088493044504,13.673393848473994,50,0.008546190336346626,True
traffic_source_campaign_name_299,target_business_004,77,150,13,0.21233205067124408,0.16786818953466476,49.628112181215386,0.17465664768517933,44.789562791210074,0.15746647102977676,36.71761044078047,50,0.017985574901103973,True
traffic_source_campaign_name_301,target_business_004,101,117,16,0.19177404420962665,0.15895373064703047,99.84963898516104,0.11464908949191153,78.5611123872901,0.11273629271847393,82.49654968870266,50,0.01957806572318077,True
traffic_source_campaign_name_305,target_business_004,80,107,12,0.14260187309555422,0.04733553216559744,21.312912062719533,0.059291398418565365,28.310542488436585,0.05703621638583765,26.835951673470475,50,0.017735425382852554,True
traffic_source_campaign_name_311,target_business_004,372,365,57,0.24938673881696477,0.11326092360245743,28.291342796606635,0.09880061300475419,30.11335161210731,0.10752158768020094,34.665013973522946,50,0.01181472185999155,True
traffic_source_campaign_name_315,target_business_004,238,167,37,0.41104561431016023,0.17485396262794783,27.50352288320871,0.12780542749235432,21.456631884651653,0.12654678466639607,22.24130319721046,50,0.014853531494736671,True
traffic_source_campaign_name_319,target_business_004,196,305,30,0.17735502435800857,0.06067132934395729,2143.586764615404,0.05696354366056298,1935.2320285444246,0.054318878444128034,2104.4189226865187,50,0.0051127164624631405,True
traffic_source_campaign_name_327,target_business_002,45,53,8,0.3551234952981677,0.05930724126557484,24.042986689737667,0.019165453663270188,7.588856868395749,0.019165453663270188,7.588856868395749,50,0.06978920847177505,True
traffic_source_campaign_name_329,target_business_002,71,200,12,0.28309422087216846,0.07318455253027462,25.666304592193008,0.04758799924847317,16.489064975729207,0.06077644855300787,19.752104114971107,50,0.026168102398514748,True
traffic_source_campaign_name_330,target_business_002,127,168,20,0.13590336472178033,0.06707309062214113,34.54338768268989,0.06625858532164511,32.01793455279594,0.0605628158142632,29.085122112598405,50,0.00819837860763073,True
traffic_source_campaign_name_332,target_business_002,446,392,68,0.23732838804354192,0.11889648143829784,40.901391325814004,0.10368597873435235,34.67533582969601,0.09869067189724304,33.26858500020874,50,0.03566913306713104,True
traffic_source_campaign_name_334,target_business_002,194,196,30,0.09053987505638228,0.09624017381234998,144.43795263275783,0.024683593161637443,33.14194778706571,0.023255458127888113,29.48468495165165,50,0.02044806070625782,True
traffic_source_campaign_name_336,target_business_002,119,104,19,0.18578990314362398,0.1712541354618903,48.87457719387459,0.1314424704216725,30.57770247231279,0.1298345123449706,30.01883826107093,50,0.03365645930171013,True
traffic_source_campaign_name_340,target_business_002,107,75,17,0.22388213754826383,0.09124488671254996,31.687868853100813,0.08631793412685981,29.55589060121869,0.07659685228330956,25.970671448531185,50,0.06331843137741089,True
traffic_source_campaign_name_344,target_business_002,80,57,12,0.13658740294440577,0.3392148178005805,153.21306690032483,0.3276951736192498,109.7367504756403,0.3057493917404781,91.650917108477,50,0.04900214076042175,True
traffic_source_campaign_name_345,target_business_002,136,215,21,0.3742148291573312,0.16977609792960788,25.97816406886328,0.16561755715679413,26.733303211763154,0.14124710032160573,22.5266436146702,50,0.02688034065067768,True
traffic_source_campaign_name_346,target_business_002,58,187,10,0.27478872550437045,0.1610473240101328,33.76119473115322,0.1749897532584638,34.50338804367987,0.1749897532584638,34.50338804367987,50,0.005823858547955751,True
traffic_source_campaign_name_347,target_business_002,62,178,10,0.4946834343734275,0.11341761465797329,26.48739066330863,0.05764081632378192,11.0667971658778,0.07209741840972651,14.337487388704176,50,0.015346639789640903,True
traffic_source_campaign_name_349,target_business_002,186,211,29,0.26800734920198627,0.1377493666508302,41.5666743479515,0.08812632327088951,29.715789640379388,0.11166455853891873,34.05512059251119,50,0.020119447261095047,True
traffic_source_campaign_name_356,target_business_002,110,89,17,0.19057221308296055,0.10750633734267773,50.17528148389962,0.07387319284146787,36.33089644015697,0.07520211689817503,38.28572182625223,50,0.06357559561729431,True
traffic_source_campaign_name_358,target_business_002,69,48,11,0.37243309242617306,0.0959343822661222,13.98694045354884,0.18624806225151408,32.22979420760615,0.17395152961052515,29.195292050349575,50,0.0469852089881897,True
traffic_source_campaign_name_359,target_business_002,156,118,24,0.2982333138568745,0.24575802599248206,89.57477392262044,0.20360350128290847,81.15083790814136,0.23329793906041957,86.60283880008033,50,0.030976552516222,True
traffic_source_campaign_name_362,target_business_002,110,114,17,0.21063464838265328,0.179709021234659,49.512256847444405,0.17532755668021371,49.15718957174052,0.16096253604322389,45.61818859221012,50,0.02621162123978138,True
traffic_source_campaign_name_363,target_business_002,241,194,37,0.14740427036192214,0.0880640540071182,47.37444149952053,0.08325533189322422,35.15477641767214,0.08240509754011575,31.45277458991003,50,0.021916309371590614,True
traffic_source_campaign_name_366,target_business_002,78,56,13,0.2410046142706196,0.1724457995797723,44.12329255454495,0.12843368257130808,36.83742405701102,0.16307337999120844,49.420697425468255,50,0.04376349598169327,True
traffic_source_campaign_name_368,target_business_002,71,122,12,0.21568368556872133,0.20485419588243842,63.025253858766796,0.08270761426202419,27.043126687684683,0.13254208128509531,48.81774664385201,50,0.01875290647149086,True
traffic_source_campaign_name_369,target_business_002,108,77,17,0.20895755265952176,0.09399789678416806,36.77598694406201,0.07416270355959075,34.31336367234126,0.08364478148670758,40.377063115101684,50,0.04928086698055267,True
traffic_source_campaign_name_370,target_business_002,141,102,22,0.28491469921685314,0.10221935614080464,36.829621867842185,0.06801591766124102,22.784582448883683,0.06661339129734735,22.938163988268347,50,0.0497140996158123,True
traffic_source_campaign_name_373,target_business_002,108,76,17,0.19574387617539385,0.22570602238001541,131.47642748122288,0.09315019221915112,57.713020156818814,0.08045075509135742,48.90231769050632,50,0.06410899758338928,True
traffic_source_campaign_name_380,target_business_002,98,217,16,0.3506524261430833,0.15789543722579813,27.847782611590688,0.22537332776368801,48.72795353008412,0.19254335011456117,38.07375520753224,50,0.025405868887901306,True
traffic_source_campaign_name_383,target_business_002,56,110,9,0.279183155961666,0.09413216802375594,33.12303695792073,0.059587623957401754,16.98876106646086,0.06751238231706877,20.465405327116667,50,0.03197942301630974,True
traffic_source_campaign_name_384,target_business_002,65,149,11,0.21757162237693467,0.2520421901703692,61.379338827338145,0.32648712141661124,51.787185224750246,0.32648712141661124,51.787185224750246,50,0.02255304902791977,True
traffic_source_campaign_name_385,target_business_002,114,258,18,0.24397886833070886,0.080323359293326,29.175947251382773,0.056636443622656366,16.566990834587646,0.07479107850253444,22.18466830354785,50,0.009748324751853943,True
traffic_source_campaign_name_386,target_business_002,111,247,18,0.38871096451395587,0.12375607160304213,50.998677357905244,0.10281567227426973,44.56495948812964,0.09133951512413188,39.32336642148777,50,0.023565616458654404,True
traffic_source_campaign_name_387,target_business_002,79,221,13,0.2636695825761129,0.1839696760865551,28.289650313690217,0.2533250591663777,45.97668840856081,0.22181110911210017,38.91316972457969,50,0.015966499224305153,True
traffic_source_campaign_name_388,target_business_002,68,197,11,0.2975959929818572,0.18785858396930968,44.88430977134115,0.0989226734156826,26.538693918305174,0.16634937948165593,43.48511174593243,50,0.01734187640249729,True
traffic_source_campaign_name_389,target_business_002,71,184,12,0.2483802347417425,0.10924536070460018,26.654106190340354,0.04323665681948357,12.751669112660815,0.07894857392949943,23.145953348962138,50,0.009011573158204556,True
traffic_source_campaign_name_394,target_business_002,389,566,59,0.13030381358054677,0.03322750836506486,38.87278675704904,0.027407798245772688,27.717742279726608,0.02658312459921825,28.2291510524678,50,0.0058748251758515835,True
traffic_source_campaign_name_396,target_business_001,317,238,49,0.18555052326472438,0.23061135325724788,154.10256534381242,0.08935804143610493,52.075815620315524,0.1014100409418487,64.8428140837205,50,0.019192153587937355,True
traffic_source_campaign_name_397,target_business_001,83,64,13,0.35512585179523615,0.19740256350670768,79.1678976885655,0.19081447366249027,57.672971397890215,0.17418302271964434,51.012040235159695,50,0.1323753297328949,True
traffic_source_campaign_name_398,target_business_001,60,45,9,0.4503678027400871,0.20217052536370073,80.74648099639062,0.15545061911470304,72.55494803748338,0.15545061911470304,72.55494803748338,50,0.13503077626228333,True
traffic_source_campaign_name_399,target_business_001,207,215,32,0.15332155672195272,0.09187249474774803,58.97881642901686,0.09193796584716825,70.1691461725769,0.07964536910195268,55.176281852379816,50,0.013069753535091877,True
traffic_source_campaign_name_401,target_business_001,119,121,19,0.28535149913254476,0.1560102441721665,108.78459150828203,0.08625385240754001,50.552177960161025,0.10002143284751235,59.02831634053152,50,0.08494598418474197,True
traffic_source_campaign_name_402,target_business_001,86,61,14,0.3829749682511963,0.22615804853987131,37.9614183990841,0.22904593325998748,37.883066518986666,0.20940944472893266,32.32027511191315,50,0.043494436889886856,True
traffic_source_campaign_name_404,target_business_001,189,370,29,0.27949738554552944,0.17970673585217156,58.8702894148417,0.1797941878786221,69.59759198651804,0.16558875956697408,63.03413190784648,50,0.02828040160238743,True
traffic_source_campaign_name_405,target_business_001,119,101,19,0.20472612360008752,0.20010973993500744,152.9128170927845,0.026836748938075777,18.5706350299677,0.030919419382721792,20.045814182820763,50,0.04181980714201927,True
traffic_source_campaign_name_406,target_business_001,57,51,10,0.5121586362888771,0.3000566443474538,42.7518789123766,0.17034425085272545,30.16109295853174,0.17034425085272545,30.16109295853174,50,0.06510642915964127,True
traffic_source_campaign_name_407,target_business_001,57,65,10,0.3154197999164856,0.11621639751504156,53.741003256409336,0.06809640483968772,31.525501231260574,0.05936392358129996,27.083324142791295,50,0.08580613881349564,True
traffic_source_campaign_name_408,target_business_001,304,231,47,0.2424471768707603,0.10054523006221604,41.78585610220331,0.12256216792659806,64.0445212747543,0.10203100602665448,48.73851909143512,50,0.03087778016924858,True
traffic_source_campaign_name_409,target_business_001,80,60,12,0.34345065626547794,0.1477393644315779,53.3908468117107,0.16463769627138672,48.14756702432934,0.16520771964582082,48.661912125324235,50,0.12782904505729675,True
traffic_source_campaign_name_411,target_business_001,150,120,23,0.29210537555677585,0.1254446676177835,74.5999198292696,0.07694917322594425,43.63210074584467,0.07438368318222402,43.75973455856106,50,0.05037115886807442,True
traffic_source_campaign_name_412,target_business_001,326,337,50,0.2647643061168472,0.1335789820806536,58.26084391219442,0.1397130353275318,53.64861973849659,0.13466985553436034,53.86017776237654,50,0.03298319876194,True
traffic_source_campaign_name_417,target_business_001,86,62,14,0.3300805110883277,0.2891761033007972,74.79634224243875,0.18437159865614214,31.835216537142262,0.14307695198095574,22.073375240796132,50,0.056228671222925186,True
traffic_source_campaign_name_418,target_business_001,218,191,34,0.23902956328063793,0.1393622859274574,81.41413439952689,0.06508386078960289,26.71402188733627,0.068906608788528,30.605697257568938,50,0.026192212477326393,True
traffic_source_campaign_name_421,target_business_001,128,337,20,0.2702881628393088,0.19880237904763323,50.54717607446283,0.16829746271076526,48.97364902575883,0.1732264134009635,45.18849266597165,50,0.015146116726100445,True
traffic_source_campaign_name_425,target_business_001,46,47,8,0.37339854707529563,0.2634388066829223,29.19516452589353,,,,,50,0.06931265443563461,True
traffic_source_campaign_name_428,target_business_001,60,43,9,0.19488016056884802,1.7056826154299096,2447.0291689877727,0.1281092347234876,1553.8942245654205,0.1281092347234876,1553.8942245654205,50,0.435556024312973,True
traffic_source_campaign_name_438,target_business_003,53,160,9,0.19409932172184766,0.11025362889045622,83.49752708370404,0.09827963483472317,45.52345708204466,0.09827963483472317,45.52345708204466,50,0.01375768892467022,True
traffic_source_campaign_name_439,target_business_003,48,161,8,0.21088429771537673,0.02937589848742772,20.487806124564983,,,,,50,0.0077677033841609955,True
traffic_source_campaign_name_440,target_business_003,77,126,13,0.30787030865384873,0.11523886277228268,34.30958234497145,0.117029150468719,37.95736550616452,0.09969913844429659,31.945839503468505,50,0.028554432094097137,True
traffic_source_campaign_name_441,target_business_003,47,113,8,0.2810616983508842,0.09962051840008912,26.777885318680188,,,,,50,0.014875059016048908,True
traffic_source_campaign_name_444,target_business_003,80,95,12,0.27559136801598355,0.16941584614698735,95.3472359068613,0.05029636400995623,29.042871438866868,0.05468797428748884,32.28788955480889,50,0.024675337597727776,True
traffic_source_campaign_name_446,target_business_003,50,119,8,0.3234755945542633,0.18931146206031252,50.77985454830526,,,,,50,0.01758730597794056,True
traffic_source_campaign_name_450,target_business_003,83,66,13,0.16078553907672347,0.07800335073029643,119.01894446475289,0.03143229270804857,28.727022663377948,0.03490079797840624,30.448757769548624,50,0.046864546835422516,True
traffic_source_campaign_name_453,target_business_003,66,96,11,0.23841433555088215,0.12350936239046904,87.30709816384635,0.03334513067485198,21.380580013362803,0.03334513067485198,21.380580013362803,50,0.02655811421573162,True
traffic_source_campaign_name_454,target_business_003,56,122,9,0.4398559070019842,0.32883565942012793,55.03256512371449,0.6056118472330476,153.55731225296446,0.6056118472330476,153.55731225296446,50,0.01371715683490038,True
traffic_source_campaign_name_455,target_business_003,65,130,11,0.31849017218230585,0.2024096524018279,65.24350179103727,0.12138494675259383,34.91275691824481,0.12138494675259383,34.91275691824481,50,0.012977538630366325,True
traffic_source_campaign_name_457,target_business_003,50,349,8,0.4999903437883152,0.6169205703973257,245.45284283573855,,,,,50,0.015620056539773941,True
traffic_source_campaign_name_458,target_business_003,129,124,20,0.406791803223351,0.14652462390238782,32.22591061398782,0.09163962053517909,19.786872176179457,0.08578051433789957,18.020950252265333,50,0.051320139318704605,True
traffic_source_campaign_name_459,target_business_003,256,351,39,0.2990869863853546,0.11191755526489297,23.967366103892587,0.08572155652684958,18.06057861354934,0.10477083963318869,23.613636930835852,50,0.012726067565381527,True
traffic_source_campaign_name_461,target_business_003,193,332,30,0.13875713695854092,0.13783270362290906,33.13753542253626,0.1149004533121704,38.53894882692715,0.12629917802949753,41.47502135578256,50,0.0038644534070044756,True
traffic_source_campaign_name_462,target_business_003,106,270,17,0.09008264936875945,0.09009782921798139,37.528745280204014,0.06663094323355814,22.703706745849104,0.07855620488002146,29.865661597178235,50,0.011950657702982426,True
traffic_source_campaign_name_463,target_business_003,99,295,16,0.14304017517563755,0.07141088351973916,33.49277161580333,0.0387045082288303,19.042059756988145,0.043523640385386954,20.375834916610092,50,0.042543571442365646,True
traffic_source_campaign_name_464,target_business_003,101,291,16,0.2216874881712932,0.13523601735187066,31.024604738803095,0.08659463729302513,21.989560653352253,0.1076056145945196,28.225138786587877,50,0.014694172888994217,True
traffic_source_campaign_name_465,target_business_003,118,268,19,0.28198142721562225,0.14386813275171542,42.43706877903073,0.06090221564333591,21.008854507136913,0.0668435535270553,22.35962029479655,50,0.013067379593849182,True
traffic_source_campaign_name_466,target_business_003,118,261,19,0.2575844397444233,0.11884893517234546,35.670676295656165,0.08155250122102099,25.287614451242824,0.09626677286295496,29.912927403240065,50,0.008085758425295353,True
traffic_source_campaign_name_467,target_business_003,103,276,16,0.21941000978359268,0.21839484492786035,65.4370360606284,0.17240432997075567,46.73108217369427,0.18930600450363855,55.69992693264607,50,0.014822649769484997,True
traffic_source_campaign_name_468,target_business_003,107,256,17,0.3113116484928565,0.2108892845432099,35.25382419279682,0.12332911789576012,25.849795782088258,0.15693705992341708,31.6378511102217,50,0.012052061967551708,True
traffic_source_campaign_name_469,target_business_003,87,245,14,0.12811800726138753,0.1419535599140553,48.38076036204149,0.11357599031493945,37.90594306531782,0.09159123850056772,32.30652805481123,50,0.014084290713071823,True
traffic_source_campaign_name_470,target_business_003,90,184,15,0.1270076983896687,0.08756300585737431,41.372560607272064,0.037320757267992465,15.398029934627717,0.039029159636519574,15.387326216801267,50,0.00853380560874939,True
traffic_source_campaign_name_471,target_business_003,90,237,15,0.181517592037041,0.18956310460980375,42.28348161517352,0.20752870387293618,48.04876643917511,0.1860149450508987,41.210314919892014,50,0.012532565742731094,True
traffic_source_campaign_name_472,target_business_003,154,349,24,0.16709489835510688,0.18550681997597068,57.076666977976345,0.0961664497958273,30.99187899157203,0.11873556056898808,36.92580621989827,50,0.00828673504292965,True
traffic_source_campaign_name_473,target_business_003,80,225,12,0.1976263679623096,0.2954918168006771,77.66499129730245,0.09462228641857152,26.312424745156022,0.1276242928152014,39.621526864329006,50,0.015854323282837868,True
traffic_source_campaign_name_474,target_business_003,96,214,15,0.35196038523165346,0.20183244194625746,41.188575395853974,0.19705220549645125,35.53074396560769,0.16922105826762493,28.453307486662442,50,0.014423463493585587,True
traffic_source_campaign_name_475,target_business_003,92,211,15,0.1656139285902414,0.12868384406528455,26.41352374187948,0.15404028519163496,30.240891837733137,0.14745439364741622,27.43272279290208,50,0.023208659142255783,True
traffic_source_campaign_name_476,target_business_003,89,199,14,0.1375812985292505,0.16625428822501606,91.36905737271806,0.086975367912496,38.55750471923984,0.08269233455943932,37.03064194207224,50,0.014244728721678257,True
traffic_source_campaign_name_477,target_business_003,71,185,12,0.2374859521979346,0.1445954537564007,60.2977774332372,0.09642479860896179,38.60663619278807,0.11335302952425168,51.58477407037194,50,0.010850775055587292,True
traffic_source_campaign_name_478,target_business_003,133,373,21,0.2484226336121371,0.16154319910310191,31.878151591117167,0.11010552669261074,21.509702755991928,0.1378748715931366,28.504803189599574,50,0.007250097580254078,True
traffic_source_campaign_name_479,target_business_003,130,366,20,0.22670810746785677,0.1394531594934272,41.149653806924356,0.121819622238815,34.12165402110977,0.13035184902715427,37.93092529428759,50,0.007541656028479338,True
traffic_source_campaign_name_480,target_business_003,117,298,19,0.232993933593419,0.14199164981019385,31.791242547841698,0.08561971609717224,19.152595982237603,0.11749722887414087,28.62072616917462,50,0.009189309552311897,True
traffic_source_campaign_name_481,target_business_003,150,289,23,0.2065634619685338,0.10753198155054082,30.63492457286111,0.09313004935306846,29.987905758692378,0.08169838825637742,24.188329141983672,50,0.01389122474938631,True
traffic_source_campaign_name_482,target_business_003,131,357,21,0.20888814306365963,0.1816856754032371,42.74345832488271,0.08372859274580294,19.657932223660776,0.11167824060537822,26.281719003390926,50,0.02398410625755787,True
traffic_source_campaign_name_483,target_business_003,124,317,20,0.19340567988103022,0.13262295817771516,29.677498269971075,0.07605310638324493,17.0124328051922,0.09328800615592758,20.055149599858783,50,0.008756712079048157,True
traffic_source_campaign_name_484,target_business_003,114,307,18,0.19804508011387284,0.14118920645406352,42.83026125966185,0.11450650279835803,34.88491367763415,0.10783078289254559,35.423427549448625,50,0.016913877800107002,True
traffic_source_campaign_name_485,target_business_003,191,392,30,0.25572079214712096,0.10436406446684436,24.357118876749823,0.09796825585619598,24.863086574371476,0.09003870101784882,22.805611729089804,50,0.008350756950676441,True
traffic_source_campaign_name_486,target_business_003,73,210,12,0.4032110506708827,0.1709623970557747,19.74368891473964,0.14012020921635165,16.029295271380466,0.1475963778258358,16.8206531264978,50,0.012362428940832615,True
traffic_source_campaign_name_487,target_business_003,65,55,11,0.19133693252902922,0.17206041570405162,62.98844470377878,0.06959703703703703,34.511071272770266,0.06959703703703703,34.511071272770266,50,0.04070393368601799,True
traffic_source_campaign_name_489,target_business_003,61,52,10,0.25553507536266357,0.2776080384683384,48.18051522537585,0.49410213020107513,181.14566412091412,0.49410213020107513,181.14566412091412,50,0.05347892642021179,True
traffic_source_campaign_name_496,target_business_003,134,138,21,0.34740094715327224,0.2364700288508637,104.36356425626528,0.167725606576973,70.48098903137135,0.2089139044993999,92.4649707404669,50,0.02882305532693863,True
traffic_source_campaign_name_498,target_business_001,258,195,40,0.2306402400361789,0.172800977125602,58.0761078638477,0.1561867073239203,51.36199815483556,0.15014393462658343,54.02301012476596,50,0.03337995335459709,True
traffic_source_campaign_name_500,target_business_001,393,277,60,0.18350153240426303,0.10998810949867872,59.05535092400692,0.07225559561204746,37.11757171939079,0.07209957230543788,38.908849470831925,50,0.03792691230773926,True
traffic_source_campaign_name_502,target_business_001,104,74,17,0.27605327843403393,0.09488120158566317,50.02994503347106,0.02551330879259699,12.032557839831975,0.03442631102516422,16.918451333106724,50,0.04496537148952484,True
traffic_source_campaign_name_503,target_business_001,83,60,13,0.14975125805826092,0.06335905756723274,36.7248175267857,0.029997488190443806,18.43567842437805,0.0327036672419521,20.474698635123264,50,0.029816970229148865,True
traffic_source_campaign_name_505,target_business_001,77,55,13,0.2226631520993391,0.3096664402129197,66.45447949363935,0.18117399495950476,27.645846369504902,0.1767057060363601,27.51064868310117,50,0.13276928663253784,True
traffic_source_campaign_name_506,target_business_001,87,61,14,0.152235587282685,0.18459264939710973,63.72079593794451,0.22363411804025685,80.7914631623195,0.18826794881512457,58.63356025193329,50,0.036922637373209,True
traffic_source_campaign_name_507,target_business_001,95,66,15,0.2650338815077312,0.24903969637448398,81.66908927176783,0.05901573081765655,17.46030854991232,0.06362954609417572,17.936767897935564,50,0.04199587553739548,True
traffic_source_campaign_name_508,target_business_001,88,74,14,0.29747616710177005,0.30046450052894624,79.32056425472078,0.15978831870162036,38.99901805509255,0.1559065858107256,41.67095319628938,50,0.0733826532959938,True
traffic_source_campaign_name_509,target_business_001,94,85,15,0.2852018600214182,0.06817618548358007,21.427294860461146,0.08404901715872981,27.668218458802635,0.08075963217047791,26.460469308025047,50,0.037677522748708725,True
traffic_source_campaign_name_510,target_business_001,91,80,15,0.340360450651465,0.13392248784938102,29.542563120913034,0.10871135126475408,23.938030684709187,0.12436486169255086,26.609762413118755,50,0.055894315242767334,True
traffic_source_campaign_name_511,target_business_001,66,51,11,0.25771645842816676,0.34177488987664006,125.24623652949461,0.18371340755577203,62.2437765944903,0.18371340755577203,62.2437765944903,50,0.12116921693086624,True
traffic_source_campaign_name_512,target_business_001,59,41,10,0.17499743462655717,0.5240091590931295,89.60168669111782,0.08763801710246027,28.214049298272492,0.14123442510503698,43.53624511926969,50,0.14786633849143982,True
traffic_source_campaign_name_515,target_business_001,183,129,28,0.21979459264542517,0.1299445952866888,27.854500036085344,0.10783058502431475,24.862230370308662,0.12272578992220455,26.764141471570973,50,0.01901313103735447,True
traffic_source_campaign_name_518,target_business_001,72,94,12,0.31759771640944,0.24261364060833487,38.477119823794546,0.22933379276519,34.4233499126273,0.2348459816786026,35.272461564432476,50,0.025871964171528816,True
traffic_source_campaign_name_520,target_business_001,56,40,9,0.39814489548693077,0.8282222505832104,132.25202082246204,0.18756458835687229,34.175427585124766,0.18756458835687229,34.175427585124766,50,0.07956322282552719,True
traffic_source_campaign_name_523,target_business_001,74,52,12,0.19054796990900655,0.2859625465274845,531.5326732674548,0.3550431132708751,1056.737216517201,0.3334572375375734,918.6232347922565,50,0.08954121917486191,True
traffic_source_campaign_name_529,target_business_001,120,84,18,0.2992349726510375,0.21855900477983903,68.21546442641724,0.13000536070064064,30.761364625963328,0.19170211753085237,49.25411379697933,50,0.04635312408208847,True
traffic_source_campaign_name_530,target_business_001,166,147,26,0.31355928993568355,0.15533833258713725,31.91316885029305,0.12319186004807348,26.8706768076258,0.12954760487386296,26.591779668845273,50,0.027995824813842773,True
traffic_source_campaign_name_531,target_business_001,199,161,31,0.18388593379577328,0.06488029590072651,31.085053450906443,0.07348965720940806,40.1213826184758,0.06639135810648242,35.165885780303995,50,0.02310129813849926,True
traffic_source_campaign_name_533,target_business_001,136,175,21,0.18100336377566104,0.16419632264099088,72.6298972862766,0.08928210919869715,33.31344895001752,0.083884666392142,28.32475943561064,50,0.022915534675121307,True
traffic_source_campaign_name_536,target_business_001,73,209,12,0.34921001428963805,0.059117563136596316,12.570607452102491,0.07448181270296658,15.30861588496627,0.07965413918939562,16.532683220604422,50,0.01745135523378849,True
traffic_source_campaign_name_537,target_business_001,49,40,8,0.2428659722525773,0.07162610525139845,13.542530863876184,,,,,50,0.08175800740718842,True
traffic_source_campaign_name_541,target_business_001,79,70,13,0.1523152991803154,0.10935110135970068,38.99380658529175,0.15255493371186432,143.85607768735758,0.15492688062509857,145.68860687909734,50,0.018865928053855896,True
traffic_source_campaign_name_545,target_business_001,283,211,43,0.1903207238084088,0.11756312390953876,79.6908760012936,0.08157307520203619,63.883802448959905,0.08724310708227803,62.874114974393954,50,0.04020516201853752,True
traffic_source_campaign_name_546,target_business_001,185,151,29,0.1763005872840633,0.14515887665828361,78.12414557111687,0.09751540688445602,56.45412668021614,0.10443987904424258,58.3112672318554,50,0.013536485843360424,True
traffic_source_campaign_name_549,target_business_001,163,122,25,0.20529325173350774,0.23443030731698716,56.522356770147695,0.22386576601059585,56.32749603642881,0.19538035969363624,49.12548216599362,50,0.0292686615139246,True
traffic_source_campaign_name_550,target_business_004,48,54,8,0.6103050685732637,0.13219305081373176,14.783546394753595,0.10198406174967223,11.696223501115993,0.10334356356887181,11.83217368303595,50,0.03782908245921135,True
traffic_source_campaign_name_552,target_business_004,432,311,66,0.21634895300668977,0.0898136607295047,23.037792590409985,0.08072428649230147,21.963100045338436,0.10861848867181607,27.430753591574202,50,0.031173517927527428,True
traffic_source_campaign_name_553,target_business_004,91,72,15,0.4336249942782937,0.5070716225836943,76.02973297925402,0.1279648325033909,16.983797427206614,0.13261096822519294,17.378992709405342,50,0.06212322413921356,True
traffic_source_campaign_name_554,target_business_004,381,554,58,0.08278642838343178,0.010264764371821765,43.790841552706596,0.004671972472926109,17.414973120391476,0.0048333270043651065,18.128488124968015,50,0.0029567405581474304,True
traffic_source_campaign_name_555,target_business_004,363,263,55,0.2565801586683501,0.05910603105230377,19.179575878658824,0.061590531944238316,19.441433274143037,0.06114316229852005,18.61458090576662,50,0.01101077813655138,True
traffic_source_campaign_name_557,target_business_002,250,202,38,0.20155147943512938,0.11690649353783827,110.54539866754396,0.08883958922957493,65.65663121833325,0.0844221756791713,62.61445607551561,50,0.043138958513736725,True
traffic_source_campaign_name_558,target_business_002,102,73,16,0.15267470073006095,0.16422859772752638,224.7297852744297,0.13548721091000504,219.1184573001122,0.12431292869711989,163.8035049027245,50,0.022110339254140854,True
traffic_source_campaign_name_561,target_business_002,128,124,20,0.18587248895842645,0.12365718419278621,73.26899956083393,0.09770341181265328,55.56148149176592,0.076595949898949,41.48991856774838,50,0.042660098522901535,True
traffic_source_campaign_name_562,target_business_002,153,114,24,0.219562224672126,0.16991152603607304,82.07418499846162,0.13564819188321736,56.46801316650358,0.12057676646198148,49.48780103033095,50,0.05187387019395828,True
traffic_source_campaign_name_563,target_business_002,48,70,8,0.17391060536730596,0.2077658957337793,76.66385674195821,,,,,50,0.012413432821631432,True
traffic_source_campaign_name_566,target_business_002,118,99,19,0.37022522219355614,0.10649251440727972,70.72505262853898,0.04942188375470096,25.43364297822155,0.05570970393487123,32.27005699437623,50,0.09718441963195801,True
traffic_source_campaign_name_568,target_business_002,319,231,49,0.19675511949138716,0.15625066137407473,73.92839099212235,0.08901434833074202,39.930895623594076,0.09586996479061034,45.66870361804662,50,0.040321558713912964,True
traffic_source_campaign_name_570,target_business_002,311,223,48,0.15673719098156932,0.09154524641267185,53.044484518460564,0.08451083223476674,47.43113919414698,0.08367887917501018,48.62428096187702,50,0.013669995591044426,True
traffic_source_campaign_name_571,target_business_002,322,291,49,0.26668503738422056,0.14937532933345274,52.01703606313143,0.12028682583244604,57.89066581597642,0.10777765816063832,54.310965725685314,50,0.031899698078632355,True
traffic_source_campaign_name_572,target_business_002,249,277,38,0.4195692490915637,0.16565372411073567,44.77188575028891,0.15548488273449151,38.54578880331402,0.1713577395913077,42.69581682627768,50,0.04217132553458214,True
traffic_source_campaign_name_573,target_business_002,47,70,8,0.3309087454474826,0.23293318449119893,48.22484678290421,0.1983353633779943,33.09060118543607,0.1983353633779943,33.09060118543607,50,0.03325381875038147,True
traffic_source_campaign_name_574,target_business_002,360,269,55,0.1147253392893748,0.1009086214058118,55.7887481294439,0.09097413652297454,64.49706757235899,0.09135181372126396,68.80997474253962,50,0.026258664205670357,True
traffic_source_campaign_name_576,target_business_002,128,90,20,0.2665377378210621,0.38050779341384616,59.466987791418724,0.0879085861723476,19.450922587932894,0.12311359110981795,23.440835538829806,50,0.042925383895635605,True
traffic_source_campaign_name_580,target_business_001,68,112,11,0.2670477122406202,0.12036933894975106,38.01937075227735,0.0815839049172352,26.668535614624663,0.07623135680737195,25.378567293137124,50,0.032514799386262894,True
traffic_source_campaign_name_582,target_business_001,142,129,22,0.21129411848249394,0.05815492264390459,36.81168220795983,0.05795515420256686,34.72002662611827,0.0521642815673321,28.850465467742588,50,0.0372028686106205,True
traffic_source_campaign_name_583,target_business_001,509,416,77,0.24512354982359874,0.07154491430441189,34.27165080313377,0.06776798491408721,30.038492534513413,0.06946654573711054,32.95573747570856,50,0.026617778465151787,True
traffic_source_campaign_name_587,target_business_001,73,51,12,0.23007617241430595,0.29310525820630645,612.7645154866123,0.07569129311585694,85.0524434690959,0.06986150884139694,73.98172422805945,50,0.08460357040166855,True
traffic_source_campaign_name_597,target_business_001,339,285,52,0.1418484532630857,0.08467594066526887,97.93164466387405,0.05871866481850657,66.06447498913073,0.057897990382422215,71.78644763170718,50,0.029001420363783836,True
traffic_source_campaign_name_598,target_business_001,56,41,9,0.1263765609704357,0.10647787027788053,502.59887301380456,0.02365829471118795,114.53013329985878,0.02365829471118795,114.53013329985878,50,0.03537735342979431,True
traffic_source_campaign_name_601,target_business_001,107,75,17,0.16450072106724548,0.1313260753276376,102.02389078526943,0.10743090422035664,45.039000279891866,0.11034292268620682,41.89212303469477,50,0.025314360857009888,True
traffic_source_campaign_name_605,target_business_001,98,82,16,0.3461867910402179,0.19558363347309424,49.355988744551006,0.1570990730887022,37.085005981286386,0.1404275270191666,33.865231608386246,50,0.03647031635046005,True
traffic_source_campaign_name_606,target_business_001,507,439,77,0.18224203446189446,0.07176940542226193,26.39492700919699,0.0636952189827769,30.823626568092905,0.06394244928059968,31.839838438156743,50,0.01525675505399704,True
traffic_source_campaign_name_617,target_business_005,193,148,30,0.21681099064075318,0.12659537687154274,68.7738639196597,0.07748822035143006,50.35179343403483,0.09555062717615434,58.348123803781384,50,0.031028300523757935,True
traffic_source_campaign_name_624,target_business_001,188,487,29,0.1730045286911061,0.13402781422135618,85.89143985207177,0.12507989851213752,80.62823500650988,0.12234671605169276,78.84208393918549,50,0.006064089480787516,True
traffic_source_campaign_name_625,target_business_001,74,53,12,0.25870012396088765,0.36071423774714806,76.1727352911559,0.19877072802084797,27.597422349234634,0.1957842449822276,27.298774045372596,50,0.09309922903776169,True
traffic_source_campaign_name_626,target_business_001,216,395,33,0.23828019622925542,0.28026968488096016,128.60329288687643,0.12832355198969866,55.483429401759295,0.12156895604055458,52.198518859126565,50,0.0268250759691,True
traffic_source_campaign_name_627,target_business_001,135,316,21,0.2515047046691733,0.17392682983270472,38.4266447676857,0.2597799723325605,101.4103320824344,0.22470734542855503,81.27355826859986,50,0.01008346676826477,True
traffic_source_campaign_name_631,target_business_001,257,276,40,0.16626448687455983,0.10210742247751178,60.73254061026202,0.09077396545628336,51.02874208741856,0.090532867599314,54.43638808473131,50,0.015272650867700577,True
traffic_source_campaign_name_632,target_business_001,328,312,50,0.2571465187777037,0.12725737966230832,44.59725834169382,0.1282255435374285,47.781665045087905,0.138936025471052,55.39157836621336,50,0.032153818756341934,True
traffic_source_campaign_name_634,target_business_001,195,358,30,0.18980736344687335,0.13734657955144422,79.71768561500589,0.10670165778897216,61.07602913496538,0.08946849670237707,52.899981007074636,50,0.021995432674884796,True
traffic_source_campaign_name_636,target_business_001,199,343,31,0.2219738849992658,0.08391972352613752,43.32750176602191,0.08991113886794035,45.23817983716975,0.07559593458777741,36.12888242818317,50,0.012902804650366306,True
traffic_source_campaign_name_638,target_business_001,156,303,24,0.23711838186094225,0.12624654265567894,41.03818814533145,0.10993352359604222,49.58587831718666,0.10086579138301033,47.495557030155084,50,0.014420065097510815,True
traffic_source_campaign_name_640,target_business_001,82,73,13,0.26814843338657496,0.34964294398444234,88.04803502029101,0.2797387786570338,99.38884528885558,0.2802359860445172,100.42030272474835,50,0.08897211402654648,True
traffic_source_campaign_name_641,target_business_001,106,74,17,0.4922606324088495,0.151869549479803,44.38388454281533,0.08737707969014458,31.964905106484988,0.10838200934462235,35.59342274450926,50,0.056236717849969864,True
traffic_source_campaign_name_645,target_business_001,49,50,8,0.18966601716699286,0.08486726668119965,23.817669119363444,,,,,50,0.07491203397512436,True
traffic_source_campaign_name_650,target_business_001,159,315,25,0.12494713771158332,0.09408326253701751,47.587823636023494,0.07773666907349126,31.006046874572945,0.07913922964896432,31.132714430414072,50,0.012422026135027409,True
traffic_source_campaign_name_652,target_business_001,361,355,55,0.1598505868470923,0.06546091825949646,48.17868796631713,0.04397359260363457,31.70698723343141,0.0381968697278146,27.423623793617026,50,0.02032223716378212,True
traffic_source_campaign_name_659,target_business_002,133,402,21,0.16820474683423384,0.09527501139364705,50.32700098780557,0.07108253026873795,34.87862305234323,0.07323362112092091,35.55845186819695,50,0.005207594018429518,True
traffic_source_campaign_name_664,target_business_002,97,111,16,0.19793615908290527,0.0663369140506675,30.194199643402065,0.06973066664155822,29.93334685100268,0.06855156733897974,29.76459606398115,50,0.02280404232442379,True
traffic_source_campaign_name_665,target_business_002,526,383,80,0.14465251468273654,0.04556460258304369,29.7264571938651,0.03946995943788009,23.70319721465622,0.03797741545166918,22.95649014714588,50,0.007316191215068102,True
traffic_source_campaign_name_669,target_business_002,117,82,19,0.334009097357598,0.15569028086276238,59.45111983652781,0.10454875115618102,34.77734993183847,0.08971305613641839,29.754307811327212,50,0.03885107859969139,True
traffic_source_campaign_name_670,target_business_002,66,47,11,0.10120567250035208,0.20261328735842532,305.7725949177333,0.006563433308953137,8.759917956108637,0.006563433308953137,8.759917956108637,50,0.015156939625740051,True
traffic_source_campaign_name_679,target_business_002,136,390,21,0.2768603241768325,0.12497068918925507,60.97182311911139,0.08500476163874854,36.05771314278326,0.0775158211432721,33.431830767071105,50,0.008152351714670658,True
traffic_source_campaign_name_685,target_business_002,218,412,34,0.1929961708154113,0.2676200855656334,129.4674615486366,0.13846739816494616,56.697585033697436,0.13363784532734407,50.84561834223903,50,0.024407511577010155,True
traffic_source_campaign_name_706,target_business_002,109,214,17,0.3146561155974359,0.34694440858159253,75.74239624532233,0.2790619554341107,56.50702605003014,0.24727184209590025,47.45299174464602,50,0.024043701589107513,True
traffic_source_campaign_name_711,target_business_002,190,365,29,0.1971840990481169,0.10639653246578694,49.74673270712184,0.10097968192994479,49.54078732176656,0.09860686177003378,46.39811065673962,50,0.007988711819052696,True
traffic_source_campaign_name_714,target_business_002,87,292,14,0.19918608265077714,0.08700717075633665,39.53725324371377,0.10770526884401233,53.81745996057051,0.09675521136319569,43.986802289946,50,0.008373625576496124,True
traffic_source_campaign_name_731,target_business_002,231,329,36,0.1479486058387989,0.0920214448106767,62.14296235687172,0.07690701417817862,69.9418550078504,0.06112714365183742,51.13981332740376,50,0.01060234010219574,True
traffic_source_campaign_name_742,target_business_002,184,346,29,0.15556189414169988,0.1172848100609479,115.83262973628152,0.03260990599606881,26.68155191190768,0.033549302453287175,26.201300056521198,50,0.011957949958741665,True
traffic_source_campaign_name_743,target_business_002,185,280,29,0.19866395056074163,0.06503136702828727,51.17851174799979,0.04771743496956281,31.52339505069418,0.05845385877627266,41.897452169876814,50,0.012947321869432926,True
traffic_source_campaign_name_745,target_business_002,92,91,15,0.15253033621843679,0.23711125533710745,266.5464819954387,0.08805504596341338,227.7419456462324,0.07770781577678895,220.77740437673592,50,0.05064242705702782,True
traffic_source_campaign_name_746,target_business_002,61,267,10,0.3659752700706257,0.0992891057871741,28.669722605080768,0.06399515542684622,25.36752970769878,0.06399515542684622,25.36752970769878,50,0.009781287983059883,True
traffic_source_campaign_name_750,target_business_005,548,514,83,0.2202899679043903,0.06970066546021406,33.69134830529024,0.043373903299001884,17.757108784976158,0.040386145055733146,16.627363028021193,50,0.009991914965212345,True
traffic_source_campaign_name_751,target_business_005,89,62,14,0.32883812380081817,0.13799864624724203,45.52276965635899,0.2148417520033914,34.81341666760072,0.22998891397462132,35.26110030549405,50,0.059474799782037735,True
traffic_source_campaign_name_755,target_business_005,201,255,31,0.11927823063211627,0.03534276576629402,36.59523407493002,0.024319038559500638,25.20035572610388,0.022745528728545315,24.30210079425638,50,0.01155021134763956,True
traffic_source_campaign_name_756,target_business_005,134,326,21,0.12743816621473983,0.04545583879796235,18.70052225508385,0.03677842893891716,17.7764753485468,0.048269350709709856,22.823158500770393,50,0.013796498998999596,True
traffic_source_campaign_name_758,target_business_005,117,331,19,0.1583600302325977,0.15624593491380276,69.9734624883693,0.09959942994338505,41.92815448323232,0.09598335184730347,43.935041228566696,50,0.010272135026752949,True
traffic_source_campaign_name_760,target_business_005,90,324,15,0.2707322992103768,0.09455851121324205,37.87447384420834,0.08330855991316466,32.242248950569,0.086225007512477,32.88561099405884,50,0.0071084387600421906,True
traffic_source_campaign_name_763,target_business_005,139,373,22,0.1504184605303562,0.1051375060020348,59.67074692807379,0.05120363835367425,29.135533431082127,0.06262647140505824,36.59211864577028,50,0.015199972316622734,True
traffic_source_campaign_name_765,target_business_005,50,35,8,0.18387118733843938,0.28890811607111955,202.71986789031354,,,,,50,0.08565071225166321,True
traffic_source_campaign_name_769,target_business_005,52,44,9,0.19177180499376378,0.43473514670038504,68.92005573956155,0.6878253568429891,220.33351264120498,0.6878253568429891,220.33351264120498,50,0.05303572490811348,True
traffic_source_campaign_name_770,target_business_005,85,335,14,0.3316255524853668,0.15439422777600278,89.37744542843824,0.10490497510995841,79.54107014444304,0.14574399901366483,95.46182679626173,50,0.007970718666911125,True
traffic_source_campaign_name_772,target_business_005,166,416,26,0.18689621147981467,0.10340846636861104,40.31783364629575,0.13770760963960052,55.05833766839092,0.10652248315880444,40.00528902460781,50,0.006133593153208494,True
traffic_source_campaign_name_774,target_business_005,114,341,18,0.20834959749691523,0.0921005144047001,32.64217820153203,0.08094741169402017,26.529062628422896,0.07009093742800224,22.48122697482809,50,0.0180760957300663,True
traffic_source_campaign_name_776,target_business_005,137,392,22,0.18652350649052174,0.12015531727942606,55.962583202321184,0.10086879687673503,46.82007752338375,0.10367996224109706,49.261461707022505,50,0.006549912970513105,True
traffic_source_campaign_name_780,target_business_005,157,328,25,0.19023598143785617,0.1543197773367531,49.844609792284594,0.17871907389899833,69.70922035802501,0.1563906532247819,58.99601576591083,50,0.00710690813139081,True
traffic_source_campaign_name_782,target_business_005,110,220,17,0.2913160586516572,0.113580116668953,26.77313150505759,0.09817546197582085,27.29477933832095,0.10044530032786904,26.89435033624032,50,0.011567838490009308,True
traffic_source_campaign_name_783,target_business_005,316,424,48,0.4132616767557663,0.11306401266649962,23.715257745509696,0.1108388117033575,23.55671357197294,0.12352604554532967,26.433580381114812,50,0.01743825152516365,True
traffic_source_campaign_name_784,target_business_005,256,355,39,0.13453908456292057,0.06980256242421541,30.21266864678817,0.08656436623688026,45.31036628582255,0.07474599744594808,33.40439460317788,50,0.011678177863359451,True
traffic_source_campaign_name_785,target_business_005,215,338,33,0.26475751606192144,0.13668233663110965,41.95436084329533,0.10872977606736621,33.24621730306612,0.11217451940853168,34.73312500704452,50,0.02429540641605854,True
traffic_source_campaign_name_787,target_business_005,223,259,34,0.18810642570788458,0.07628304297154047,48.049517239707626,0.07852296117502743,47.614573800484166,0.06593954159688618,41.23675519826172,50,0.011469889432191849,True
traffic_source_campaign_name_791,target_business_004,74,54,12,0.11525927778787896,0.37357670909262947,219.8134459300555,0.18700336751308658,114.21128329533448,0.19587462826154242,116.52164443711021,50,0.08635073900222778,True
traffic_source_campaign_name_793,target_business_004,248,220,38,0.26194345223681853,0.12864209459460796,42.110280179429644,0.1290059273948048,43.286044388589424,0.12901541389672044,44.215676544439816,50,0.026513533666729927,True
traffic_source_campaign_name_794,target_business_004,77,242,13,0.15297368296173589,0.0790021959330687,71.76332841168114,0.03698325080397145,32.404528119905976,0.03786380290139264,34.208816656309665,50,0.007070791441947222,True
traffic_source_campaign_name_796,target_business_002,123,87,19,0.18126310497016196,0.1931854859400052,164.04882270528088,0.14425608415492108,121.3198625685743,0.1419408701574924,92.49486724233633,50,0.034533143043518066,True
traffic_source_campaign_name_797,target_business_002,69,51,11,0.21161002951568028,0.22215534474247348,78.00129551160741,0.245338236516247,115.46874502382106,0.2562240089753179,118.04641187358558,50,0.044577568769454956,True
traffic_source_campaign_name_799,target_business_002,51,35,9,0.33917705980955404,0.13277404029052575,36.23099034872215,0.2335664335664336,50.97830084589925,0.2335664335664336,50.97830084589925,50,0.09111766517162323,True
traffic_source_campaign_name_800,target_business_002,117,88,19,0.21506288538985335,0.31368223221102765,72.04313910178688,0.3037513425049865,84.9291855005751,0.27814936651624117,84.93931827416397,50,0.03215940296649933,True
traffic_source_campaign_name_802,target_business_002,88,64,14,0.2615828069379964,0.19065057445800854,73.83928936902792,0.1124327789154721,36.772427094748735,0.1125411466108734,36.52912968607445,50,0.19012606143951416,True
traffic_source_campaign_name_803,target_business_002,93,67,15,0.3119622686668238,0.18692143844124998,51.218804777902726,0.1827987142557086,52.34183833711031,0.18045504770906473,53.08094265786193,50,0.043073203414678574,True
traffic_source_campaign_name_805,target_business_002,66,50,11,0.5375627930379995,0.35689651066699324,86.1830637795255,0.17972171861060748,39.51928792194555,0.17972171861060748,39.51928792194555,50,0.11211121827363968,True
traffic_source_campaign_name_812,target_business_002,53,40,9,0.3757994920251271,0.6989870515921913,149.20900314798223,0.5119328870805442,89.45221130202835,0.5119328870805442,89.45221130202835,50,0.05229252576828003,True
traffic_source_campaign_name_818,target_business_002,47,32,8,0.3474403144820615,1.0025819204747677,100.25819204747677,,,,,50,0.15764100849628448,True
traffic_source_campaign_name_824,target_business_002,52,81,9,0.43457770336124224,0.2777111058813677,76.01507419631042,0.2284455773186656,43.07153998566672,0.2284455773186656,43.07153998566672,50,0.031856171786785126,True
traffic_source_campaign_name_826,target_business_002,81,59,13,0.44577337876448325,0.16779747459638475,32.749691152784834,0.24585748014595415,59.30924164801817,0.24556700293339065,58.01952292406344,50,0.11632183939218521,True
traffic_source_campaign_name_827,target_business_002,65,73,11,0.39033764153074685,0.19266534876226074,71.92451106280933,0.16934344794565634,84.8654154392239,0.18009403896220483,89.73314009550663,50,0.11942066252231598,True
traffic_source_campaign_name_828,target_business_002,46,35,8,0.46899290015354866,0.12850148659987307,30.92749153139322,0.3164796152084288,55.76520230723241,0.3164796152084288,55.76520230723241,50,0.1941109448671341,True
traffic_source_campaign_name_829,target_business_002,51,62,9,0.4736046130686463,0.242746691089451,102.96220437713058,0.17159883319524993,181.4645969712036,0.17159883319524993,181.4645969712036,50,0.077720046043396,True
traffic_source_campaign_name_834,target_business_002,51,100,9,0.279359667611643,0.35867771043104546,92.32311515246717,0.4142988191029653,90.57441329217369,0.4142988191029653,90.57441329217369,50,0.03844679519534111,True
traffic_source_campaign_name_837,target_business_006,85,92,14,0.2715310583358983,0.201300667618577,86.00766360103563,0.09367067779931156,40.57761494781019,0.11422786763393507,48.655953700513344,50,0.04439317062497139,True
traffic_source_campaign_name_838,target_business_006,129,91,20,0.21267385435671632,0.16950323630963016,73.79573708304534,0.1052940156952329,52.67158784268817,0.11813269875365205,66.36663996788415,50,0.03246074542403221,True
traffic_source_campaign_name_840,target_business_002,108,96,17,0.47499304545398036,0.15131681526782007,34.84106168031554,0.07632847369860633,18.007132270167638,0.07408429775625144,17.43634842437395,50,0.09940437227487564,True
traffic_source_campaign_name_842,target_business_002,103,103,16,0.3049081495697549,0.10515722605716417,44.56416179719532,0.10924176356589152,65.60580016853433,0.10079774889731288,59.82776443077553,50,0.04013483598828316,True
traffic_source_campaign_name_847,target_business_002,61,162,10,0.12030995098724397,0.08239081395008031,63.43652172588278,0.07118381457379788,60.488578883324465,0.08033409824766852,65.0454258068293,50,0.005542483646422625,True
traffic_source_campaign_name_855,target_business_002,206,202,32,0.3773481194178848,0.1610368527731095,42.74104542624283,0.16393805309734516,45.3425546707483,0.16511503107880324,44.82422558916259,50,0.055324893444776535,True
traffic_source_campaign_name_859,target_business_002,342,261,52,0.12774361845308768,0.11459145819982534,78.90783143967808,0.09835619616557767,55.88918067956433,0.08284933536042237,48.16739180318565,50,0.024342071264982224,True
traffic_source_campaign_name_860,target_business_002,186,144,29,0.13162596673641627,0.056142359206738594,33.99079202984874,0.04420190818813139,21.430095668922718,0.04227167277786721,20.98475913392049,50,0.014752679504454136,True
traffic_source_campaign_name_862,target_business_002,347,392,53,0.15242979668687373,0.11367962165479448,59.97793564413178,0.0930372710841043,49.34706255640556,0.10194335899056352,53.92332392965744,50,0.010585007257759571,True
traffic_source_campaign_name_863,target_business_002,287,387,44,0.18831699098131852,0.06938496293054316,31.4372602801353,0.05805941776817406,26.77349779367571,0.058802091154291594,26.057586892508255,50,0.012602467089891434,True
traffic_source_campaign_name_865,target_business_002,77,54,13,0.37697544768059243,0.7942147259917057,176.1642833262109,0.03538387615031878,8.061285187245128,0.03772068313563572,8.614189504412012,50,0.046933796256780624,True
traffic_source_campaign_name_866,target_business_002,72,101,12,0.4449097755691813,0.15557313600140438,26.155788914509266,0.24191054278791824,40.52514643977376,0.2237176369584527,36.318326428009506,50,0.06084136664867401,True
traffic_source_campaign_name_867,target_business_002,93,99,15,0.14206214416468715,0.3345016779155482,111.2608176831751,0.3122275810058661,139.5544072233979,0.27137179346364776,115.50988170245142,50,0.031154436990618706,True
traffic_source_campaign_name_871,target_business_002,52,36,9,0.3327316765402669,0.30185948369406684,30.37639133621935,0.24676221723363845,32.76020174232004,0.24676221723363845,32.76020174232004,50,0.03432372212409973,True
traffic_source_campaign_name_873,target_business_002,46,165,8,0.23417943409247755,0.34343710693504786,95.1373803945287,,,,,50,0.013895852491259575,True
traffic_source_campaign_name_874,target_business_002,173,178,27,0.41365871325713127,0.15136578100079295,44.160312755673644,0.20037674313990106,54.35383791873224,0.18479973973395028,50.65194834176832,50,0.040153320878744125,True
traffic_source_campaign_name_881,target_business_006,390,299,59,0.10359699657817506,0.05318774655967443,34.62682429433914,0.04742905673712029,28.658405754448346,0.0462023587387781,26.722314762339245,50,0.014432189986109734,True
traffic_source_campaign_name_883,target_business_006,202,327,31,0.2780490921216398,0.15335033041068158,64.94026110813795,0.17158460594724875,92.79910216622945,0.14021497212512155,69.85441129941107,50,0.01250374037772417,True
traffic_source_campaign_name_885,target_business_002,544,423,83,0.3965535304267045,0.07101185297463865,27.074113983042402,0.08083740980779468,30.841157055194213,0.07339737887448108,28.21618810999116,50,0.012574674561619759,True
traffic_source_campaign_name_886,target_business_002,197,415,31,0.2770898129989205,0.03761351602026977,16.272864729723363,0.04744457440722786,19.77093869121454,0.03936227342946803,16.833140102035003,50,0.006470047403126955,True
traffic_source_campaign_name_889,target_business_002,106,76,17,0.29090053477698075,0.23811738662530915,57.88993461308017,0.18145576704458993,47.81320971070152,0.20313124246954878,56.38999197579652,50,0.0463239960372448,True
traffic_source_campaign_name_890,target_business_002,220,259,33,0.2307746954749612,0.045671900926417604,23.577497018927133,0.03642010450675101,19.50067613549531,0.035100104351221156,18.56066731164332,50,0.018323233351111412,True
traffic_source_campaign_name_891,target_business_002,269,238,41,0.43653703332756977,0.11931463593057381,28.9831081875573,0.09762666526871279,22.87102636344602,0.08979918570907008,21.108919620485615,50,0.051041651517152786,True
traffic_source_campaign_name_895,target_business_002,204,190,32,0.37715802302802287,0.07876957490390481,24.249986846283363,0.07363935617589211,22.86542196259547,0.06553439804535725,20.659300802284786,50,0.04220641031861305,True
traffic_source_campaign_name_897,target_business_002,258,189,40,0.36546067452794445,0.14677667832318933,52.30600658194234,0.15203480901478886,48.6356357903329,0.1475610660303894,50.53441749670126,50,0.02754957601428032,True
traffic_source_campaign_name_906,target_business_002,44,42,8,0.2949182114440494,0.13186348213163834,19.8049700466213,,,,,50,0.08130241185426712,True
traffic_source_campaign_name_909,target_business_002,235,172,36,0.16867324978443607,0.18641072129287764,91.54165131061539,0.15069091347282887,67.05582216503024,0.12230308906846644,58.185720506136704,50,0.03322988003492355,True
traffic_source_campaign_name_916,target_business_002,402,534,61,0.17466069504484213,0.0714730040398349,31.05146592056771,0.07925855581246058,35.911339653133425,0.0733503502510889,31.656083364386568,50,0.00630220677703619,True
traffic_source_campaign_name_919,target_business_002,117,82,19,0.2268343112463743,0.13251363488501958,47.09414068169248,0.11707843588799326,41.94646151767662,0.13168120674389705,50.29840834654918,50,0.04474993795156479,True
traffic_source_campaign_name_920,target_business_002,83,59,13,0.36814884367543155,0.1964924102381506,24.45948841344063,0.17558108775084777,22.70423473211828,0.18624787724842135,24.25235076005091,50,0.05672437697649002,True
traffic_source_campaign_name_922,target_business_002,78,119,13,0.4388847812417936,0.09542696922243107,18.978275160872965,0.10277044176066617,20.549958502028442,0.10868054876128026,20.455164892451517,50,0.018592489883303642,True
traffic_source_campaign_name_923,target_business_002,128,124,20,0.18144555069404153,0.34383694636772544,116.7764177633391,0.24737449324617422,93.16418313191012,0.26706232115540957,102.15651573155553,50,0.023549161851406097,True
traffic_source_campaign_name_924,target_business_002,80,124,12,0.4381958609417624,0.24059787099990917,1297.6328079897244,0.2262469554627697,1354.7410025837366,0.21410935160582864,1352.7077797072805,50,0.01839783601462841,True
traffic_source_campaign_name_925,target_business_002,129,126,20,0.18227331589126,0.10597458883475006,49.522132128130295,0.10456877534360637,42.809334356043415,0.09991204939202863,41.8509385870102,50,0.014849123544991016,True
traffic_source_campaign_name_926,target_business_002,70,120,11,0.33318128083151116,0.1145630125284283,17.625971606991474,0.12930998203555705,18.961651416033774,0.12443282398913016,17.901689739979997,50,0.013360172510147095,True
traffic_source_campaign_name_927,target_business_002,113,107,18,0.22123044629795113,0.07988488684378468,26.628531124064807,0.0802975854271505,26.57229536420945,0.07376743660585366,24.102751925398554,50,0.02869376353919506,True
traffic_source_campaign_name_930,target_business_002,107,113,17,0.113084418897391,0.3013297163366673,216.94186242320245,0.1565989753277234,147.87401259401193,0.1406862626039597,136.1639073588198,50,0.02082659862935543,True
traffic_source_campaign_name_934,target_business_002,146,276,23,0.38363913716144626,0.15198879897859835,41.451907989001604,0.1218157367582137,37.59150270683317,0.12240027862276967,36.58191009719645,50,0.025704940780997276,True
traffic_source_campaign_name_936,target_business_002,88,125,14,0.4849343754114577,0.3915963262544396,98.72585312954146,0.2086023470367404,54.89175164958483,0.25724990480106896,74.08710227008983,50,0.07469841837882996,True
traffic_source_campaign_name_938,target_business_002,55,263,9,0.18262468448329927,0.3068812537452844,145.79300434925185,0.09715634973651005,35.4607664038066,0.0899628923551769,32.120879297648344,50,0.012223138473927975,True
traffic_source_campaign_name_941,target_business_002,73,62,12,0.31835995891655927,0.2728050686443028,108.44105727155988,0.27310259020472805,100.5577687205975,0.2552844587716322,88.06560822145784,50,0.039150748401880264,True
traffic_source_campaign_name_943,target_business_002,73,51,12,0.5610931577583398,0.08084784401042966,11.324054357733562,0.0821351600802156,12.310395804643834,0.07610490714176227,11.53688974618391,50,0.04339485988020897,True
traffic_source_campaign_name_944,target_business_005,72,190,12,0.24524201054315103,0.03052488949965803,22.436343179572155,0.00833748909536057,6.401789069640095,0.007739387732699783,5.976267366496066,50,0.022143105044960976,True
traffic_source_campaign_name_947,target_business_005,44,30,8,0.4182707187256218,0.36182778627237655,37.828980019844444,,,,,50,0.555691659450531,True
traffic_source_campaign_name_951,target_business_005,116,126,18,0.3663627602644888,0.0974230996940324,24.391181997361926,0.09660701386347496,22.620848458410688,0.09008718968042743,21.25141043831786,50,0.024101724848151207,True
traffic_source_campaign_name_952,target_business_005,44,53,8,0.5053767114233408,0.033895760506405415,5.375229807113771,,,,,50,0.05946503207087517,True
traffic_source_campaign_name_954,target_business_005,72,50,12,0.5329101745654636,0.3183940072575354,63.11986514951899,0.22907893468489043,55.87030841661809,0.2471140084523049,62.618856361719544,50,0.07222560048103333,True
traffic_source_campaign_name_957,target_business_002,180,135,28,0.2873213934071365,0.09801200798844126,28.643133549656678,0.0939414650519677,26.948616738383883,0.1006069042398356,29.409214518171943,50,0.017009016126394272,True
traffic_source_campaign_name_959,target_business_002,47,97,8,0.3715325028564088,0.5437509090636428,71.51035846161219,,,,,50,0.045351460576057434,True
traffic_source_campaign_name_970,target_business_002,118,135,19,0.29105122006667505,0.11809949344733772,44.17771327459272,0.07142331381297519,40.59088533901678,0.06586608717892216,41.15315783463524,50,0.017739716917276382,True
traffic_source_campaign_name_980,target_business_005,95,74,15,0.39596645159616944,0.11433440437433598,52.75379327541218,0.03800636245947891,15.314811024043554,0.030753940259794003,12.066644445275703,50,0.06240608170628548,True
traffic_source_campaign_name_981,target_business_005,480,337,72,0.38657802872165553,0.050760706228048326,1237.7417940069763,0.049371251188558334,1359.2275280610324,0.05242241898066444,1337.4273573148319,50,0.011828695423901081,True
traffic_source_campaign_name_982,target_business_005,145,101,23,0.4531770396885332,0.07854075104980897,18.79721503145345,0.05396355526811236,12.720165106789214,0.050727670955986674,12.043269653975857,50,0.021372757852077484,True
traffic_source_campaign_name_984,target_business_005,100,70,15,0.6239878030413082,0.0527312187711953,11.475397402723322,0.026592778015094767,5.714089328187642,0.03010501063323843,6.815330166752859,50,0.06132516264915466,True
traffic_source_campaign_name_985,target_business_005,96,68,15,0.5650949800677186,0.14424831606431304,26.426408145594714,0.11127602210415288,19.419661174359796,0.10764774233203114,18.861703034901197,50,0.10902228951454163,True
traffic_source_campaign_name_990,target_business_005,48,78,8,0.5180828651648265,0.07426570805515087,12.576301608342346,,,,,50,0.03931594640016556,True
traffic_source_campaign_name_994,target_business_005,55,96,9,0.3361833009031992,0.06887881073462988,19.64989508659008,0.04467596351697618,10.26729059338736,0.05784069885715766,14.026385683629385,50,0.01130465418100357,True
traffic_source_campaign_name_996,target_business_005,47,54,8,0.2256203585635622,0.027896486076633753,15.066507674847005,,,,,50,0.05379875376820564,True
traffic_source_campaign_name_998,target_business_005,61,123,10,0.34385976261000717,0.16034641244450287,31.766076900209487,0.09362717574396398,24.16657089144745,0.09362717574396398,24.16657089144745,50,0.019535381346940994,True
