Campaign,Business,Total_Days,Train_Days,Test_Days,Avg_CPL,Test_MAE,Test_MAPE,SMA3_MAE,SMA3_MAPE,SMA7_MAE,SMA7_MAPE,Epochs_Trained,Final_Loss,Converged_Early
traffic_source_campaign_name_016,target_business_002,152,117,24,0.22923808142110044,0.7538531131047491,150.14173991373247,0.17979703476067257,48.37617978497404,0.17187937538168227,45.646314784527696,200,0.030670512467622757,False
traffic_source_campaign_name_025,target_business_002,76,68,12,0.2465011851667905,0.11100670649113753,23.106916571661127,0.15284672577517297,35.801683247735944,0.153048646443829,33.81731358020502,200,0.01677193120121956,False
traffic_source_campaign_name_075,target_business_003,56,80,9,0.25023798861550295,0.13835976439624734,48.156756061949466,0.08646805467465439,32.605545598741166,0.08843215447245137,32.962401611454666,200,0.01864689402282238,False
traffic_source_campaign_name_096,target_business_003,65,97,11,0.15144852784296167,0.08214733915926267,118.33085724323205,0.0626398037642833,92.52913768673247,0.06976591603387615,96.02898768178443,200,0.013306337408721447,False
traffic_source_campaign_name_101,target_business_004,79,55,13,0.3926122060353049,0.3434916399444685,56.6475055076789,0.33843914703667854,66.4243088466819,0.3087995903696533,58.01612440922332,200,0.03360171616077423,False
traffic_source_campaign_name_1010,target_business_005,65,92,11,0.2927688664700683,0.4413598674985203,125.20578120987365,0.29077894708179747,93.38129383873354,0.29077894708179747,93.38129383873354,200,0.031666673719882965,False
traffic_source_campaign_name_1032,target_business_005,109,76,17,0.5450646853541988,0.15631895454675626,17.231567127198446,0.0787506305804116,9.058454894355467,0.0771209305155641,8.782266843637595,200,0.024313002824783325,False
traffic_source_campaign_name_1033,target_business_005,83,58,13,0.44218518556893527,0.23810466238478975,334.48952986816664,0.26293850774856736,340.32105716237254,0.301001877068622,437.33174822064143,200,0.04509442299604416,False
traffic_source_campaign_name_106,target_business_004,172,127,27,0.20322461007110695,0.15017481683991685,89.72863743548028,0.18774644051765638,95.55226768353428,0.15410219377105377,80.3661610165745,200,0.027071019634604454,False
traffic_source_campaign_name_1060,target_business_005,279,315,43,0.2349887566869718,0.05372770848187755,21.634449883896544,0.04716157464396197,19.035912944810317,0.038210370926309904,14.979809725764671,200,0.009650683030486107,False
traffic_source_campaign_name_1064,target_business_004,103,73,16,0.04367038264778654,0.06590502111808044,89.0561670031693,0.0196107562077725,23.877779575379538,0.018220622235388874,20.95995634006327,200,0.021105442196130753,False
traffic_source_campaign_name_1068,target_business_004,71,135,12,0.4694167276170843,0.3473229018042123,128.79431232101595,0.04947382714046422,19.14292238264478,0.06575131286300212,24.872684837707293,200,0.011811607517302036,False
traffic_source_campaign_name_107,target_business_004,107,75,17,0.26609580881660067,0.16789146808204714,38.322910212360505,0.13874173037627516,34.06890283391454,0.12769385542192074,31.568444665609903,200,0.0307413712143898,False
traffic_source_campaign_name_1070,target_business_004,137,106,22,0.379248510449992,0.13102296804969696,31.11444761876246,0.08529801599845774,15.341193134655024,0.08535228647076547,15.67570738464879,200,0.046222127974033356,False
traffic_source_campaign_name_1076,target_business_004,88,246,14,0.5194357282137109,0.25991926941163496,44.10834034305584,0.19427465402266467,34.54154245245504,0.17727358280657354,32.27945687232608,200,0.008603731170296669,False
traffic_source_campaign_name_1082,target_business_004,355,318,54,0.27672506900943644,0.14416921961186407,43.43628984725736,0.050122197735538256,11.922730110597888,0.05079235378305356,11.923917899871675,200,0.008333136327564716,False
traffic_source_campaign_name_1091,target_business_002,66,46,11,0.2912379445059799,0.23513409285182485,39.235871976593536,0.18783355308595473,27.530283165322437,0.16932626200791115,23.98891685307398,200,0.05381264165043831,False
traffic_source_campaign_name_1092,target_business_002,81,57,13,0.2910466154170142,0.3315493494508577,44.57257411645399,0.2683998465080583,47.719850370931944,0.2598516244563827,47.60736952439791,200,0.04396211355924606,False
traffic_source_campaign_name_1093,target_business_002,71,49,12,0.3523790375701203,0.1661370605482279,52.721475357848256,0.14510631795663642,48.092875023318385,0.14912661648330433,48.91632498049042,200,0.032764893025159836,False
traffic_source_campaign_name_1095,target_business_002,137,95,22,0.21162541993110529,0.201723738995176,50.94664977580307,0.2118295370515933,63.056824602408504,0.1892378812605585,59.39411858968408,200,0.028135161846876144,False
traffic_source_campaign_name_1097,target_business_002,109,78,17,0.24777959439623673,0.23336677609683673,52.70106383096701,0.33941212490153533,122.2206725862099,0.3065509008758662,119.09137295725249,200,0.014431755058467388,False
traffic_source_campaign_name_1098,target_business_002,125,87,20,0.2265617598594065,0.2048655334710123,52.202696391333234,0.17379873757965633,79.27336859886805,0.1810927568857066,80.8415521383458,200,0.029411911964416504,False
traffic_source_campaign_name_1099,target_business_002,176,123,27,0.23034343825310105,0.13201034811630832,56.12847115135061,0.13601486784061315,60.593826335820324,0.13753016684534505,59.123417279308875,200,0.024012412875890732,False
traffic_source_campaign_name_1103,target_business_001,62,64,10,0.33820464909039455,0.2606716394420065,49.478691587253735,0.1489894587734063,24.93097377461725,0.14420603661945522,24.342502720842884,200,0.027890274301171303,False
traffic_source_campaign_name_1111,target_business_004,81,57,13,0.27167064280340364,0.19349869905350112,43.16385305591583,0.1337164298565323,28.383896272010073,0.13167425199282717,27.29536581480856,200,0.04021410271525383,False
traffic_source_campaign_name_1114,target_business_004,192,234,30,0.12110698780112361,0.05975093498170659,44.27180395935793,0.086612082882713,70.70407499475873,0.06569569709639018,51.37555025294465,200,0.0061257644556462765,False
traffic_source_campaign_name_113,target_business_002,321,273,49,0.10275630018322492,0.0643740728548907,43.78157801989408,0.06412704126552538,38.335576862403954,0.05351573929250268,29.581716023521526,200,0.009135397151112556,False
traffic_source_campaign_name_114,target_business_002,151,127,24,0.5191315394670876,0.16299521180691723,27.22726595247375,0.14981229622130335,26.140212753360025,0.16455076492505047,28.623900118463997,200,0.04118969291448593,False
traffic_source_campaign_name_1141,target_business_002,100,75,15,0.27706528282264636,0.14459960867233473,22.477147610570512,0.16221665083037262,25.98803244908915,0.1655172645386797,25.103020385908064,200,0.038553670048713684,False
traffic_source_campaign_name_116,target_business_002,102,94,16,0.24449504494899105,0.1153066284003874,25.607889219837055,0.045544268900080044,8.680632366911551,0.0658588097673818,13.405461185781178,200,0.03756145015358925,False
traffic_source_campaign_name_1162,target_business_006,262,394,40,0.08858531338274,0.034321886893317874,30.07961776506137,0.03644902012270486,35.58793442198347,0.03851262123204154,40.43689732502918,200,0.0028210561722517014,False
traffic_source_campaign_name_1166,target_business_006,97,277,16,0.20801555180658296,0.04399014718322259,28.558134868117584,0.03459243236445723,22.920202840635383,0.03260998933121367,22.302714662987082,200,0.00800344254821539,False
traffic_source_campaign_name_1172,target_business_006,84,154,14,0.21946341101904188,0.2004392703655955,103.27146818579627,0.13260923872410757,36.22978505641707,0.13313005838296774,34.35125043083911,200,0.020219286903738976,False
traffic_source_campaign_name_1175,target_business_002,184,273,29,0.1480793462231957,0.054086548633933876,51.84956946159986,0.03358652390905911,35.52489075414268,0.03249202612444564,34.24026194075177,200,0.0027353924233466387,False
traffic_source_campaign_name_1180,target_business_002,157,115,25,0.36624554599897313,0.12067364550886579,26.538092692285304,0.12073427617093978,26.38427655040823,0.10668921594699499,22.07638933021877,200,0.030028175562620163,False
traffic_source_campaign_name_1183,target_business_002,201,153,31,0.23485955780564324,0.24046780622521008,81.38103581757275,0.22814645593073113,84.8317017070961,0.2058110527456991,67.7358447203796,200,0.02941836416721344,False
traffic_source_campaign_name_1184,target_business_002,59,41,10,0.4432085491808979,0.21438527416501402,63.05350858208536,0.22836262577735075,37.575084485373964,0.22836262577735075,37.575084485373964,200,0.037867121398448944,False
traffic_source_campaign_name_1187,target_business_002,254,201,39,0.15916955544744152,0.17991173911863373,376.5128378451012,0.05455504456116895,83.71572175824996,0.05078522166450774,81.76967872125181,200,0.00666289497166872,False
traffic_source_campaign_name_1188,target_business_002,122,197,19,0.1661102752444264,0.14176701645492285,43.369472322162125,0.08248486076061551,32.80567251333755,0.08497706660518453,34.9021213464206,200,0.004711203742772341,False
traffic_source_campaign_name_119,target_business_002,56,42,9,0.14503644466184765,0.4162749784979738,65.43556802870636,0.9130689477510288,91.30689477510288,0.9130689477510288,91.30689477510288,200,0.04106016829609871,False
traffic_source_campaign_name_1199,target_business_002,146,142,23,0.09482747784598593,0.14494986153483308,126.10781589458517,0.1359271234282782,95.77283294266792,0.12484263651458931,84.30733569870806,200,0.013313159346580505,False
traffic_source_campaign_name_1200,target_business_002,117,120,19,0.09622462119719265,0.12434310454225332,71.14282041466572,0.12969103788952419,57.36862139298569,0.1124394233408216,43.57209406779342,200,0.024384329095482826,False
traffic_source_campaign_name_1201,target_business_002,121,124,19,0.23594841431064908,0.1202759556840071,81.77396563909376,0.14292374343605507,85.35345007866579,0.1297317062754819,77.32309633458111,200,0.014406993053853512,False
traffic_source_campaign_name_1207,target_business_002,63,66,10,0.3203335935426177,0.15286153143858647,37.37418030713795,0.15214658595951835,34.96035042522275,0.15214658595951835,34.96035042522275,200,0.059226177632808685,False
traffic_source_campaign_name_1209,target_business_002,116,145,18,0.26688953715231045,0.12655281604402227,52.4530197698661,0.17772458547080114,79.57938371771237,0.1613188432981796,74.36130382804023,200,0.02077178843319416,False
traffic_source_campaign_name_1212,target_business_002,132,146,21,0.2875303492885374,0.14950183277188317,40.00166668661302,0.20462878408723412,57.88665430885918,0.17529835377374386,50.8394240299217,200,0.010697167366743088,False
traffic_source_campaign_name_1236,target_business_002,95,147,15,0.4866333065325914,0.12299685153917958,16.4616947641297,0.15763490414312914,22.205868396847826,0.14897714649712368,20.190180067873897,200,0.008491224609315395,False
traffic_source_campaign_name_124,target_business_002,55,41,9,0.24552880855174053,0.1628020803812614,29.086105689400014,0.1500966672599885,29.03928273862963,0.1715460841430324,36.71892536586191,200,0.030231576412916183,False
traffic_source_campaign_name_1245,target_business_002,106,125,17,0.5498873014870092,0.1771669679580592,26.30941528529848,0.08761289513472124,14.908252041694253,0.12810005115426243,22.76866924676999,200,0.016622526571154594,False
traffic_source_campaign_name_1246,target_business_002,486,379,74,0.25972083683516,0.25375161983425154,158.74500687378156,0.14395318839644775,67.93690211637016,0.1292839713903667,62.68381588782742,200,0.03075113706290722,False
traffic_source_campaign_name_1251,target_business_002,68,47,11,0.4512423440840636,0.4529731812390226,69.59985274956612,0.33432626337282656,60.43505625287128,0.33432626337282656,60.43505625287128,200,0.02593822218477726,False
traffic_source_campaign_name_1252,target_business_002,81,62,13,0.39136349693784045,0.35763334090529203,70.41751654049348,0.330713649411066,44.928317608308106,0.30091161041274866,37.29213315257615,200,0.0831083133816719,False
traffic_source_campaign_name_1254,target_business_002,173,138,27,0.2235961076068176,0.11913600183705202,42.89287900613773,0.15133382143763138,66.9687249624561,0.13332108623510286,56.34877834929915,200,0.03318865969777107,False
traffic_source_campaign_name_1256,target_business_002,554,398,84,0.08923872851930903,0.026835720600405674,81.50731427866135,0.018842290646661628,31.183742421846013,0.020111236788387995,37.75875652253653,200,0.0028165094554424286,False
traffic_source_campaign_name_1257,target_business_002,551,394,84,0.21142030070599233,0.08181281432027178,41.68705417776773,0.0849273343558434,52.54776728843351,0.08234920713598766,48.162458742297545,200,0.009480403736233711,False
traffic_source_campaign_name_1264,target_business_002,61,55,10,0.2325693504206319,0.2560748188833207,84.86773355133334,0.047406425575690435,9.388799655299824,0.05484885653240486,11.648629141327396,200,0.02153954654932022,False
traffic_source_campaign_name_1265,target_business_002,128,98,20,0.26551466798409856,0.33475217508956623,125.29337178913164,0.07131875197048203,21.457496869103196,0.07960261651448224,23.107986733337246,200,0.0233302041888237,False
traffic_source_campaign_name_127,target_business_002,271,222,42,0.16564296064235282,0.11623844962696253,33.95602143842148,0.10069604806996636,30.000807966087663,0.12879655120404276,39.86005803131112,200,0.011716818436980247,False
traffic_source_campaign_name_1279,target_business_002,63,60,10,0.3638690763306604,0.06872157919205855,12.908161562908353,0.10268548630435512,18.467558775056126,0.10268548630435512,18.467558775056126,200,0.025804894044995308,False
traffic_source_campaign_name_129,target_business_002,91,129,15,0.5783548686488159,0.14648155854458422,21.903232712221392,0.09920549488365381,12.98254028819179,0.11358241117771935,14.761167849870594,200,0.021477490663528442,False
traffic_source_campaign_name_1290,target_business_002,89,217,14,0.1625165226812967,0.0961314849561944,33.52698846818845,0.059216616154978245,22.65569690691849,0.07326107547440464,21.38237989849092,200,0.007570343557745218,False
traffic_source_campaign_name_1293,target_business_002,69,261,11,0.27341662385331955,0.19676946138466128,40.52064823269026,0.29179573058386155,51.33667220623841,0.29179573058386155,51.33667220623841,200,0.01135437935590744,False
traffic_source_campaign_name_1295,target_business_002,99,211,16,0.18529981682917648,0.08145924935135364,31.356819603662743,0.034256746844112555,13.65980303203905,0.04861328323898644,20.077100937264532,200,0.015226153656840324,False
traffic_source_campaign_name_1296,target_business_002,75,222,12,0.25687836767561706,0.08691266503737778,22.208416948383082,0.07744351456040632,24.469703261740175,0.08374051476360568,23.655207612487565,200,0.008501098491251469,False
traffic_source_campaign_name_1298,target_business_002,67,247,11,0.1934718789561233,0.09071862722370234,43.57422756555505,0.09053973823891685,47.87447185620092,0.09053973823891685,47.87447185620092,200,0.008018811233341694,False
traffic_source_campaign_name_1299,target_business_002,66,244,11,0.20883799947924658,0.09202132179026802,24.957770571894134,0.10567342601133932,42.6460223142487,0.10567342601133932,42.6460223142487,200,0.008175000548362732,False
traffic_source_campaign_name_1309,target_business_002,112,236,18,0.18742968097433038,0.1674648724525316,36.99790900500558,0.12364524969422432,28.880691586519518,0.17365695143666193,38.527161521883244,200,0.008845369331538677,False
traffic_source_campaign_name_1310,target_business_002,101,233,16,0.1855018394982681,0.09562337195628173,36.727035398697865,0.09137790626827598,39.58580055271869,0.09593114639224211,43.08170541491814,200,0.011191550642251968,False
traffic_source_campaign_name_1314,target_business_002,209,296,32,0.20683642870366298,0.108219172498901,59.47305523199273,0.11370117348873154,65.30157116938979,0.11089617484503778,63.38579253568728,200,0.008198504336178303,False
traffic_source_campaign_name_1321,target_business_002,495,356,75,0.43049525639095054,0.07919265785068727,45.887809771615814,0.07152829748663775,52.7062080487928,0.08204667659204108,57.180511172353036,200,0.021328432485461235,False
traffic_source_campaign_name_1323,target_business_002,130,91,20,0.4581328800908206,0.12105355187897476,19.197937228864397,0.07828992768686617,12.671293028986128,0.08862554001975816,14.416818838160042,200,0.034444279968738556,False
traffic_source_campaign_name_1324,target_business_002,68,48,11,0.2871269469010712,0.0432345331274403,13.613224599636661,0.07999759446093212,22.526536404536035,0.07999759446093212,22.526536404536035,200,0.04420436918735504,False
traffic_source_campaign_name_1331,target_business_002,92,135,15,0.27053845571084323,0.11770650594766256,198.18307673997447,0.13876194440694237,179.83655046602533,0.12456946024888513,169.2461747297535,200,0.02122092992067337,False
traffic_source_campaign_name_1333,target_business_002,54,139,9,0.26763428461820243,0.08947206587244848,195.9483859810555,0.07604732735967976,99.27101508739244,0.07796889377078596,100.28074341972165,200,0.008890065364539623,False
traffic_source_campaign_name_1335,target_business_002,56,142,9,0.3435051506172525,0.1292018350589395,91.60650808028736,0.060734366823757754,21.840676860396457,0.06844513040259456,24.04442217320724,200,0.011113330721855164,False
traffic_source_campaign_name_1337,target_business_002,62,141,10,0.33954920317619225,0.08413153764031278,133.92690219497933,0.10382623769513119,913.5272595027747,0.08972801531242183,915.0613021467623,200,0.017587605863809586,False
traffic_source_campaign_name_1345,target_business_002,84,121,14,0.25481222406775855,0.09475400044192758,24.520632923772713,0.10231455270739147,27.11424138466324,0.11765223702395267,30.541670047502027,200,0.015891045331954956,False
traffic_source_campaign_name_1348,target_business_002,76,110,12,0.12293780945258437,0.11343348209101331,86.28429969099756,0.05225568065284891,27.69919419355471,0.05326316555827128,28.118527103498923,200,0.00910385325551033,False
traffic_source_campaign_name_1360,target_business_002,55,159,9,0.18811201896827426,0.5343744478794159,168.4066374105384,0.894516055220807,848.0115690527842,0.894516055220807,848.0115690527842,200,0.00923632737249136,False
traffic_source_campaign_name_1361,target_business_002,76,176,12,0.35704460911005304,0.32549483985673816,106.62352992033517,0.3723869047619048,155.27713853330837,0.36798660714285714,151.71448793089874,200,0.011487428098917007,False
traffic_source_campaign_name_1363,target_business_002,59,95,10,0.33860332306465735,0.09112447675994084,27.429704870798844,0.08579416028163182,40.69976424533285,0.08579416028163182,40.69976424533285,200,0.013476666994392872,False
traffic_source_campaign_name_1364,target_business_002,419,533,64,0.22040132958780465,0.08584261368795172,52.97734375284329,0.04396609150687147,25.29926278775586,0.03971588711443231,22.749940886485433,200,0.0070767588913440704,False
traffic_source_campaign_name_1365,target_business_002,98,159,16,0.34879644150005656,0.07986094515796677,26.15089406744059,0.0737180033008837,23.70884118979069,0.06807773407106163,21.931892508843152,200,0.014209110289812088,False
traffic_source_campaign_name_1369,target_business_002,239,377,37,0.1365392894447491,0.0520857676352295,36.633056861954,0.05374412543457253,34.56287160020152,0.059715416072481056,39.503726332110496,200,0.00749599002301693,False
traffic_source_campaign_name_137,target_business_002,94,166,15,0.6122140459138885,0.10692134890530686,13.91093852286518,0.12107566471598177,16.242853153382047,0.12004393892627899,15.357567538815514,200,0.02160397730767727,False
traffic_source_campaign_name_1374,target_business_002,180,354,28,0.17321475233549843,0.14373221919514206,160.1456125058496,0.054582551569552815,54.52382639115222,0.046810883042600275,45.240250560502396,200,0.008581397123634815,False
traffic_source_campaign_name_1397,target_business_001,182,129,28,0.18281849265417371,0.08519233497802936,99.03367100653631,0.06201049357588193,67.52842864748298,0.0699932238965308,77.6315013162044,200,0.041141703724861145,False
traffic_source_campaign_name_1406,target_business_002,93,179,15,0.2271160459878173,0.23578253981603087,44.41911117709054,0.3026865161844988,66.37712884818893,0.23672103686810342,42.8482318201219,200,0.0121784508228302,False
traffic_source_campaign_name_1407,target_business_002,57,149,10,0.49484507478146594,0.07157044242709217,9.28210207959112,0.019527375200399256,2.605649494347172,0.029058843955781878,3.95692200488622,200,0.019615069031715393,False
traffic_source_campaign_name_1410,target_business_002,60,180,9,0.27193617540226966,0.20144431479228533,137.51776733141682,0.1787165863532121,173.0887871930733,0.1787165863532121,173.0887871930733,200,0.009267077781260014,False
traffic_source_campaign_name_1414,target_business_002,110,265,17,0.21371219918283033,0.03500512914694881,13.63570983726764,0.03492489715375946,12.84791944270153,0.03592873283792528,13.366631246639068,200,0.010623265989124775,False
traffic_source_campaign_name_1415,target_business_002,84,162,14,0.3773270484718516,0.2012809290279866,89.07214989868012,0.10495573601890577,38.45524861618115,0.08947771545299275,32.68299890188239,200,0.019108228385448456,False
traffic_source_campaign_name_1416,target_business_002,144,303,23,0.12219567596647846,0.021617512899265515,52.52134930631388,0.01914289289912305,45.14637378612573,0.019594274251797678,53.62331902040527,200,0.0055738999508321285,False
traffic_source_campaign_name_1420,target_business_002,95,202,15,0.1850973855764993,0.1358722401138814,110.58122956265277,0.11817681273383396,143.98485096010737,0.1405477585880158,124.37415576618301,200,0.011329824104905128,False
traffic_source_campaign_name_1421,target_business_002,129,275,20,0.16332699377420612,0.036835925415920054,38.58510564754221,0.02871794031235699,25.49448302766261,0.03288267178303854,30.814538997436436,200,0.007977057248353958,False
traffic_source_campaign_name_1422,target_business_002,110,172,17,0.2271106006175267,0.04418850995999789,18.41059281103262,0.04287416144725322,17.335637043201338,0.03993921519398994,15.100138870128982,200,0.022381315007805824,False
traffic_source_campaign_name_1423,target_business_002,155,278,24,0.23350803506518722,0.048931798836446064,25.009118378677154,0.049626156182725686,25.227764159314237,0.0451556837243273,22.666749693509544,200,0.01319925207644701,False
traffic_source_campaign_name_1424,target_business_002,128,259,20,0.19864136934253626,0.06916453205030165,33.09881251605135,0.05450552648397183,34.971578782366336,0.056276236827037,37.97506391985719,200,0.00843096524477005,False
traffic_source_campaign_name_1425,target_business_002,118,259,19,0.22532149537649857,0.029429772793322012,26.862877667412157,0.04698511050783778,46.68162446741847,0.04837740068421889,49.92650920530432,200,0.010957709513604641,False
traffic_source_campaign_name_1426,target_business_002,87,142,14,0.26206363069959454,0.1311387445161866,63.17384452970833,0.06764445357431183,46.933094837246436,0.09182124338341452,63.190573434087014,200,0.025965096428990364,False
traffic_source_campaign_name_1427,target_business_002,94,109,15,0.44380343492366975,0.07685221330966908,17.617471089324457,0.08156568087625893,19.89202530748894,0.0841359407003525,19.969172249337277,200,0.0233948715031147,False
traffic_source_campaign_name_1432,target_business_001,196,147,30,0.38537726858041715,0.115576486182933,29.28758329504814,0.12963447101436676,34.864961131902284,0.11724400472270723,30.532351640653506,200,0.03506535291671753,False
traffic_source_campaign_name_1433,target_business_001,103,74,16,0.22165865418047317,0.2312805389586042,140.79225970894046,0.1069426425811281,57.30021997002345,0.08470797892172163,39.6507813715503,200,0.1456318497657776,False
traffic_source_campaign_name_1436,target_business_001,466,436,71,0.30756861826246656,0.18495863414302302,202.80604133628222,0.14435137720799623,53.69661676371239,0.15098628859629962,70.31540822039817,200,0.027113866060972214,False
traffic_source_campaign_name_1437,target_business_001,662,484,100,0.23582398342561245,0.1592583528362626,56.90499779280436,0.11876321449390183,60.02269213365108,0.11740455994200023,60.418236719602994,200,0.014518383890390396,False
traffic_source_campaign_name_1438,target_business_001,175,126,27,0.2722245166250468,0.2863505373138817,60.36422514220548,0.21869033300777357,57.0768487754288,0.2110855951289667,55.46892994498437,200,0.04803788289427757,False
traffic_source_campaign_name_1439,target_business_001,273,216,42,0.2143019822727416,0.11518030477842704,47.70040941109981,0.15830019007744717,87.75586289490366,0.13266948990989574,73.45928112372185,200,0.02253391034901142,False
traffic_source_campaign_name_144,target_business_002,77,375,13,0.320977781776671,0.06257603720156125,16.03702067906478,0.06676329712151909,16.828470200058405,0.0752951182978153,18.741562757796043,200,0.0008443387341685593,False
traffic_source_campaign_name_1440,target_business_001,432,376,66,0.24288999324926253,0.1808986924994959,55.52269101767935,0.10609172189855082,35.909066143232806,0.11187231684512862,38.45565261923481,200,0.011253164149820805,False
traffic_source_campaign_name_1441,target_business_001,94,65,15,0.13925469256462936,0.10266210353853428,96.78413911958009,0.021359412704358816,19.33874882453029,0.020643279630296687,18.037594809792996,200,0.03831872716546059,False
traffic_source_campaign_name_1443,target_business_001,82,83,13,0.4305922334903231,0.16650985939800092,93.22425119070239,0.1352891027274628,83.28540670545723,0.1780009611417295,110.65791201954231,200,0.0862080454826355,False
traffic_source_campaign_name_1444,target_business_001,69,51,11,0.41579579528573296,0.2896429303979901,70.86322703737058,0.45526530416426786,94.59372332521836,0.45526530416426786,94.59372332521836,200,0.07755153626203537,False
traffic_source_campaign_name_1445,target_business_001,90,96,15,0.44263750048547706,0.20627576061287498,46.97604074263222,0.29213849713063555,82.39718517095945,0.2774310471440975,72.86327796165423,200,0.047176193445920944,False
traffic_source_campaign_name_1447,target_business_001,168,120,26,0.15344828221119203,0.10951897619519162,51.719845256149746,0.10378947762112174,41.541819232103656,0.09220810372656413,35.95380139419201,200,0.020470166578888893,False
traffic_source_campaign_name_1449,target_business_001,61,42,10,0.3527570704709384,0.1475177564880616,36.15041889851936,0.22592546961258572,49.33909300264068,0.18568642107513714,38.15906857104452,200,0.05613355711102486,False
traffic_source_campaign_name_1457,target_business_002,78,55,13,0.32978459883978967,0.16101489925304438,35.378970413403806,0.11048249371758638,23.079195428376458,0.11146593214111818,22.46214329078174,200,0.033276427537202835,False
traffic_source_campaign_name_1459,target_business_002,147,187,23,0.1295810728186486,0.08540580770282843,38.09571216404996,0.09163095795856097,39.67998021945013,0.07511834996134903,31.85384711467327,200,0.013577785342931747,False
traffic_source_campaign_name_1467,target_business_002,61,43,10,0.18173304268065157,0.41370316197577023,206.42913608359135,0.06989575572738249,36.771169007054475,0.06989575572738249,36.771169007054475,200,0.03815334662795067,False
traffic_source_campaign_name_1475,target_business_002,168,290,26,0.20519431613280498,0.09473013601668764,31.747809651520807,0.09585981007001342,37.28847945412187,0.10457834722889908,42.39664157691712,200,0.008339043706655502,False
traffic_source_campaign_name_149,target_business_002,72,51,12,0.2280062946215996,0.11628129967651697,65.40273903719533,0.033324608133364984,15.228774008901702,0.03276447378997544,15.007522033725538,200,0.010933960787951946,False
traffic_source_campaign_name_1490,target_business_001,90,63,15,0.25007596176251634,0.08664241325348447,59.07355774812251,0.08195055591011388,65.55864640068219,0.0784253512126694,54.464710467703426,200,0.05225961655378342,False
traffic_source_campaign_name_1501,target_business_002,411,295,63,0.16065352303051814,0.0689714648855922,30.569284063880374,0.08746479522234196,43.24799525037289,0.08097095410439775,43.92809695707197,200,0.014204923994839191,False
traffic_source_campaign_name_1502,target_business_002,259,187,40,0.31627148610281686,0.14901512639578174,42.3616766464718,0.14464455540208193,44.86445754117675,0.14454975844433288,45.778826924802694,200,0.019336314871907234,False
traffic_source_campaign_name_1506,target_business_002,411,408,63,0.2184785355719299,0.11512183933834252,50.424496293538226,0.12423191993415954,57.08690262015933,0.11792654844910125,53.84927460713504,200,0.012985086999833584,False
traffic_source_campaign_name_1515,target_business_001,63,47,10,0.23934344190756707,0.2805793607238727,82.74003585061033,0.30024355910564043,51.80347990895373,0.30024355910564043,51.80347990895373,200,0.04841373488306999,False
traffic_source_campaign_name_1516,target_business_001,74,567,12,0.28244177157495065,0.12385966368865876,35.58110346799215,0.11581015516398596,40.81326341039403,0.12381012979438177,48.08648306749624,200,0.003722694469615817,False
traffic_source_campaign_name_1518,target_business_001,83,61,13,0.1851983808270657,0.2657990231922212,86.4310485705608,0.18677543208912115,59.70329936216695,0.19003402378589526,60.625883262409786,200,0.033095862716436386,False
traffic_source_campaign_name_1520,target_business_001,56,100,9,0.1589925770862001,0.14131889630247044,59.7033382410545,0.0002613500597372087,0.11047979797982008,0.0002613500597372087,0.11047979797982008,200,0.016833338886499405,False
traffic_source_campaign_name_1523,target_business_001,150,305,23,0.39844419728459696,0.1874731463695805,30.546909294113256,0.18759843187216652,36.08898351364972,0.1596488608254856,32.02418966485768,200,0.011961179785430431,False
traffic_source_campaign_name_1539,target_business_002,162,117,25,0.3521175688445859,0.1377525377280223,24.277150530550674,0.1592694393721004,30.011749809021705,0.15363556693487004,30.08516584039733,200,0.031336940824985504,False
traffic_source_campaign_name_1541,target_business_002,57,41,10,0.5778017407228353,0.10777808567912413,15.668728333637153,0.0778184294193176,9.684055929964265,0.0778184294193176,9.684055929964265,200,0.049285583198070526,False
traffic_source_campaign_name_1553,target_business_002,64,61,11,0.6004498926856183,0.16105135196639755,23.106005687529304,0.11323659158075279,13.765015780446713,0.11323659158075279,13.765015780446713,200,0.027835682034492493,False
traffic_source_campaign_name_1557,target_business_002,55,39,9,0.31273084015380126,0.21977128218924202,76.73205990001159,0.46861779950688676,68.87723361930544,0.46861779950688676,68.87723361930544,200,0.023402411490678787,False
traffic_source_campaign_name_1558,target_business_002,116,84,18,0.25077313484835245,0.1420498915237419,23.189139364054423,0.10477203478490175,19.166341711071517,0.15452834487492487,26.143737353984125,200,0.023572277277708054,False
traffic_source_campaign_name_1559,target_business_005,132,124,21,0.2858437919276854,0.09375001335223686,24.722795669086796,0.06962403633948809,18.694823720794155,0.07370213290473183,19.086020568065962,200,0.010577402077615261,False
traffic_source_campaign_name_1561,target_business_003,68,79,11,0.46750817861191685,0.1293140411490934,27.79636947492691,0.09442616207036146,16.347128865283867,0.10883788600262208,18.65294443281922,200,0.04179970920085907,False
traffic_source_campaign_name_1562,target_business_003,64,70,11,0.43342425570013554,0.14724133540959838,26.66568228526849,0.1577186213480241,25.40144086626835,0.1457525198182135,21.804614486172056,200,0.023657895624637604,False
traffic_source_campaign_name_1563,target_business_003,60,75,9,0.28087337474310486,0.13684501377968283,57.59726191023117,0.05923353736090659,32.23480116733878,0.06167917488723295,34.360480931183794,200,0.015805747359991074,False
traffic_source_campaign_name_1571,target_business_004,102,77,16,0.18862859892024095,0.11424545090439925,57.92051705753164,0.05629228210246173,30.301408501545673,0.057009705351202346,32.03671623918199,200,0.023044856265187263,False
traffic_source_campaign_name_1572,target_business_004,102,78,16,0.2628537012057125,0.06830872491703563,33.60435655227288,0.08359481950586964,38.730445665776465,0.07521876088118959,36.53145425337091,200,0.02120908349752426,False
traffic_source_campaign_name_1578,target_business_004,69,52,11,0.3085380391536338,0.20163875371170104,105.13210892133034,0.4210227575370193,173.32776545128138,0.40085315795781395,155.6187013801952,200,0.06149214133620262,False
traffic_source_campaign_name_1587,target_business_002,93,144,15,0.28822860934413275,0.20305018627826996,58.80366690887584,0.22161814533758045,75.13118804525163,0.20395659903459235,67.0341895744201,200,0.017611229792237282,False
traffic_source_campaign_name_1590,target_business_001,472,384,72,0.12872957459188095,0.05759665928816477,61.89394484244409,0.05510905640883253,50.686746584029244,0.051413534845604666,46.12054901269872,200,0.012339224107563496,False
traffic_source_campaign_name_1591,target_business_001,133,94,21,0.1768553087986763,0.18922402887790593,150.97508340502156,0.049055055131276,32.92860729533994,0.053948170032317784,36.7413264280637,200,0.031803879886865616,False
traffic_source_campaign_name_1592,target_business_001,676,477,102,0.12719414697976855,0.05765263618413715,53.6544636521179,0.06212058668338792,63.862261031811904,0.060820656964378265,65.90069355205863,200,0.008715570904314518,False
traffic_source_campaign_name_1597,target_business_001,101,76,16,0.3580105923522325,0.25870409730788996,76.07714353537966,0.04503224715447155,11.920913489747258,0.06777308710801394,18.38397120011796,200,0.056461479514837265,False
traffic_source_campaign_name_1600,target_business_001,82,307,13,0.41369193501177354,0.09771811708231481,33.29465285140641,0.10439721525663223,32.09157701820556,0.10198564626459575,31.90428186374035,200,0.01100651454180479,False
traffic_source_campaign_name_1606,target_business_001,66,49,11,0.37225726249431373,0.2111278597333202,105.4630183660489,0.21247322960120985,48.46082902704953,0.21247322960120985,48.46082902704953,200,0.09293538331985474,False
traffic_source_campaign_name_1607,target_business_001,99,71,16,0.16293776428690693,0.597448504549202,464.30914153584615,0.13706058460854398,51.86518595269132,0.16397860070630152,57.055256264582155,200,0.02437244914472103,False
traffic_source_campaign_name_1612,target_business_001,215,264,33,0.3007897857167246,0.12243553763798742,33.618558194973694,0.12215044011383439,38.42732578645265,0.12079280010078455,39.30637451057694,200,0.015846053138375282,False
traffic_source_campaign_name_1622,target_business_001,77,192,13,0.4282913094064423,0.19907899592046602,42.78419423605339,0.19549038390317242,51.39839734107866,0.18108912012907064,45.05345132585658,200,0.006571481470018625,False
traffic_source_campaign_name_1635,target_business_001,157,119,25,0.551074719150377,0.17982400338695498,26.804086815765594,0.15478450408820593,23.086689670769488,0.16127793235787125,23.896660673625465,200,0.036553140729665756,False
traffic_source_campaign_name_1639,target_business_001,79,57,13,0.5808491338767293,0.4101373435769623,112.72737839297177,0.09577477584608118,23.440714726258165,0.1373995508829444,35.37290071005135,200,0.026638269424438477,False
traffic_source_campaign_name_1654,target_business_002,97,110,16,0.23971729719372895,0.08664101614481962,18.269016471976965,0.050781145166718736,10.663538533351964,0.08599238118710734,18.7153632226575,200,0.0234697163105011,False
traffic_source_campaign_name_1656,target_business_002,66,120,11,0.2624256311840111,0.14653023735663004,23.05418159241365,0.057257913282660396,9.000134485808468,0.09834047281051576,15.067690161434378,200,0.038475267589092255,False
traffic_source_campaign_name_1657,target_business_002,159,336,25,0.2963937386698629,0.09663343528673464,22.37915291885742,0.1104752112755024,25.93848131573363,0.113029557635936,26.2906641119173,200,0.012949707917869091,False
traffic_source_campaign_name_1685,target_business_005,63,44,10,0.31726540319267843,0.06891441361571464,36.50805978669794,0.022646849630503132,10.864988093801319,0.022646849630503132,10.864988093801319,200,0.03989068791270256,False
traffic_source_campaign_name_1686,target_business_005,370,266,56,0.25615170767144363,0.07579842626724081,19.096861921145805,0.09539560189099515,26.430209030943892,0.10528068623309111,31.668128294860697,200,0.005636813584715128,False
traffic_source_campaign_name_1689,target_business_002,66,213,11,0.4637894124518123,0.09554985515520148,22.88724036382101,0.14252202063625807,36.07031295991865,0.14252202063625807,36.07031295991865,200,0.007980863563716412,False
traffic_source_campaign_name_1697,target_business_002,148,139,23,0.1748589846295769,0.07241301422381229,27.701896898435436,0.07623918198723181,31.410569548438055,0.06848187694898449,27.364624995640984,200,0.034104954451322556,False
traffic_source_campaign_name_1718,target_business_004,155,374,24,0.27233527850439704,0.10546744610384241,26.83869146126866,0.07094851365428866,20.935326783957017,0.08265959315575572,24.194663197103807,200,0.005107122473418713,False
traffic_source_campaign_name_1720,target_business_004,165,341,26,0.2384714103486991,0.020707342663513373,9.932920713706594,0.023318375404455867,11.68696586166041,0.02792598080795553,13.845951852584731,200,0.005277643445879221,False
traffic_source_campaign_name_1721,target_business_004,239,316,37,0.34499267153853963,0.042701923656183,14.158911599902634,0.0425778134306219,14.065685006312547,0.053420894312709015,17.477756327774912,200,0.012890794314444065,False
traffic_source_campaign_name_1726,target_business_004,149,163,23,0.24941646285261657,0.11431411072299541,35.67078286901362,0.09872254116813335,30.421855498177962,0.09438179743269247,29.628516371508805,200,0.016401883214712143,False
traffic_source_campaign_name_1729,target_business_004,212,157,33,0.13152408689511697,0.05732005306807139,29.511376504190373,0.041879516309139435,21.658479615096454,0.056624641821668896,27.824541737859914,200,0.009747633710503578,False
traffic_source_campaign_name_1731,target_business_004,78,55,13,0.3116519603868409,0.11168319844537146,16.399352677361986,0.06520477353704028,11.256817535229674,0.0956290200271151,15.597395124315508,200,0.05630423128604889,False
traffic_source_campaign_name_1737,target_business_004,54,304,9,0.3763419814281277,0.09113867021546457,17.274077290115166,0.29832624270410724,49.902119858899425,0.29832624270410724,49.902119858899425,200,0.002937063341960311,False
traffic_source_campaign_name_1741,target_business_004,87,61,14,0.4293123175297576,0.09926780800436263,15.896677921117048,0.14703577330747838,28.229162709238974,0.12723072412891126,23.898205707423433,200,0.013656780123710632,False
traffic_source_campaign_name_1750,target_business_004,56,49,9,0.289318193318186,0.09696302094415746,15.778964041126594,0.07716486629550749,13.540910418963959,0.09577801152190078,15.94168097124966,200,0.019615544006228447,False
traffic_source_campaign_name_1754,target_business_004,108,141,17,0.3415706028542136,0.08294331053213899,16.658786360000747,0.0661682341883358,13.406431114558204,0.07901361137073852,16.405209224517044,200,0.013457786291837692,False
traffic_source_campaign_name_1758,target_business_004,281,233,43,0.20825190197810423,0.09948868604195826,26.448311349968872,0.09552914608681977,23.107595105749386,0.10718051400553837,28.15145356312992,200,0.004241363611072302,False
traffic_source_campaign_name_1768,target_business_004,229,210,35,0.34349831038418965,0.0684117991370123,19.31138449095701,0.05453445210137293,13.516322654709578,0.0541943846419155,13.255388463814958,200,0.005138791631907225,False
traffic_source_campaign_name_1772,target_business_004,157,381,25,0.2556090512275161,0.06183869368969644,21.97022316746305,0.06749510301561934,26.50655709781258,0.05850761803803141,21.510087690160976,200,0.007613815367221832,False
traffic_source_campaign_name_1781,target_business_001,70,124,11,0.0875726266775888,0.010559687830808783,20.99193728219905,0.0020097170120848776,4.431249097974039,0.002552860401752453,5.619039191925319,200,0.004762644879519939,False
traffic_source_campaign_name_1785,target_business_002,94,65,15,0.2928062432664731,0.14826207715011344,54.81626851592101,0.08151424404978909,24.285661685534393,0.0750569535246003,21.458358515897157,200,0.025924883782863617,False
traffic_source_campaign_name_1836,target_business_003,90,64,15,0.5520133667494944,0.27158265340951193,44.39707391230374,0.11930597185071234,16.361475817818757,0.12644933189704366,17.082345823925166,200,0.05579513683915138,False
traffic_source_campaign_name_1839,target_business_003,98,80,16,0.1275762177444053,0.07864298441125916,23.335816080109396,0.07428387596727995,18.59814812192524,0.0730319436741854,17.419483880148924,200,0.01928860694169998,False
traffic_source_campaign_name_1843,target_business_003,96,68,15,0.5589544056213992,0.155893938947954,26.79276654649338,0.1206185004149564,21.940193665980512,0.12501714798939845,23.658016891964788,200,0.010619617067277431,False
traffic_source_campaign_name_1854,target_business_003,61,311,10,0.1407403857912329,0.022509266684293986,13.868604719667193,0.02562266407160609,15.777415299996346,0.027914525323163363,16.861451059937345,200,0.0031802449375391006,False
traffic_source_campaign_name_1867,target_business_003,70,281,11,0.5272233140230226,0.06481971567133847,9.117962591808007,0.037895578327815066,5.58673553613177,0.04876047001140715,7.215435914116017,200,0.004272495396435261,False
traffic_source_campaign_name_1875,target_business_003,157,604,25,0.3511454204040784,0.10917832801351261,18.75057548225655,0.10920859293387519,19.859574791004146,0.09996326568770766,18.18255036412951,200,0.0028009936213493347,False
traffic_source_campaign_name_1919,target_business_004,182,130,28,0.2674735484403325,0.10450201553364395,43.656683635226365,0.051491437319905665,24.505038141897995,0.04540313553608147,22.513606730774008,200,0.010914805345237255,False
traffic_source_campaign_name_1920,target_business_004,83,59,13,0.4858045073439855,0.2172157237576621,48.38199533576146,0.21452750611077837,47.364762976218685,0.22461882116934845,49.845885413784906,200,0.05047574266791344,False
traffic_source_campaign_name_1921,target_business_004,181,141,28,0.4171096692775191,0.04345465729343129,8.389041972946714,0.05449776077437324,10.637397876258312,0.05277810372800019,10.177777438661435,200,0.016856998205184937,False
traffic_source_campaign_name_1924,target_business_002,94,70,15,0.387830543071822,0.08546413013753903,21.433396225543692,0.08899847971459453,20.994907706588638,0.08437915502915237,20.194076172939127,200,0.012109997682273388,False
traffic_source_campaign_name_1943,target_business_002,201,165,31,0.4093512487179594,0.15424111491066472,28.340173257398106,0.1368812072674704,27.722528355416216,0.12638211927960039,25.65920762601201,200,0.017176102846860886,False
traffic_source_campaign_name_1947,target_business_002,59,41,10,0.5149084451277126,0.16250539843133963,18.41044624930739,0.18731284148827415,20.11257246225864,0.18731284148827415,20.11257246225864,200,0.02088356949388981,False
traffic_source_campaign_name_1948,target_business_002,63,129,10,0.48627484044630503,0.08147271115084267,12.466989932051224,0.053185077347583674,7.163235854885622,0.05663373858017273,7.392748241476603,200,0.011667775921523571,False
traffic_source_campaign_name_1950,target_business_002,73,82,12,0.07575565161917343,0.022064962810232867,30.62549970113545,0.002423542445218512,3.278874349568322,0.0035267802521608167,4.8109251111372755,200,0.0004896264872513711,False
traffic_source_campaign_name_1963,target_business_002,58,89,10,0.5969000695753084,0.07231853594720265,10.456245597210943,0.09379472271914147,14.40241009238607,0.09379472271914147,14.40241009238607,200,0.02503715641796589,False
traffic_source_campaign_name_1964,target_business_002,61,72,10,0.3147631743046232,0.06908325610481318,16.216100638807884,0.048047526183347844,10.490577851525531,0.048047526183347844,10.490577851525531,200,0.01757575385272503,False
traffic_source_campaign_name_1968,target_business_002,87,113,14,0.4000078310423714,0.04102491912170303,8.822349070424567,0.034274027673330085,5.836780695202376,0.04616567839476395,8.607699385686447,200,0.01374258566647768,False
traffic_source_campaign_name_1975,target_business_002,70,115,11,0.5090004330394563,0.07489466922622387,12.704218262470762,0.06632570105104528,11.336746711901835,0.05998669407157353,10.48062271217405,200,0.010934852994978428,False
traffic_source_campaign_name_1999,target_business_002,60,49,9,0.5473507651620433,0.378601962274143,53.01589627201005,0.05178236827152616,7.540164097734142,0.05178236827152616,7.540164097734142,200,0.023558415472507477,False
traffic_source_campaign_name_2002,target_business_002,94,82,15,0.5994375115198453,0.0903052689890423,14.736787911809612,0.044570476563723024,7.369693871872955,0.06589691623555005,11.1543417624359,200,0.03509509190917015,False
traffic_source_campaign_name_2016,target_business_005,63,64,10,0.17928376462823065,0.13534982854859745,36.79326567344565,0.06360339193272205,16.109478422423436,0.08618367930103034,21.75673528291323,200,0.0270839836448431,False
traffic_source_campaign_name_2017,target_business_005,72,65,12,0.30154978240026037,0.23905415653885154,98.76180150785456,0.049631130507065704,14.590270771225555,0.051280508220190285,15.16824962030475,200,0.038274772465229034,False
traffic_source_campaign_name_2022,target_business_005,276,196,42,0.15696237441203437,0.04141343217350539,19.362573030902542,0.037065744809053204,18.500346814248108,0.03933584060131858,19.94557639038822,200,0.017014222219586372,False
traffic_source_campaign_name_2028,target_business_005,246,179,38,0.19795509191973554,0.15281285344816958,55.03333458192915,0.12963832199546485,67.44004994426102,0.11331029269715116,62.460985207682775,200,0.021427921950817108,False
traffic_source_campaign_name_2035,target_business_001,73,63,12,0.4237072120570654,0.2462877027465437,80.28233451391802,0.171449452338662,64.49897516302222,0.14662229567670768,58.00117873497673,200,0.04697062820196152,False
traffic_source_campaign_name_2036,target_business_001,136,99,21,0.2426086903897361,0.14236609950623957,51.92523859801263,0.11590424702116786,53.935871150638626,0.12955460494211402,58.568636342056045,200,0.03492627665400505,False
traffic_source_campaign_name_2038,target_business_002,117,114,19,0.19276659673647886,0.07961854127473043,38.83612891993211,0.07146539644909801,41.8992743527746,0.07680174539935497,45.31228785457021,200,0.025433208793401718,False
traffic_source_campaign_name_2041,target_business_002,58,79,10,0.09482156658493325,0.05680213953696617,49.31634098536848,0.03987825397335735,32.96100330957905,0.03987825397335735,32.96100330957905,200,0.017137881368398666,False
traffic_source_campaign_name_2068,target_business_005,112,98,18,0.27720461077629543,0.06846079764527763,11.310550447732385,0.06247986841280063,11.435316885213505,0.10769195287331909,19.25442711594653,200,0.022475510835647583,False
traffic_source_campaign_name_2069,target_business_005,62,63,10,0.6013028209145251,0.10747118645858011,15.462254099071624,0.23635693012417675,24.341935522801972,0.23635693012417675,24.341935522801972,200,0.033886246383190155,False
traffic_source_campaign_name_2070,target_business_005,90,77,15,0.3610784310840105,0.07203141133026966,14.579569128420475,0.08181896162782609,14.914234385722644,0.12548442745554791,21.998452390187857,200,0.01401570811867714,False
traffic_source_campaign_name_2093,target_business_005,124,145,20,0.47603902905196316,0.1125899129281472,16.091559755684067,0.11789734958340141,17.069191853755463,0.12299838349285279,17.355591817142567,200,0.02243903838098049,False
traffic_source_campaign_name_2095,target_business_001,84,110,14,0.2964665828408387,0.10355650987489716,26.786257756437404,0.09206424835440004,27.638137736905616,0.08016671666199247,24.175535583260306,200,0.021465271711349487,False
traffic_source_campaign_name_210,target_business_002,520,530,78,0.42176756428337847,0.05437123212241896,33.820614473906005,0.039744278177012586,18.444015571367142,0.05263129328220218,30.902005632895957,200,0.007921405136585236,False
traffic_source_campaign_name_2100,target_business_002,548,429,83,0.11731313971146563,0.07480307657678649,76.2456367133785,0.07142374826552247,61.1097817278645,0.06534105637868573,58.90387770072436,200,0.022295808419585228,False
traffic_source_campaign_name_2105,target_business_002,514,440,78,0.16936019241804495,0.11723953868795683,37.14844732816325,0.10299122253209084,45.569884465348274,0.10012399174618465,43.42971192159126,200,0.014608827419579029,False
traffic_source_campaign_name_211,target_business_002,214,152,33,0.1953515346271461,0.17721958519904893,156.25729162484825,0.16217398998697027,101.86215343696026,0.15994181254144635,130.84371453239245,200,0.03833013400435448,False
traffic_source_campaign_name_212,target_business_002,208,155,32,0.354999688157221,0.11131633184445175,20.82683065654273,0.11371408484954112,22.081167037859533,0.10131663557651144,19.49019998457405,200,0.028073957189917564,False
traffic_source_campaign_name_2123,target_business_002,68,109,11,0.18616709198629633,0.13042358301803655,35.5316589657576,0.02987837138741246,10.812070701874637,0.05142114519587412,18.100827767650273,200,0.009150129742920399,False
traffic_source_campaign_name_2155,target_business_002,116,126,18,0.252873544693615,0.14874860064266987,49.51285659759309,0.11920547533092661,36.93586644579044,0.16116846205088536,49.679034444267074,200,0.02716660499572754,False
traffic_source_campaign_name_2157,target_business_002,54,50,9,0.2947932596286051,0.24263784693479173,66.21538056231401,0.22284762777531128,98.90205337056773,0.22284762777531128,98.90205337056773,200,0.06374473124742508,False
traffic_source_campaign_name_2159,target_business_002,166,131,26,0.1608638877679153,0.03570154849762468,36.04909320988147,0.03149560874893861,32.05113295528418,0.03062612855507668,30.76738000946206,200,0.010531985200941563,False
traffic_source_campaign_name_2162,target_business_002,299,273,46,0.23804627826106187,0.07904606587051147,52.684579175364135,0.09423598693731641,59.208339036757316,0.0803401869073028,49.790079233419455,200,0.016080494970083237,False
traffic_source_campaign_name_2170,target_business_002,72,50,12,0.2884074922586948,0.11968267584087877,46.070320348433846,0.11588317114231747,55.973157778565366,0.11623940754085571,56.241487825731525,200,0.07919371873140335,False
traffic_source_campaign_name_2172,target_business_002,60,60,9,0.30405420375186665,0.04995682831815337,19.608658941683583,0.020970948093501807,8.45932850220829,0.020970948093501807,8.45932850220829,200,0.023390721529722214,False
traffic_source_campaign_name_2174,target_business_002,59,115,10,0.19116461446581595,0.19598282867776495,85.54453198140163,0.19475200473758814,117.92020860296158,0.19475200473758814,117.92020860296158,200,0.005650765728205442,False
traffic_source_campaign_name_2183,target_business_002,604,435,92,0.29725562672225186,0.07224576613202209,37.337452717036065,0.07198570147085821,32.66808065356287,0.06730663983334538,31.167656802009606,200,0.013692503795027733,False
traffic_source_campaign_name_2198,target_business_005,57,118,10,0.19096640252671007,0.03697851784074686,11.659124208882519,0.0388949118736037,14.344925008776944,0.046262042463781045,16.951915513100534,200,0.008026962168514729,False
traffic_source_campaign_name_2205,target_business_005,55,126,9,0.319924945070273,0.6746606706080083,124.11692749603208,0.03279041126401343,6.346297182504449,0.059508524145802155,11.791103332545157,200,0.012910173274576664,False
traffic_source_campaign_name_2209,target_business_005,64,310,11,0.38420726825122586,0.13236641669328586,17.736755616777327,0.1396836607791965,18.454383638038056,0.11675369765896922,14.68342284740676,200,0.0056033656001091,False
traffic_source_campaign_name_2211,target_business_005,56,192,9,0.46365270116854074,0.11534765823949063,19.582306201711898,0.07708347525944093,14.742391174706734,0.06485052342348474,12.669123136236632,200,0.008820769377052784,False
traffic_source_campaign_name_2217,target_business_005,57,46,10,0.3313773561457874,0.24603667858059086,40.28237512760714,0.10606735891741999,19.603504902412357,0.10606735891741999,19.603504902412357,200,0.033609695732593536,False
traffic_source_campaign_name_2218,target_business_005,117,103,19,0.09404626939659745,0.03499143340159684,37.1171535314249,0.02719751949205528,26.076409064752543,0.03204739345179994,30.98049473219426,200,0.04309951141476631,False
traffic_source_campaign_name_222,target_business_002,61,292,10,0.3143907049015575,0.1142856123967929,15.934815557015936,0.1573783679069082,21.77684876888817,0.1573783679069082,21.77684876888817,200,0.003832087852060795,False
traffic_source_campaign_name_2224,target_business_005,63,45,10,0.30949293224738555,0.2606515324859715,205.88259053576263,0.04148312570687372,28.916460653857158,0.04148312570687372,28.916460653857158,200,0.044530414044857025,False
traffic_source_campaign_name_2225,target_business_005,124,221,20,0.23157598940435858,0.09125429232884844,33.18717430221011,0.07865524907654259,33.20954127872965,0.07692581039817259,34.02434748290631,200,0.012625930830836296,False
traffic_source_campaign_name_2227,target_business_005,77,107,13,0.23327558508089924,0.09258457786489593,19.10574932148361,0.12268603580898936,27.063827977732792,0.11464787967247927,23.487054385072287,200,0.011170337907969952,False
traffic_source_campaign_name_2229,target_business_005,99,136,16,0.5057959100937571,0.07323308975706787,11.322533271284716,0.05189434040590109,7.57076940266368,0.06462592141791497,9.472899152163869,200,0.014839144423604012,False
traffic_source_campaign_name_2231,target_business_005,61,62,10,0.5102392521894135,0.15438290438219426,26.044512281317324,0.02961037070582906,4.7947327615557995,0.02961037070582906,4.7947327615557995,200,0.05667410418391228,False
traffic_source_campaign_name_2233,target_business_005,81,224,13,0.4939352507644557,0.10854244990166702,18.844875062360256,0.10462191861454047,18.821249936343083,0.10697124439069942,19.044244685199892,200,0.010429020039737225,False
traffic_source_campaign_name_2243,target_business_005,184,202,29,0.45135522924778043,0.061878161068299124,13.880317153429974,0.05794859666513111,13.537662140110326,0.059029463182268295,13.934532285281215,200,0.02575434371829033,False
traffic_source_campaign_name_2257,target_business_005,90,186,15,0.38213573539193796,0.28794802157699,43.341521568173015,0.20813552123703127,34.074339126502636,0.22127121021935298,36.268801231760875,200,0.024951433762907982,False
traffic_source_campaign_name_2261,target_business_005,108,157,17,0.23331338273371996,0.15203307025548501,34.59602817828053,0.11197184389372329,20.059807208912027,0.10924271995543931,19.166590731833526,200,0.012453409843146801,False
traffic_source_campaign_name_2271,target_business_005,103,73,16,0.16647171177405756,0.200903190048026,54.63090261843653,0.09992634557663208,34.45204768442156,0.10549788664788785,43.55861815322948,200,0.03134308010339737,False
traffic_source_campaign_name_2284,target_business_005,76,64,12,0.3699851054241736,0.22159145898612742,49.10405835560071,0.22645899201480546,54.295947212427485,0.21045004118642352,51.83096202346784,200,0.029973134398460388,False
traffic_source_campaign_name_2288,target_business_005,72,55,12,0.22272424230292506,0.12614895795330422,79.18925884662839,0.07926335398695988,31.870158355531707,0.07139991596808815,28.137519466642825,200,0.017355244606733322,False
traffic_source_campaign_name_2290,target_business_001,58,69,10,0.1398777947861242,0.11107532208923392,191.40986468651835,0.05227931729061298,114.37993339917621,0.07599816889972982,209.65915569817167,200,0.05391187220811844,False
traffic_source_campaign_name_2292,target_business_002,55,91,9,0.26578619984524565,0.171825669876035,45.54794469638628,0.24546417730943232,56.35646428454027,0.24546417730943232,56.35646428454027,200,0.030233735218644142,False
traffic_source_campaign_name_2304,target_business_001,56,45,9,0.3015446021026929,0.37869074383597046,47.74029038190416,0.5039401165799207,101.58856489372032,0.5039401165799207,101.58856489372032,200,0.022395547479391098,False
traffic_source_campaign_name_2305,target_business_001,70,54,11,0.4028736454661959,0.19074399365922673,36.99005621836334,0.28952186068995245,41.553050763827606,0.28952186068995245,41.553050763827606,200,0.03338194638490677,False
traffic_source_campaign_name_2318,target_business_001,223,395,34,0.21459077799598297,0.07251387864295154,31.363048934149678,0.07952150141852266,34.65564551347215,0.07017889118576688,28.792388492245678,200,0.009275296702980995,False
traffic_source_campaign_name_2320,target_business_001,215,435,33,0.2207700107201831,0.0671616731398443,23.424833081229885,0.05486302329975797,22.098910099436416,0.05729414294746471,23.8890107105057,200,0.007308925036340952,False
traffic_source_campaign_name_2329,target_business_001,64,126,11,0.18454681300413572,0.07468365382406625,31.42641698100298,0.06201894858611281,30.353495277677695,0.059404313695358514,29.507650148906034,200,0.006886315997689962,False
traffic_source_campaign_name_2333,target_business_001,108,78,17,0.207715036943361,0.07829312749425597,58.05448923999682,0.05274671731279737,42.15803275627004,0.052028270358309286,39.480124322137,200,0.047159500420093536,False
traffic_source_campaign_name_2335,target_business_001,543,414,82,0.13676291628823448,0.042628356829054734,41.49539241711938,0.03690334587557345,30.744141038551277,0.03493844216634532,28.866333457259643,200,0.01026170514523983,False
traffic_source_campaign_name_2344,target_business_004,97,68,16,0.39549184752140093,0.1333534660909556,28.282375395589597,0.13978222165277282,32.5699523583057,0.14318187439681948,34.56356201745946,200,0.03481804206967354,False
traffic_source_campaign_name_2345,target_business_004,522,393,79,0.22123940656174354,0.0310357344733482,14.301292227675372,0.025585678456141396,10.824123337050928,0.02689853948601988,10.953793815195416,200,0.006889664568006992,False
traffic_source_campaign_name_2352,target_business_003,95,67,15,0.20689188561485103,0.18410018564318886,84.97821421608406,0.09814537828036814,35.831120924506116,0.11567743239594075,46.135331725603535,200,0.027674727141857147,False
traffic_source_campaign_name_236,target_business_002,60,148,9,0.2637862631297133,0.12866530921550026,28.197191000919275,0.26950054578962784,51.45751537300607,0.26950054578962784,51.45751537300607,200,0.010845549404621124,False
traffic_source_campaign_name_2368,target_business_003,93,75,15,0.3835630695951245,0.3911815449674148,90.4870493019712,0.08537007653986935,20.440469051130794,0.09278735691494333,22.284541606702092,200,0.036628324538469315,False
traffic_source_campaign_name_2383,target_business_003,75,183,12,0.2798127720741509,0.2359346483890973,53.657172996860226,0.2418195376584638,67.16104240911886,0.24562622873025558,67.69593702023441,200,0.011839610524475574,False
traffic_source_campaign_name_2409,target_business_003,84,124,14,0.2995760988064282,0.08601436464323013,18.385573878837825,0.054504884143723585,13.528689235814264,0.07273305740706523,15.94006222194749,200,0.02168426476418972,False
traffic_source_campaign_name_2428,target_business_003,94,322,15,0.22303348900442418,0.08432089921860748,43.512594108204105,0.11767804310689495,58.46976913276482,0.11291365640138948,59.74897711043663,200,0.008471577428281307,False
traffic_source_campaign_name_244,target_business_002,70,56,11,0.07151595342717039,0.06004468566275071,260.95771196857174,0.00437933609846441,20.826987029994555,0.00437933609846441,20.826987029994555,200,0.0013695814413949847,False
traffic_source_campaign_name_245,target_business_002,75,54,12,0.44733126364329745,0.03230793827463109,8.530879043490211,0.05340154771650586,15.822894842966267,0.058360427906951826,17.483469908870244,200,0.04891316592693329,False
traffic_source_campaign_name_2464,target_business_002,62,86,10,0.4312821885540545,0.1278986949733644,35.609046962018304,0.15409436385384584,45.838109859165435,0.13766094924413944,37.98746233637157,200,0.02972840890288353,False
traffic_source_campaign_name_2479,target_business_002,55,39,9,0.3300341371572577,0.20681712891620743,98.91002096132485,0.04748069890288509,17.41249913808974,0.04748069890288509,17.41249913808974,200,0.043469466269016266,False
traffic_source_campaign_name_2480,target_business_002,83,60,13,0.3275410431231157,0.8048698995024178,169.40622365936957,0.10229828488600418,18.831970277886473,0.1044556599067877,21.246212233495537,200,0.03694218397140503,False
traffic_source_campaign_name_2481,target_business_002,144,100,23,0.18030118149005853,0.1002430386049042,49.798990508806206,0.10867775862080721,55.58369411124241,0.10008613898664148,50.42636090563938,200,0.05220245197415352,False
traffic_source_campaign_name_2491,target_business_002,271,255,42,0.13649311249009588,0.09154806330204424,42.19530179133158,0.08136779840929183,35.91447758777342,0.0673997083702726,28.97524483005428,200,0.0035647889599204063,False
traffic_source_campaign_name_2516,target_business_002,60,118,9,0.1900880362790057,0.158655445253992,52.351618024674394,0.12117064268022418,35.73625528642829,0.12117064268022418,35.73625528642829,200,0.006181736476719379,False
traffic_source_campaign_name_2523,target_business_002,85,87,14,0.25972357574439375,0.14099229754702133,123.49567346813859,0.07468422442604887,61.72219226186765,0.06509681014306659,55.34600297223326,200,0.023400496691465378,False
traffic_source_campaign_name_2525,target_business_002,94,78,15,0.3595235481503481,0.0651861328004088,52.774570270457666,0.072424250522274,67.1303530655635,0.07423341080713504,67.0205687670418,200,0.03423577919602394,False
traffic_source_campaign_name_2547,target_business_002,94,65,15,0.29393463847474366,0.24717763162092402,70.47315970938206,0.09627140720829472,24.096335452743006,0.08597720337318253,20.781472524138287,200,0.06215481087565422,False
traffic_source_campaign_name_256,target_business_004,99,90,16,0.3381113402246301,0.09378781122525978,225.51720733448582,0.12015561042733114,499.42681956824293,0.09104911751438438,391.96958614587953,200,0.023531783372163773,False
traffic_source_campaign_name_2581,target_business_002,216,173,33,0.2136895040042765,0.19022692119752427,98.92378586106592,0.14143634081615614,54.416426817443195,0.1587367513728418,62.12384433636934,200,0.02617056667804718,False
traffic_source_campaign_name_2588,target_business_002,188,513,29,0.21722226674914077,0.1763419505544355,107.4140303844681,0.13205484227831987,62.45729255785065,0.13273342787999387,68.35465130870084,200,0.003342665731906891,False
traffic_source_campaign_name_259,target_business_004,280,255,42,0.1696024174895975,0.06147669533949004,31.775396643582017,0.06528709711224619,32.3471082608956,0.05742999729965759,27.63348824561446,200,0.009319177828729153,False
traffic_source_campaign_name_2592,target_business_002,58,105,10,0.3021021589904084,0.16882788066585477,45.210305164021754,0.4160798527212059,141.119133985486,0.4160798527212059,141.119133985486,200,0.032353129237890244,False
traffic_source_campaign_name_2619,target_business_002,245,398,38,0.20296605454694525,0.16980637724506048,68.56571700542443,0.14993137125646305,58.20823466178576,0.15033062139929051,62.16959870638002,200,0.007422228809446096,False
traffic_source_campaign_name_2628,target_business_002,159,528,25,0.22198830622242788,0.14021166357088877,82.19112114062749,0.11953359752992108,59.53413624543219,0.10983467263167894,53.47424326911809,200,0.004787912126630545,False
traffic_source_campaign_name_2631,target_business_002,74,489,12,0.2854076866247251,0.09234784008839919,23.41925747594592,0.09962173419323521,24.155964344548188,0.10943289229927161,26.38579785659819,200,0.004663615953177214,False
traffic_source_campaign_name_2633,target_business_002,62,106,10,0.2131887036328514,0.11870567553064415,75.74905741379561,0.04867371278170751,30.49359951090723,0.04867371278170751,30.49359951090723,200,0.02065720036625862,False
traffic_source_campaign_name_2657,target_business_002,142,386,22,0.20275811674381888,0.1392130647671729,40.91899520193887,0.15669851768750942,67.8687232030032,0.1394468769546336,59.81538599234645,200,0.002864871872588992,False
traffic_source_campaign_name_2658,target_business_002,73,63,12,0.03721242054882337,0.026823196273572703,88.12603316943014,0.005264709290744868,13.660529857070003,0.005462136829103334,14.11877455319607,200,0.02660057507455349,False
traffic_source_campaign_name_2664,target_business_002,76,87,12,0.38535282824296835,0.07881018915307952,30.547016125172004,0.07024490493407445,31.82986851101508,0.07056651998371284,32.863476510389425,200,0.036048661917448044,False
traffic_source_campaign_name_2673,target_business_002,84,59,14,0.34570241636663546,0.5234247740099535,329.83697428194756,0.23605044386671611,98.57891418762043,0.1977552912709367,80.12064119750953,200,0.046180274337530136,False
traffic_source_campaign_name_270,target_business_004,98,93,16,0.24532000598961687,0.10243695500766277,33.59368410826712,0.07442735494742508,30.14935270014022,0.08468480122774952,35.12171919341536,200,0.01748274266719818,False
traffic_source_campaign_name_274,target_business_004,540,505,81,0.32979213590995793,0.07499303293012323,18.336426277783733,0.06986767971591326,18.262826300559134,0.06980681776909325,17.865325909851183,200,0.0121222622692585,False
traffic_source_campaign_name_2742,target_business_001,268,224,41,0.15168009929981574,0.053293589641106344,34.98253865697241,0.05102605672078507,34.78215415819064,0.062214617883707794,44.5411076391075,200,0.022699499502778053,False
traffic_source_campaign_name_2744,target_business_001,115,113,18,0.2943935411164589,0.1199004824021464,50.70831803839874,0.10879336082875077,49.48781783690652,0.09106400123788892,42.042497737601295,200,0.02266867458820343,False
traffic_source_campaign_name_2746,target_business_001,54,39,9,0.2656931058612211,0.3749473001470558,55.28058401166186,0.15900857959961867,27.34597255424614,0.15900857959961867,27.34597255424614,200,0.07456496357917786,False
traffic_source_campaign_name_2748,target_business_001,308,241,47,0.21227159412963537,0.09458568883811626,26.772379356471788,0.09197419805807577,28.224848627814332,0.08433701186049503,25.464950602068647,200,0.012907658703625202,False
traffic_source_campaign_name_2749,target_business_001,103,233,16,0.16665539776020136,0.06091801215225938,43.021147390072976,0.043928291345085184,33.63005727677494,0.06035614655451628,47.69295102305476,200,0.005410520359873772,False
traffic_source_campaign_name_2750,target_business_001,81,84,13,0.1405087313102033,0.08750275475803519,57.08542814311054,0.0845080039442648,58.51212289609836,0.0775910018359894,49.22001703116033,200,0.015008533373475075,False
traffic_source_campaign_name_2754,target_business_002,299,250,46,0.18191755683255872,0.06721064884536378,54.80374086745413,0.0757715525055617,59.588140108007494,0.06928347659633222,56.12114485808568,200,0.018705807626247406,False
traffic_source_campaign_name_276,target_business_004,282,213,43,0.21844456706276041,0.032878292121092854,10.322554655619784,0.029633405261211002,9.755408034841816,0.036097051385960754,12.087801587025252,200,0.025629250332713127,False
traffic_source_campaign_name_2767,target_business_004,104,81,17,0.11928438859839187,0.07097141021424992,112.38282540278558,0.014304533650189315,24.332164208282656,0.010906352957210493,18.54431470881291,200,0.014298589900135994,False
traffic_source_campaign_name_2768,target_business_004,328,253,50,0.32567370536787665,0.06797440883798704,31.505339362018763,0.07648348805604067,33.45846536680618,0.07263146451742923,31.929670368168512,200,0.013870947062969208,False
traffic_source_campaign_name_2769,target_business_004,130,92,20,0.2653710758278616,0.05775167426726112,38.25025156834379,0.04445285603335387,33.956316005069425,0.06496205935190598,45.88731743383852,200,0.02196546643972397,False
traffic_source_campaign_name_2771,target_business_004,200,253,30,0.3449042144476349,0.06616864322846502,24.985108838306058,0.030434420573427136,11.008922704279906,0.032195329456723695,11.690939894306256,200,0.007780812215059996,False
traffic_source_campaign_name_2774,target_business_004,84,156,14,0.561161513997879,0.09024479800646357,13.736328878308464,0.041619232624620785,6.298874692832185,0.042525318212469264,6.395035150008875,200,0.016353914514183998,False
traffic_source_campaign_name_2775,target_business_004,111,153,18,0.5284042216678314,0.05942063722369174,10.987717466649393,0.0569737185734613,10.895619858067585,0.07390635058682803,14.089259672619766,200,0.019163241609930992,False
traffic_source_campaign_name_2781,target_business_004,139,98,22,0.38708202424672167,0.24166661746393106,61.849466571126435,0.18436436362711192,55.029066679475115,0.18115083752329147,54.568901487942135,200,0.028423642739653587,False
traffic_source_campaign_name_2783,target_business_004,315,221,48,0.3191789819908662,0.06483657569342294,24.648888994579508,0.07209914137461514,27.735206201229843,0.07149653486284484,28.757968745084266,200,0.014861585572361946,False
traffic_source_campaign_name_2784,target_business_004,161,113,25,0.3230733931867008,0.17082075818215892,87.40801546186688,0.15406184935514566,72.16989516927987,0.1480082161866959,68.54060373025327,200,0.02208767831325531,False
traffic_source_campaign_name_2787,target_business_004,94,70,15,0.35998451004044274,0.2047588660560852,30.178816109747526,0.12894611485291488,17.119522617498983,0.16972094645341848,22.702428861934962,200,0.029198599979281425,False
traffic_source_campaign_name_2797,target_business_002,170,326,27,0.12742339921724297,0.06596509012181505,51.32225689227562,0.04091641624766736,43.799858545670006,0.03535015041656494,36.880561111023816,200,0.006225707475095987,False
traffic_source_campaign_name_2804,target_business_002,54,129,9,0.29077077775589466,0.15592323021223436,66.96650349606128,0.3153561011181333,317.69207223752704,0.3153561011181333,317.69207223752704,200,0.01590961217880249,False
traffic_source_campaign_name_282,target_business_004,58,52,10,0.24895895837532306,0.1278840825087788,25.125771911517127,0.06878513649326112,12.732905140346343,0.06878513649326112,12.732905140346343,200,0.04897991195321083,False
traffic_source_campaign_name_284,target_business_004,59,42,10,0.26058073053635916,0.5626207285725974,79.18602404351938,0.08798681272391617,11.869227283643518,0.08798681272391617,11.869227283643518,200,0.03954779729247093,False
traffic_source_campaign_name_286,target_business_004,94,66,15,0.19195714752868098,0.2501938970171042,49.35589700979294,0.22788750222837867,57.5153244300129,0.23196234818133527,59.31026760472922,200,0.02185817062854767,False
traffic_source_campaign_name_287,target_business_004,83,58,13,0.22818342328642363,0.2989182917806003,62.458897498014586,0.2607063098920982,44.32865577237091,0.27421656413329243,46.05618154599619,200,0.0572093240916729,False
traffic_source_campaign_name_289,target_business_004,55,39,9,0.08707703329042141,0.10759220896706179,191.47027548556895,0.05568859679051941,65.20177767420961,0.05568859679051941,65.20177767420961,200,0.021343965083360672,False
traffic_source_campaign_name_290,target_business_004,56,58,9,0.41936888002082073,0.4583835710539094,51.090723451200894,0.20331487865176368,25.5201048951049,0.20331487865176368,25.5201048951049,200,0.01709076203405857,False
traffic_source_campaign_name_291,target_business_004,337,235,52,0.17721178757735834,0.06124422613698897,23.38442048509168,0.06959818971180448,29.396812117372768,0.060315999538548444,24.886542741019042,200,0.007460803724825382,False
traffic_source_campaign_name_294,target_business_004,118,83,19,0.25336389263326453,0.1712246753747609,29.2463156268774,0.13633165890882856,22.516911678272695,0.13445006580615268,21.155068483175132,200,0.03210652619600296,False
traffic_source_campaign_name_295,target_business_004,69,49,11,0.4127055690672273,0.12462640706806184,22.682978235939967,0.1649438979636966,27.981918507018825,0.1649438979636966,27.981918507018825,200,0.048307061195373535,False
traffic_source_campaign_name_297,target_business_004,92,335,15,0.19342635286632454,0.09319454931176728,28.991006758266995,0.031625200467636595,10.883665519952295,0.03827088493044504,13.673393848473994,200,0.0034619984216988087,False
traffic_source_campaign_name_311,target_business_004,372,365,57,0.24938673881696477,0.10632694014773096,25.710459804143625,0.09880061300475419,30.11335161210731,0.10752158768020094,34.665013973522946,200,0.011281782761216164,False
traffic_source_campaign_name_315,target_business_004,238,167,37,0.41104561431016023,0.3284162934971796,51.852615301064176,0.12780542749235432,21.456631884651653,0.12654678466639607,22.24130319721046,200,0.010230639949440956,False
traffic_source_campaign_name_319,target_business_004,196,305,30,0.17735502435800857,0.05928054378448821,2263.481207304544,0.05696354366056298,1935.2320285444246,0.054318878444128034,2104.4189226865187,200,0.004566146060824394,False
traffic_source_campaign_name_329,target_business_002,71,200,12,0.28309422087216846,0.05764310416362396,17.847367914113967,0.04758799924847317,16.489064975729207,0.06077644855300787,19.752104114971107,200,0.01544949971139431,False
traffic_source_campaign_name_330,target_business_002,127,168,20,0.13590336472178033,0.053219881308625275,28.987885751124626,0.06625858532164511,32.01793455279594,0.0605628158142632,29.085122112598405,200,0.004642948508262634,False
traffic_source_campaign_name_334,target_business_002,194,196,30,0.09053987505638228,0.029805490419767607,39.787220420234654,0.024683593161637443,33.14194778706571,0.023255458127888113,29.48468495165165,200,0.00565069867298007,False
traffic_source_campaign_name_340,target_business_002,107,75,17,0.22388213754826383,0.08368005895990145,30.148654213267395,0.08631793412685981,29.55589060121869,0.07659685228330956,25.970671448531185,200,0.04435842111706734,False
traffic_source_campaign_name_344,target_business_002,80,57,12,0.13658740294440577,0.2887253535731439,121.29231354666197,0.3276951736192498,109.7367504756403,0.3057493917404781,91.650917108477,200,0.06876076757907867,False
traffic_source_campaign_name_345,target_business_002,136,215,21,0.3742148291573312,0.13469712668504466,19.729274882454988,0.16561755715679413,26.733303211763154,0.14124710032160573,22.5266436146702,200,0.015153195708990097,False
traffic_source_campaign_name_346,target_business_002,58,187,10,0.27478872550437045,0.15519236968795364,31.416227770132615,0.1749897532584638,34.50338804367987,0.1749897532584638,34.50338804367987,200,0.005352271255105734,False
traffic_source_campaign_name_347,target_business_002,62,178,10,0.4946834343734275,0.08575791370661727,19.582428940343355,0.05764081632378192,11.0667971658778,0.07209741840972651,14.337487388704176,200,0.012593426741659641,False
traffic_source_campaign_name_349,target_business_002,186,211,29,0.26800734920198627,0.16023436149326387,35.6687565115081,0.08812632327088951,29.715789640379388,0.11166455853891873,34.05512059251119,200,0.009595861658453941,False
traffic_source_campaign_name_356,target_business_002,110,89,17,0.19057221308296055,0.07859070889918207,34.30644969182177,0.07387319284146787,36.33089644015697,0.07520211689817503,38.28572182625223,200,0.035752128809690475,False
traffic_source_campaign_name_358,target_business_002,69,48,11,0.37243309242617306,0.18369260433998424,31.25877493279214,0.18624806225151408,32.22979420760615,0.17395152961052515,29.195292050349575,200,0.03350812941789627,False
traffic_source_campaign_name_359,target_business_002,156,118,24,0.2982333138568745,0.28070449904241423,99.4270587671961,0.20360350128290847,81.15083790814136,0.23329793906041957,86.60283880008033,200,0.025756163522601128,False
traffic_source_campaign_name_362,target_business_002,110,114,17,0.21063464838265328,0.1353239207281884,35.10538840387817,0.17532755668021371,49.15718957174052,0.16096253604322389,45.61818859221012,200,0.01809549145400524,False
traffic_source_campaign_name_366,target_business_002,78,56,13,0.2410046142706196,0.17326453306682021,46.303423907690906,0.12843368257130808,36.83742405701102,0.16307337999120844,49.420697425468255,200,0.03364339843392372,False
traffic_source_campaign_name_368,target_business_002,71,122,12,0.21568368556872133,0.13510327915812276,45.62539785054275,0.08270761426202419,27.043126687684683,0.13254208128509531,48.81774664385201,200,0.012024786323308945,False
traffic_source_campaign_name_369,target_business_002,108,77,17,0.20895755265952176,0.08067612622827415,31.674638827198407,0.07416270355959075,34.31336367234126,0.08364478148670758,40.377063115101684,200,0.05167591944336891,False
traffic_source_campaign_name_370,target_business_002,141,102,22,0.28491469921685314,0.081533800767921,29.89122014670454,0.06801591766124102,22.784582448883683,0.06661339129734735,22.938163988268347,200,0.025117939338088036,False
traffic_source_campaign_name_373,target_business_002,108,76,17,0.19574387617539385,0.18840799693963078,112.51394691982917,0.09315019221915112,57.713020156818814,0.08045075509135742,48.90231769050632,200,0.018287723883986473,False
traffic_source_campaign_name_384,target_business_002,65,149,11,0.21757162237693467,0.2547842273474551,59.89651676809606,0.32648712141661124,51.787185224750246,0.32648712141661124,51.787185224750246,200,0.019367031753063202,False
traffic_source_campaign_name_385,target_business_002,114,258,18,0.24397886833070886,0.07806959930228707,29.48581033911179,0.056636443622656366,16.566990834587646,0.07479107850253444,22.18466830354785,200,0.006809435319155455,False
traffic_source_campaign_name_386,target_business_002,111,247,18,0.38871096451395587,0.09428884019968532,40.217638069670606,0.10281567227426973,44.56495948812964,0.09133951512413188,39.32336642148777,200,0.012914890423417091,False
traffic_source_campaign_name_387,target_business_002,79,221,13,0.2636695825761129,0.16991186698094976,27.609510111358553,0.2533250591663777,45.97668840856081,0.22181110911210017,38.91316972457969,200,0.016964415088295937,False
traffic_source_campaign_name_388,target_business_002,68,197,11,0.2975959929818572,0.1758375095499081,43.32632749147693,0.0989226734156826,26.538693918305174,0.16634937948165593,43.48511174593243,200,0.009042683988809586,False
traffic_source_campaign_name_389,target_business_002,71,184,12,0.2483802347417425,0.10654586582124917,26.806436040352143,0.04323665681948357,12.751669112660815,0.07894857392949943,23.145953348962138,200,0.008377586491405964,False
traffic_source_campaign_name_394,target_business_002,389,566,59,0.13030381358054677,0.03330845173060066,40.963037244711,0.027407798245772688,27.717742279726608,0.02658312459921825,28.2291510524678,200,0.004827114287763834,False
traffic_source_campaign_name_396,target_business_001,317,238,49,0.18555052326472438,0.08697567200183168,49.1754490915841,0.08935804143610493,52.075815620315524,0.1014100409418487,64.8428140837205,200,0.021777775138616562,False
traffic_source_campaign_name_397,target_business_001,83,64,13,0.35512585179523615,0.14082502596649937,53.911098987651506,0.19081447366249027,57.672971397890215,0.17418302271964434,51.012040235159695,200,0.028685081750154495,False
traffic_source_campaign_name_398,target_business_001,60,45,9,0.4503678027400871,0.22237689878993852,85.86626543844483,0.15545061911470304,72.55494803748338,0.15545061911470304,72.55494803748338,200,0.05388955399394035,False
traffic_source_campaign_name_399,target_business_001,207,215,32,0.15332155672195272,0.07093887573725986,46.40181631198593,0.09193796584716825,70.1691461725769,0.07964536910195268,55.176281852379816,200,0.008619911037385464,False
traffic_source_campaign_name_401,target_business_001,119,121,19,0.28535149913254476,0.31832576892762326,225.89704118280162,0.08625385240754001,50.552177960161025,0.10002143284751235,59.02831634053152,200,0.031517308205366135,False
traffic_source_campaign_name_402,target_business_001,86,61,14,0.3829749682511963,0.29381661271924314,45.09213259547527,0.22904593325998748,37.883066518986666,0.20940944472893266,32.32027511191315,200,0.019158247858285904,False
traffic_source_campaign_name_406,target_business_001,57,51,10,0.5121586362888771,0.3811809315167467,51.9341176375396,0.17034425085272545,30.16109295853174,0.17034425085272545,30.16109295853174,200,0.08690308779478073,False
traffic_source_campaign_name_407,target_business_001,57,65,10,0.3154197999164856,0.5431125885355877,253.51049709561914,0.06809640483968772,31.525501231260574,0.05936392358129996,27.083324142791295,200,0.02682296745479107,False
traffic_source_campaign_name_408,target_business_001,304,231,47,0.2424471768707603,0.10416331451741814,39.6816570880672,0.12256216792659806,64.0445212747543,0.10203100602665448,48.73851909143512,200,0.025086458772420883,False
traffic_source_campaign_name_409,target_business_001,80,60,12,0.34345065626547794,0.1250058421234286,48.617534874918846,0.16463769627138672,48.14756702432934,0.16520771964582082,48.661912125324235,200,0.06635657697916031,False
traffic_source_campaign_name_411,target_business_001,150,120,23,0.29210537555677585,0.07536828407574109,39.82777932447121,0.07694917322594425,43.63210074584467,0.07438368318222402,43.75973455856106,200,0.0474824532866478,False
traffic_source_campaign_name_417,target_business_001,86,62,14,0.3300805110883277,0.2934208330487365,86.68746794453538,0.18437159865614214,31.835216537142262,0.14307695198095574,22.073375240796132,200,0.05249257758259773,False
traffic_source_campaign_name_418,target_business_001,218,191,34,0.23902956328063793,0.23639500370935873,149.82099705006982,0.06508386078960289,26.71402188733627,0.068906608788528,30.605697257568938,200,0.02104836329817772,False
traffic_source_campaign_name_421,target_business_001,128,337,20,0.2702881628393088,0.1594746938625444,42.611832411191756,0.16829746271076526,48.97364902575883,0.1732264134009635,45.18849266597165,200,0.007843373343348503,False
traffic_source_campaign_name_428,target_business_001,60,43,9,0.19488016056884802,0.25419287726434026,2636.3910257103303,0.1281092347234876,1553.8942245654205,0.1281092347234876,1553.8942245654205,200,0.04735768958926201,False
traffic_source_campaign_name_440,target_business_003,77,126,13,0.30787030865384873,0.10609023096041742,30.651930424063373,0.117029150468719,37.95736550616452,0.09969913844429659,31.945839503468505,200,0.015266245231032372,False
traffic_source_campaign_name_450,target_business_003,83,66,13,0.16078553907672347,0.2287613986464847,375.215816295933,0.03143229270804857,28.727022663377948,0.03490079797840624,30.448757769548624,200,0.02090001292526722,False
traffic_source_campaign_name_453,target_business_003,66,96,11,0.23841433555088215,0.10284959436787221,71.81842386448423,0.03334513067485198,21.380580013362803,0.03334513067485198,21.380580013362803,200,0.01911040022969246,False
traffic_source_campaign_name_455,target_business_003,65,130,11,0.31849017218230585,0.1461429052283722,40.44850681521023,0.12138494675259383,34.91275691824481,0.12138494675259383,34.91275691824481,200,0.00943686906248331,False
traffic_source_campaign_name_458,target_business_003,129,124,20,0.406791803223351,0.06541546590848084,12.884557092793544,0.09163962053517909,19.786872176179457,0.08578051433789957,18.020950252265333,200,0.025899440050125122,False
traffic_source_campaign_name_459,target_business_003,256,351,39,0.2990869863853546,0.09149448088696994,19.10463807575558,0.08572155652684958,18.06057861354934,0.10477083963318869,23.613636930835852,200,0.009966946206986904,False
traffic_source_campaign_name_461,target_business_003,193,332,30,0.13875713695854092,0.13896041180699106,33.614706167233756,0.1149004533121704,38.53894882692715,0.12629917802949753,41.47502135578256,200,0.0038380927871912718,False
traffic_source_campaign_name_462,target_business_003,106,270,17,0.09008264936875945,0.07138378886604171,20.246630271486122,0.06663094323355814,22.703706745849104,0.07855620488002146,29.865661597178235,200,0.004402576945722103,False
traffic_source_campaign_name_463,target_business_003,99,295,16,0.14304017517563755,0.05922333961421763,24.87080540233675,0.0387045082288303,19.042059756988145,0.043523640385386954,20.375834916610092,200,0.010845892131328583,False
traffic_source_campaign_name_464,target_business_003,101,291,16,0.2216874881712932,0.10086227291294089,21.90201533459731,0.08659463729302513,21.989560653352253,0.1076056145945196,28.225138786587877,200,0.012272367253899574,False
traffic_source_campaign_name_466,target_business_003,118,261,19,0.2575844397444233,0.09333344457335592,26.465979226912985,0.08155250122102099,25.287614451242824,0.09626677286295496,29.912927403240065,200,0.005939398426562548,False
traffic_source_campaign_name_467,target_business_003,103,276,16,0.21941000978359268,0.1463835670227506,41.15926742429367,0.17240432997075567,46.73108217369427,0.18930600450363855,55.69992693264607,200,0.005924753379076719,False
traffic_source_campaign_name_468,target_business_003,107,256,17,0.3113116484928565,0.14707157836499354,26.751102401090186,0.12332911789576012,25.849795782088258,0.15693705992341708,31.6378511102217,200,0.009951947256922722,False
traffic_source_campaign_name_471,target_business_003,90,237,15,0.181517592037041,0.1516243519818537,37.99869060888101,0.20752870387293618,48.04876643917511,0.1860149450508987,41.210314919892014,200,0.00972035899758339,False
traffic_source_campaign_name_477,target_business_003,71,185,12,0.2374859521979346,0.13628468344239633,47.632776121401335,0.09642479860896179,38.60663619278807,0.11335302952425168,51.58477407037194,200,0.007579523138701916,False
traffic_source_campaign_name_478,target_business_003,133,373,21,0.2484226336121371,0.15038575009111593,25.99611068073035,0.11010552669261074,21.509702755991928,0.1378748715931366,28.504803189599574,200,0.0056169284507632256,False
traffic_source_campaign_name_479,target_business_003,130,366,20,0.22670810746785677,0.13689539900164535,38.40780428636781,0.121819622238815,34.12165402110977,0.13035184902715427,37.93092529428759,200,0.00466900784522295,False
traffic_source_campaign_name_482,target_business_003,131,357,21,0.20888814306365963,0.08996839121020136,20.693860048598843,0.08372859274580294,19.657932223660776,0.11167824060537822,26.281719003390926,200,0.010707211680710316,False
traffic_source_campaign_name_483,target_business_003,124,317,20,0.19340567988103022,0.07427867887893838,17.465900922706478,0.07605310638324493,17.0124328051922,0.09328800615592758,20.055149599858783,200,0.0062570772133767605,False
traffic_source_campaign_name_484,target_business_003,114,307,18,0.19804508011387284,0.10777605429199823,30.22912892616425,0.11450650279835803,34.88491367763415,0.10783078289254559,35.423427549448625,200,0.007413850165903568,False
traffic_source_campaign_name_485,target_business_003,191,392,30,0.25572079214712096,0.11712924942613562,28.539519037723693,0.09796825585619598,24.863086574371476,0.09003870101784882,22.805611729089804,200,0.010709749534726143,False
traffic_source_campaign_name_487,target_business_003,65,55,11,0.19133693252902922,0.09429614253918328,38.46926225344431,0.06959703703703703,34.511071272770266,0.06959703703703703,34.511071272770266,200,0.032480884343385696,False
traffic_source_campaign_name_489,target_business_003,61,52,10,0.25553507536266357,0.47975972795715477,79.63536233792823,0.49410213020107513,181.14566412091412,0.49410213020107513,181.14566412091412,200,0.03805655613541603,False
traffic_source_campaign_name_496,target_business_003,134,138,21,0.34740094715327224,0.18682071589445218,85.16488050505167,0.167725606576973,70.48098903137135,0.2089139044993999,92.4649707404669,200,0.01802987977862358,False
traffic_source_campaign_name_498,target_business_001,258,195,40,0.2306402400361789,0.1465885614800297,47.71528024195846,0.1561867073239203,51.36199815483556,0.15014393462658343,54.02301012476596,200,0.027229437604546547,False
traffic_source_campaign_name_500,target_business_001,393,277,60,0.18350153240426303,0.09613752841761375,46.15645670903518,0.07225559561204746,37.11757171939079,0.07209957230543788,38.908849470831925,200,0.016904698684811592,False
traffic_source_campaign_name_502,target_business_001,104,74,17,0.27605327843403393,0.07511341621672864,37.19284062281164,0.02551330879259699,12.032557839831975,0.03442631102516422,16.918451333106724,200,0.03330617398023605,False
traffic_source_campaign_name_503,target_business_001,83,60,13,0.14975125805826092,0.11222558718527886,75.5217411399947,0.029997488190443806,18.43567842437805,0.0327036672419521,20.474698635123264,200,0.01866813562810421,False
traffic_source_campaign_name_505,target_business_001,77,55,13,0.2226631520993391,0.21134682060383306,33.982165915223575,0.18117399495950476,27.645846369504902,0.1767057060363601,27.51064868310117,200,0.05430116131901741,False
traffic_source_campaign_name_506,target_business_001,87,61,14,0.152235587282685,0.1820929479579197,50.90701750718674,0.22363411804025685,80.7914631623195,0.18826794881512457,58.63356025193329,200,0.03562740981578827,False
traffic_source_campaign_name_507,target_business_001,95,66,15,0.2650338815077312,0.19533479757005773,65.4224626681821,0.05901573081765655,17.46030854991232,0.06362954609417572,17.936767897935564,200,0.025322284549474716,False
traffic_source_campaign_name_508,target_business_001,88,74,14,0.29747616710177005,0.15628088067591278,36.831712706219854,0.15978831870162036,38.99901805509255,0.1559065858107256,41.67095319628938,200,0.03779838606715202,False
traffic_source_campaign_name_509,target_business_001,94,85,15,0.2852018600214182,0.06701300330576687,24.741941453283168,0.08404901715872981,27.668218458802635,0.08075963217047791,26.460469308025047,200,0.031246930360794067,False
traffic_source_campaign_name_510,target_business_001,91,80,15,0.340360450651465,0.21579635750818393,46.10735846012386,0.10871135126475408,23.938030684709187,0.12436486169255086,26.609762413118755,200,0.03930196911096573,False
traffic_source_campaign_name_511,target_business_001,66,51,11,0.25771645842816676,0.21795672131404484,104.8565168288576,0.18371340755577203,62.2437765944903,0.18371340755577203,62.2437765944903,200,0.06058824062347412,False
traffic_source_campaign_name_512,target_business_001,59,41,10,0.17499743462655717,0.17803683542570214,48.41568474200639,0.08763801710246027,28.214049298272492,0.14123442510503698,43.53624511926969,200,0.043590713292360306,False
traffic_source_campaign_name_515,target_business_001,183,129,28,0.21979459264542517,0.11210739768016859,26.507185377845584,0.10783058502431475,24.862230370308662,0.12272578992220455,26.764141471570973,200,0.017201673239469528,False
traffic_source_campaign_name_518,target_business_001,72,94,12,0.31759771640944,0.23931494732954348,34.39274637417789,0.22933379276519,34.4233499126273,0.2348459816786026,35.272461564432476,200,0.02486332133412361,False
traffic_source_campaign_name_520,target_business_001,56,40,9,0.39814489548693077,0.06562264599842821,9.060512027499279,0.18756458835687229,34.175427585124766,0.18756458835687229,34.175427585124766,200,0.03165668249130249,False
traffic_source_campaign_name_523,target_business_001,74,52,12,0.19054796990900655,0.30989751658388626,543.6727210640807,0.3550431132708751,1056.737216517201,0.3334572375375734,918.6232347922565,200,0.07613746076822281,False
traffic_source_campaign_name_529,target_business_001,120,84,18,0.2992349726510375,0.15415486397000341,38.781676246577454,0.13000536070064064,30.761364625963328,0.19170211753085237,49.25411379697933,200,0.02710568904876709,False
traffic_source_campaign_name_530,target_business_001,166,147,26,0.31355928993568355,0.13032655261597945,26.64287027079283,0.12319186004807348,26.8706768076258,0.12954760487386296,26.591779668845273,200,0.014572243206202984,False
traffic_source_campaign_name_531,target_business_001,199,161,31,0.18388593379577328,0.07375039239249714,35.506499519594776,0.07348965720940806,40.1213826184758,0.06639135810648242,35.165885780303995,200,0.01829601265490055,False
traffic_source_campaign_name_533,target_business_001,136,175,21,0.18100336377566104,0.07854341843321379,25.477082189416965,0.08928210919869715,33.31344895001752,0.083884666392142,28.32475943561064,200,0.009095828980207443,False
traffic_source_campaign_name_536,target_business_001,73,209,12,0.34921001428963805,0.06286109626028367,13.17133677605814,0.07448181270296658,15.30861588496627,0.07965413918939562,16.532683220604422,200,0.013272998854517937,False
traffic_source_campaign_name_541,target_business_001,79,70,13,0.1523152991803154,0.15421388456322307,72.28678670669684,0.15255493371186432,143.85607768735758,0.15492688062509857,145.68860687909734,200,0.013334959745407104,False
traffic_source_campaign_name_545,target_business_001,283,211,43,0.1903207238084088,0.08493716385230424,56.630809677822256,0.08157307520203619,63.883802448959905,0.08724310708227803,62.874114974393954,200,0.021817170083522797,False
traffic_source_campaign_name_546,target_business_001,185,151,29,0.1763005872840633,0.09948465401834708,38.72188446835757,0.09751540688445602,56.45412668021614,0.10443987904424258,58.3112672318554,200,0.008154124021530151,False
traffic_source_campaign_name_549,target_business_001,163,122,25,0.20529325173350774,0.19224219255128114,44.64132598437981,0.22386576601059585,56.32749603642881,0.19538035969363624,49.12548216599362,200,0.01792248524725437,False
traffic_source_campaign_name_552,target_business_004,432,311,66,0.21634895300668977,0.09651532193066466,24.84303537023612,0.08072428649230147,21.963100045338436,0.10861848867181607,27.430753591574202,200,0.02894258126616478,False
traffic_source_campaign_name_553,target_business_004,91,72,15,0.4336249942782937,0.17453696726266438,22.877828532766344,0.1279648325033909,16.983797427206614,0.13261096822519294,17.378992709405342,200,0.026932306587696075,False
traffic_source_campaign_name_554,target_business_004,381,554,58,0.08278642838343178,0.006329396444146246,24.447016796792106,0.004671972472926109,17.414973120391476,0.0048333270043651065,18.128488124968015,200,0.001457331352867186,False
traffic_source_campaign_name_557,target_business_002,250,202,38,0.20155147943512938,0.08850063717698281,63.32336374903653,0.08883958922957493,65.65663121833325,0.0844221756791713,62.61445607551561,200,0.027553262189030647,False
traffic_source_campaign_name_558,target_business_002,102,73,16,0.15267470073006095,0.16050937516100042,109.95012511711495,0.13548721091000504,219.1184573001122,0.12431292869711989,163.8035049027245,200,0.020897123962640762,False
traffic_source_campaign_name_561,target_business_002,128,124,20,0.18587248895842645,0.08618978699382224,54.82695665806223,0.09770341181265328,55.56148149176592,0.076595949898949,41.48991856774838,200,0.017253905534744263,False
traffic_source_campaign_name_562,target_business_002,153,114,24,0.219562224672126,0.10537584062446805,48.36637411744393,0.13564819188321736,56.46801316650358,0.12057676646198148,49.48780103033095,200,0.023338396102190018,False
traffic_source_campaign_name_566,target_business_002,118,99,19,0.37022522219355614,0.3390994881671659,301.52195545734236,0.04942188375470096,25.43364297822155,0.05570970393487123,32.27005699437623,200,0.06054167076945305,False
traffic_source_campaign_name_568,target_business_002,319,231,49,0.19675511949138716,0.08237817810153306,38.8796569981969,0.08901434833074202,39.930895623594076,0.09586996479061034,45.66870361804662,200,0.015335611067712307,False
traffic_source_campaign_name_570,target_business_002,311,223,48,0.15673719098156932,0.09592795922130089,59.17135868749319,0.08451083223476674,47.43113919414698,0.08367887917501018,48.62428096187702,200,0.00786496326327324,False
traffic_source_campaign_name_571,target_business_002,322,291,49,0.26668503738422056,0.16534639099889056,50.435408516151504,0.12028682583244604,57.89066581597642,0.10777765816063832,54.310965725685314,200,0.023379452526569366,False
traffic_source_campaign_name_572,target_business_002,249,277,38,0.4195692490915637,0.15482546387739912,37.79136465064143,0.15548488273449151,38.54578880331402,0.1713577395913077,42.69581682627768,200,0.03103526122868061,False
traffic_source_campaign_name_574,target_business_002,360,269,55,0.1147253392893748,0.0922469441524073,61.00910872643178,0.09097413652297454,64.49706757235899,0.09135181372126396,68.80997474253962,200,0.025916213169693947,False
traffic_source_campaign_name_576,target_business_002,128,90,20,0.2665377378210621,0.11206407664935404,24.435828827291534,0.0879085861723476,19.450922587932894,0.12311359110981795,23.440835538829806,200,0.024035917595028877,False
traffic_source_campaign_name_580,target_business_001,68,112,11,0.2670477122406202,0.12295835917829598,38.540362625050136,0.0815839049172352,26.668535614624663,0.07623135680737195,25.378567293137124,200,0.017850790172815323,False
traffic_source_campaign_name_582,target_business_001,142,129,22,0.21129411848249394,0.07540949737786071,54.32195132012364,0.05795515420256686,34.72002662611827,0.0521642815673321,28.850465467742588,200,0.028582505881786346,False
traffic_source_campaign_name_583,target_business_001,509,416,77,0.24512354982359874,0.08150220539111248,45.52283315450083,0.06776798491408721,30.038492534513413,0.06946654573711054,32.95573747570856,200,0.022299299016594887,False
traffic_source_campaign_name_587,target_business_001,73,51,12,0.23007617241430595,0.15382343288855335,251.01475740604124,0.07569129311585694,85.0524434690959,0.06986150884139694,73.98172422805945,200,0.03585140407085419,False
traffic_source_campaign_name_598,target_business_001,56,41,9,0.1263765609704357,0.10871451392875998,343.78959248505333,0.02365829471118795,114.53013329985878,0.02365829471118795,114.53013329985878,200,0.027506982907652855,False
traffic_source_campaign_name_601,target_business_001,107,75,17,0.16450072106724548,0.12219421089203664,82.55267758646373,0.10743090422035664,45.039000279891866,0.11034292268620682,41.89212303469477,200,0.0144483782351017,False
traffic_source_campaign_name_605,target_business_001,98,82,16,0.3461867910402179,0.17762028780022565,34.98694763719011,0.1570990730887022,37.085005981286386,0.1404275270191666,33.865231608386246,200,0.02188681624829769,False
traffic_source_campaign_name_606,target_business_001,507,439,77,0.18224203446189446,0.07044657105777063,28.527690669427493,0.0636952189827769,30.823626568092905,0.06394244928059968,31.839838438156743,200,0.01507912389934063,False
traffic_source_campaign_name_617,target_business_005,193,148,30,0.21681099064075318,0.09517694228109506,69.43336836649594,0.07748822035143006,50.35179343403483,0.09555062717615434,58.348123803781384,200,0.013358188793063164,False
traffic_source_campaign_name_624,target_business_001,188,487,29,0.1730045286911061,0.10198488431950144,53.698419765577924,0.12507989851213752,80.62823500650988,0.12234671605169276,78.84208393918549,200,0.004000483546406031,False
traffic_source_campaign_name_625,target_business_001,74,53,12,0.25870012396088765,0.18949431779341303,32.36051709258784,0.19877072802084797,27.597422349234634,0.1957842449822276,27.298774045372596,200,0.021876880899071693,False
traffic_source_campaign_name_626,target_business_001,216,395,33,0.23828019622925542,0.10056967272991184,33.38733075486279,0.12832355198969866,55.483429401759295,0.12156895604055458,52.198518859126565,200,0.009278950281441212,False
traffic_source_campaign_name_627,target_business_001,135,316,21,0.2515047046691733,0.17722384125845092,39.795464731798,0.2597799723325605,101.4103320824344,0.22470734542855503,81.27355826859986,200,0.009164703078567982,False
traffic_source_campaign_name_632,target_business_001,328,312,50,0.2571465187777037,0.19778571718569057,103.46617311602495,0.1282255435374285,47.781665045087905,0.138936025471052,55.39157836621336,200,0.023089835420250893,False
traffic_source_campaign_name_634,target_business_001,195,358,30,0.18980736344687335,0.11422565513331912,87.92878154761671,0.10670165778897216,61.07602913496538,0.08946849670237707,52.899981007074636,200,0.009700287133455276,False
traffic_source_campaign_name_636,target_business_001,199,343,31,0.2219738849992658,0.07554199196746347,36.892447665074826,0.08991113886794035,45.23817983716975,0.07559593458777741,36.12888242818317,200,0.009856636635959148,False
traffic_source_campaign_name_638,target_business_001,156,303,24,0.23711838186094225,0.10525003083903567,37.50572774177768,0.10993352359604222,49.58587831718666,0.10086579138301033,47.495557030155084,200,0.010409902781248093,False
traffic_source_campaign_name_640,target_business_001,82,73,13,0.26814843338657496,0.20373872956481928,50.60382570344155,0.2797387786570338,99.38884528885558,0.2802359860445172,100.42030272474835,200,0.04148653522133827,False
traffic_source_campaign_name_641,target_business_001,106,74,17,0.4922606324088495,0.12140926200696299,28.681256600174564,0.08737707969014458,31.964905106484988,0.10838200934462235,35.59342274450926,200,0.02444283664226532,False
traffic_source_campaign_name_650,target_business_001,159,315,25,0.12494713771158332,0.13188739867318536,65.10988136452441,0.07773666907349126,31.006046874572945,0.07913922964896432,31.132714430414072,200,0.006846281234174967,False
traffic_source_campaign_name_652,target_business_001,361,355,55,0.1598505868470923,0.042014695957051165,32.983327897929655,0.04397359260363457,31.70698723343141,0.0381968697278146,27.423623793617026,200,0.009099827148020267,False
traffic_source_campaign_name_659,target_business_002,133,402,21,0.16820474683423384,0.08645538516559984,33.68112316412897,0.07108253026873795,34.87862305234323,0.07323362112092091,35.55845186819695,200,0.0022071751300245523,False
traffic_source_campaign_name_664,target_business_002,97,111,16,0.19793615908290527,0.08067730084042604,34.751675401668095,0.06973066664155822,29.93334685100268,0.06855156733897974,29.76459606398115,200,0.0291634202003479,False
traffic_source_campaign_name_665,target_business_002,526,383,80,0.14465251468273654,0.038402357075904905,22.926428192384837,0.03946995943788009,23.70319721465622,0.03797741545166918,22.95649014714588,200,0.00560554675757885,False
traffic_source_campaign_name_669,target_business_002,117,82,19,0.334009097357598,0.08622658987835692,25.559274709021686,0.10454875115618102,34.77734993183847,0.08971305613641839,29.754307811327212,200,0.02289695478975773,False
traffic_source_campaign_name_670,target_business_002,66,47,11,0.10120567250035208,0.04103045814293185,60.74978263939611,0.006563433308953137,8.759917956108637,0.006563433308953137,8.759917956108637,200,0.0019683947321027517,False
traffic_source_campaign_name_685,target_business_002,218,412,34,0.1929961708154113,0.15688199270304815,46.729524371211305,0.13846739816494616,56.697585033697436,0.13363784532734407,50.84561834223903,200,0.006184341385960579,False
traffic_source_campaign_name_706,target_business_002,109,214,17,0.3146561155974359,0.2001497779508216,41.563551724639005,0.2790619554341107,56.50702605003014,0.24727184209590025,47.45299174464602,200,0.015084669925272465,False
traffic_source_campaign_name_711,target_business_002,190,365,29,0.1971840990481169,0.09396229716180508,43.130732088648585,0.10097968192994479,49.54078732176656,0.09860686177003378,46.39811065673962,200,0.00761440908536315,False
traffic_source_campaign_name_714,target_business_002,87,292,14,0.19918608265077714,0.09670753079904491,38.6347232432052,0.10770526884401233,53.81745996057051,0.09675521136319569,43.986802289946,200,0.008090534247457981,False
traffic_source_campaign_name_745,target_business_002,92,91,15,0.15253033621843679,0.0988760394267079,171.284226761885,0.08805504596341338,227.7419456462324,0.07770781577678895,220.77740437673592,200,0.016621218994259834,False
traffic_source_campaign_name_750,target_business_005,548,514,83,0.2202899679043903,0.0699871163638807,33.84907067770091,0.043373903299001884,17.757108784976158,0.040386145055733146,16.627363028021193,200,0.009748884476721287,False
traffic_source_campaign_name_751,target_business_005,89,62,14,0.32883812380081817,0.2846930655698121,57.669328239761576,0.2148417520033914,34.81341666760072,0.22998891397462132,35.26110030549405,200,0.04281342029571533,False
traffic_source_campaign_name_755,target_business_005,201,255,31,0.11927823063211627,0.06451375242906572,72.31453754335568,0.024319038559500638,25.20035572610388,0.022745528728545315,24.30210079425638,200,0.0038983214180916548,False
traffic_source_campaign_name_756,target_business_005,134,326,21,0.12743816621473983,0.09612678914187336,39.94914923907329,0.03677842893891716,17.7764753485468,0.048269350709709856,22.823158500770393,200,0.010905466042459011,False
traffic_source_campaign_name_763,target_business_005,139,373,22,0.1504184605303562,0.06034135613436475,33.25298977792923,0.05120363835367425,29.135533431082127,0.06262647140505824,36.59211864577028,200,0.009827908128499985,False
traffic_source_campaign_name_770,target_business_005,85,335,14,0.3316255524853668,0.1515453398953446,67.75054674265837,0.10490497510995841,79.54107014444304,0.14574399901366483,95.46182679626173,200,0.006311445496976376,False
traffic_source_campaign_name_772,target_business_005,166,416,26,0.18689621147981467,0.09075830911594006,31.526133611990502,0.13770760963960052,55.05833766839092,0.10652248315880444,40.00528902460781,200,0.0055672768503427505,False
traffic_source_campaign_name_776,target_business_005,137,392,22,0.18652350649052174,0.10355222351580971,48.56263575086685,0.10086879687673503,46.82007752338375,0.10367996224109706,49.261461707022505,200,0.003961238078773022,False
traffic_source_campaign_name_780,target_business_005,157,328,25,0.19023598143785617,0.14321382884642417,35.96952685622312,0.17871907389899833,69.70922035802501,0.1563906532247819,58.99601576591083,200,0.0037233273033052683,False
traffic_source_campaign_name_783,target_business_005,316,424,48,0.4132616767557663,0.10479292955194092,23.426530888615403,0.1108388117033575,23.55671357197294,0.12352604554532967,26.433580381114812,200,0.013640289194881916,False
traffic_source_campaign_name_784,target_business_005,256,355,39,0.13453908456292057,0.07133036557633997,30.84799286839503,0.08656436623688026,45.31036628582255,0.07474599744594808,33.40439460317788,200,0.010533396154642105,False
traffic_source_campaign_name_787,target_business_005,223,259,34,0.18810642570788458,0.06542161847582946,36.55861947670067,0.07852296117502743,47.614573800484166,0.06593954159688618,41.23675519826172,200,0.007390881888568401,False
traffic_source_campaign_name_791,target_business_004,74,54,12,0.11525927778787896,0.10874230157746223,89.00234851503036,0.18700336751308658,114.21128329533448,0.19587462826154242,116.52164443711021,200,0.030902883037924767,False
traffic_source_campaign_name_793,target_business_004,248,220,38,0.26194345223681853,0.15706171353524392,40.826562006974406,0.1290059273948048,43.286044388589424,0.12901541389672044,44.215676544439816,200,0.018828773871064186,False
traffic_source_campaign_name_796,target_business_002,123,87,19,0.18126310497016196,0.16489911049805697,143.85482851420977,0.14425608415492108,121.3198625685743,0.1419408701574924,92.49486724233633,200,0.030045732855796814,False
traffic_source_campaign_name_797,target_business_002,69,51,11,0.21161002951568028,0.20021457072118207,112.80549665546589,0.245338236516247,115.46874502382106,0.2562240089753179,118.04641187358558,200,0.03335104137659073,False
traffic_source_campaign_name_800,target_business_002,117,88,19,0.21506288538985335,0.3715461121918166,91.69511660738691,0.3037513425049865,84.9291855005751,0.27814936651624117,84.93931827416397,200,0.029344893991947174,False
traffic_source_campaign_name_802,target_business_002,88,64,14,0.2615828069379964,0.10729479669526133,38.843168446885954,0.1124327789154721,36.772427094748735,0.1125411466108734,36.52912968607445,200,0.042300548404455185,False
traffic_source_campaign_name_803,target_business_002,93,67,15,0.3119622686668238,0.21715038212880594,69.25501959773737,0.1827987142557086,52.34183833711031,0.18045504770906473,53.08094265786193,200,0.04038376733660698,False
traffic_source_campaign_name_805,target_business_002,66,50,11,0.5375627930379995,0.13775592336642928,27.863212871066857,0.17972171861060748,39.51928792194555,0.17972171861060748,39.51928792194555,200,0.07174424827098846,False
traffic_source_campaign_name_826,target_business_002,81,59,13,0.44577337876448325,0.18740734786814428,35.119197588242386,0.24585748014595415,59.30924164801817,0.24556700293339065,58.01952292406344,200,0.09563163667917252,False
traffic_source_campaign_name_827,target_business_002,65,73,11,0.39033764153074685,0.19087095010657673,64.0544136932215,0.16934344794565634,84.8654154392239,0.18009403896220483,89.73314009550663,200,0.03969845920801163,False
traffic_source_campaign_name_837,target_business_006,85,92,14,0.2715310583358983,0.15032024382494213,89.36043842813072,0.09367067779931156,40.57761494781019,0.11422786763393507,48.655953700513344,200,0.01935301534831524,False
traffic_source_campaign_name_838,target_business_006,129,91,20,0.21267385435671632,0.13641986548027057,68.61120660813242,0.1052940156952329,52.67158784268817,0.11813269875365205,66.36663996788415,200,0.027963699772953987,False
traffic_source_campaign_name_840,target_business_002,108,96,17,0.47499304545398036,0.13217864545444152,30.551315778208064,0.07632847369860633,18.007132270167638,0.07408429775625144,17.43634842437395,200,0.08610586076974869,False
traffic_source_campaign_name_842,target_business_002,103,103,16,0.3049081495697549,0.20203287496147954,82.23591000138644,0.10924176356589152,65.60580016853433,0.10079774889731288,59.82776443077553,200,0.021138081327080727,False
traffic_source_campaign_name_847,target_business_002,61,162,10,0.12030995098724397,0.1270007189677504,56.372886750777695,0.07118381457379788,60.488578883324465,0.08033409824766852,65.0454258068293,200,0.0034972287248820066,False
traffic_source_campaign_name_855,target_business_002,206,202,32,0.3773481194178848,0.1453936600041494,37.278514146860395,0.16393805309734516,45.3425546707483,0.16511503107880324,44.82422558916259,200,0.048139821738004684,False
traffic_source_campaign_name_860,target_business_002,186,144,29,0.13162596673641627,0.08080441809608281,40.626812266825,0.04420190818813139,21.430095668922718,0.04227167277786721,20.98475913392049,200,0.011988955549895763,False
traffic_source_campaign_name_862,target_business_002,347,392,53,0.15242979668687373,0.10346640307035204,52.44260408843713,0.0930372710841043,49.34706255640556,0.10194335899056352,53.92332392965744,200,0.007750423159450293,False
traffic_source_campaign_name_865,target_business_002,77,54,13,0.37697544768059243,0.60708910276554,135.43674068576863,0.03538387615031878,8.061285187245128,0.03772068313563572,8.614189504412012,200,0.020235104486346245,False
traffic_source_campaign_name_866,target_business_002,72,101,12,0.4449097755691813,0.2384978177008088,47.51855322505311,0.24191054278791824,40.52514643977376,0.2237176369584527,36.318326428009506,200,0.02304970659315586,False
traffic_source_campaign_name_867,target_business_002,93,99,15,0.14206214416468715,0.36675308523497874,165.24812276596663,0.3122275810058661,139.5544072233979,0.27137179346364776,115.50988170245142,200,0.013666749931871891,False
traffic_source_campaign_name_874,target_business_002,173,178,27,0.41365871325713127,0.14319889199973856,35.657662365540396,0.20037674313990106,54.35383791873224,0.18479973973395028,50.65194834176832,200,0.0371839813888073,False
traffic_source_campaign_name_881,target_business_006,390,299,59,0.10359699657817506,0.055480755512666007,45.228881837676646,0.04742905673712029,28.658405754448346,0.0462023587387781,26.722314762339245,200,0.00850654300302267,False
traffic_source_campaign_name_883,target_business_006,202,327,31,0.2780490921216398,0.14689836879379323,54.14253497398078,0.17158460594724875,92.79910216622945,0.14021497212512155,69.85441129941107,200,0.006995214615017176,False
traffic_source_campaign_name_886,target_business_002,197,415,31,0.2770898129989205,0.03705776577335645,15.931984695495045,0.04744457440722786,19.77093869121454,0.03936227342946803,16.833140102035003,200,0.005024682264775038,False
traffic_source_campaign_name_889,target_business_002,106,76,17,0.29090053477698075,0.136521589844059,26.6552913141657,0.18145576704458993,47.81320971070152,0.20313124246954878,56.38999197579652,200,0.02969304658472538,False
traffic_source_campaign_name_890,target_business_002,220,259,33,0.2307746954749612,0.12600935539964697,75.60679295195797,0.03642010450675101,19.50067613549531,0.035100104351221156,18.56066731164332,200,0.011806649155914783,False
traffic_source_campaign_name_891,target_business_002,269,238,41,0.43653703332756977,0.08631972490852938,21.88464037015372,0.09762666526871279,22.87102636344602,0.08979918570907008,21.108919620485615,200,0.028031235560774803,False
traffic_source_campaign_name_895,target_business_002,204,190,32,0.37715802302802287,0.060564033908416554,18.496464947298254,0.07363935617589211,22.86542196259547,0.06553439804535725,20.659300802284786,200,0.03109782747924328,False
traffic_source_campaign_name_897,target_business_002,258,189,40,0.36546067452794445,0.13194953092105935,37.57053087580176,0.15203480901478886,48.6356357903329,0.1475610660303894,50.53441749670126,200,0.02149461954832077,False
traffic_source_campaign_name_909,target_business_002,235,172,36,0.16867324978443607,0.11532647261720508,53.419873198739495,0.15069091347282887,67.05582216503024,0.12230308906846644,58.185720506136704,200,0.019141504541039467,False
traffic_source_campaign_name_916,target_business_002,402,534,61,0.17466069504484213,0.09366443572713148,51.700991747074,0.07925855581246058,35.911339653133425,0.0733503502510889,31.656083364386568,200,0.005606125108897686,False
traffic_source_campaign_name_919,target_business_002,117,82,19,0.2268343112463743,0.12078131528972307,44.932539897657314,0.11707843588799326,41.94646151767662,0.13168120674389705,50.29840834654918,200,0.03500654175877571,False
traffic_source_campaign_name_920,target_business_002,83,59,13,0.36814884367543155,0.16106661951466542,21.706016160971522,0.17558108775084777,22.70423473211828,0.18624787724842135,24.25235076005091,200,0.022495782002806664,False
traffic_source_campaign_name_922,target_business_002,78,119,13,0.4388847812417936,0.1118327474819647,23.041354653741188,0.10277044176066617,20.549958502028442,0.10868054876128026,20.455164892451517,200,0.018352532759308815,False
traffic_source_campaign_name_923,target_business_002,128,124,20,0.18144555069404153,0.2868918470171778,106.34753861045243,0.24737449324617422,93.16418313191012,0.26706232115540957,102.15651573155553,200,0.020527075976133347,False
traffic_source_campaign_name_924,target_business_002,80,124,12,0.4381958609417624,0.12418005005907849,292.8456766832826,0.2262469554627697,1354.7410025837366,0.21410935160582864,1352.7077797072805,200,0.019100569188594818,False
traffic_source_campaign_name_925,target_business_002,129,126,20,0.18227331589126,0.08780312862658775,35.98626136485705,0.10456877534360637,42.809334356043415,0.09991204939202863,41.8509385870102,200,0.01317561138421297,False
traffic_source_campaign_name_926,target_business_002,70,120,11,0.33318128083151116,0.12360948283206845,20.45881708698308,0.12930998203555705,18.961651416033774,0.12443282398913016,17.901689739979997,200,0.01299508847296238,False
traffic_source_campaign_name_927,target_business_002,113,107,18,0.22123044629795113,0.0874060429841591,29.122931858798175,0.0802975854271505,26.57229536420945,0.07376743660585366,24.102751925398554,200,0.015448222868144512,False
traffic_source_campaign_name_930,target_business_002,107,113,17,0.113084418897391,0.13743642377738238,89.23525507677006,0.1565989753277234,147.87401259401193,0.1406862626039597,136.1639073588198,200,0.01692621409893036,False
traffic_source_campaign_name_934,target_business_002,146,276,23,0.38363913716144626,0.11908701855173061,37.51634148141408,0.1218157367582137,37.59150270683317,0.12240027862276967,36.58191009719645,200,0.016621451824903488,False
traffic_source_campaign_name_936,target_business_002,88,125,14,0.4849343754114577,0.1672271567381452,44.07680462296382,0.2086023470367404,54.89175164958483,0.25724990480106896,74.08710227008983,200,0.02598598599433899,False
traffic_source_campaign_name_938,target_business_002,55,263,9,0.18262468448329927,0.2840958166381982,132.77024693384496,0.09715634973651005,35.4607664038066,0.0899628923551769,32.120879297648344,200,0.009462568908929825,False
traffic_source_campaign_name_941,target_business_002,73,62,12,0.31835995891655927,0.45828339456271405,189.44348904640466,0.27310259020472805,100.5577687205975,0.2552844587716322,88.06560822145784,200,0.028150346130132675,False
traffic_source_campaign_name_943,target_business_002,73,51,12,0.5610931577583398,0.10530547685822315,14.132307305063616,0.0821351600802156,12.310395804643834,0.07610490714176227,11.53688974618391,200,0.024881437420845032,False
traffic_source_campaign_name_944,target_business_005,72,190,12,0.24524201054315103,0.024833540991140896,18.442916719896317,0.00833748909536057,6.401789069640095,0.007739387732699783,5.976267366496066,200,0.005798374302685261,False
traffic_source_campaign_name_951,target_business_005,116,126,18,0.3663627602644888,0.10049219628894898,25.187826850894357,0.09660701386347496,22.620848458410688,0.09008718968042743,21.25141043831786,200,0.014876624569296837,False
traffic_source_campaign_name_954,target_business_005,72,50,12,0.5329101745654636,0.263136490158155,56.1197050458327,0.22907893468489043,55.87030841661809,0.2471140084523049,62.618856361719544,200,0.05133310332894325,False
traffic_source_campaign_name_957,target_business_002,180,135,28,0.2873213934071365,0.09593446099497778,29.076119905742754,0.0939414650519677,26.948616738383883,0.1006069042398356,29.409214518171943,200,0.014783923514187336,False
traffic_source_campaign_name_970,target_business_002,118,135,19,0.29105122006667505,0.11661235623527572,34.13842332288483,0.07142331381297519,40.59088533901678,0.06586608717892216,41.15315783463524,200,0.020939067006111145,False
traffic_source_campaign_name_980,target_business_005,95,74,15,0.39596645159616944,0.07838860144731877,33.99763681087943,0.03800636245947891,15.314811024043554,0.030753940259794003,12.066644445275703,200,0.05567871779203415,False
traffic_source_campaign_name_981,target_business_005,480,337,72,0.38657802872165553,0.049888829876612466,1265.4971016410934,0.049371251188558334,1359.2275280610324,0.05242241898066444,1337.4273573148319,200,0.010793422348797321,False
traffic_source_campaign_name_982,target_business_005,145,101,23,0.4531770396885332,0.0528448710129008,11.843922117773529,0.05396355526811236,12.720165106789214,0.050727670955986674,12.043269653975857,200,0.014397037215530872,False
traffic_source_campaign_name_984,target_business_005,100,70,15,0.6239878030413082,0.10361219709292152,20.847600858470592,0.026592778015094767,5.714089328187642,0.03010501063323843,6.815330166752859,200,0.06951458007097244,False
traffic_source_campaign_name_985,target_business_005,96,68,15,0.5650949800677186,0.08163628180585922,14.3802348561803,0.11127602210415288,19.419661174359796,0.10764774233203114,18.861703034901197,200,0.01927025057375431,False
traffic_source_campaign_name_994,target_business_005,55,96,9,0.3361833009031992,0.0629351318420541,17.571324330570253,0.04467596351697618,10.26729059338736,0.05784069885715766,14.026385683629385,200,0.011675368063151836,False
traffic_source_campaign_name_998,target_business_005,61,123,10,0.34385976261000717,0.06610940760738855,13.496274930152705,0.09362717574396398,24.16657089144745,0.09362717574396398,24.16657089144745,200,0.014739845879375935,False
