Campaign,Business,Total_Days,Train_Days,Test_Days,Avg_CPL,Test_MAE,Test_MAPE,SMA3_MAE,SMA3_MAPE,SMA7_MAE,SMA7_MAPE,Epochs_Trained,Final_Loss,Converged_Early
traffic_source_campaign_name_004,target_business_002,202,141,31,0.20179331432470798,0.15308345599819703,46.676650088735535,0.21179843517709634,73.67739049894557,0.19771241477896812,62.274299918753876,200,0.01620890013873577,False
traffic_source_campaign_name_015,target_business_002,30,21,5,0.3790162538297761,0.6440623263886347,207.1208673674831,,,,,200,0.05274694785475731,False
traffic_source_campaign_name_016,target_business_002,152,106,24,0.22923808142110044,0.17543083122364844,32.878177930358696,0.18210913966253797,49.849204245573695,0.17112071339252596,46.63133809238487,200,0.016139360144734383,False
traffic_source_campaign_name_023,target_business_002,39,27,7,0.5880672781933286,0.27511705363354905,49.5427004107577,0.2792116846738696,55.68582000858461,0.28093800020008003,57.588596539848695,200,0.05884959548711777,False
traffic_source_campaign_name_025,target_business_002,76,53,12,0.2465011851667905,0.14509964857834187,44.84234456044039,0.1434182749762063,36.9468035074558,0.1313066217985874,32.44063005165175,200,0.010012841783463955,False
traffic_source_campaign_name_037,target_business_002,30,21,5,0.2641734276037032,0.6332806381888834,377.84541041480117,0.09018968583283934,39.97635312664214,0.09018968583283934,39.97635312664214,200,0.03278401494026184,False
traffic_source_campaign_name_040,target_business_001,130,91,20,0.3712643452761695,0.17064808401385592,70.57373264431483,0.08424815083153389,34.24717352120422,0.08781388954000455,32.154717116309016,200,0.025499852374196053,False
traffic_source_campaign_name_052,target_business_001,40,28,6,0.46233162560808383,0.11193805935786338,25.307953605928148,0.4513262510857219,105.64591804817016,0.4513262510857219,105.64591804817016,200,0.01080083567649126,False
traffic_source_campaign_name_058,target_business_001,31,21,6,0.19041611785142581,0.3192042057326141,317.96485722248,0.10366472229267058,129.86497220015903,0.10366472229267058,129.86497220015903,200,0.009064290672540665,False
traffic_source_campaign_name_059,target_business_001,42,29,7,0.3777215768875275,1.0660086957133885,742.3512735143613,0.4574027926960259,198.94952271583583,0.4574027926960259,198.94952271583583,200,0.03052051179111004,False
traffic_source_campaign_name_060,target_business_001,33,23,6,0.3037949889351343,0.4250124455415784,115.2278799586095,0.46806374701970144,156.58677672369072,0.46806374701970144,156.58677672369072,200,0.011974492110311985,False
traffic_source_campaign_name_061,target_business_001,30,21,5,0.4261929308901828,0.37118565986328106,102.06690193281014,,,,,200,0.014553428627550602,False
traffic_source_campaign_name_066,target_business_001,39,27,7,0.4154496838081296,0.7050460280602865,96.12552627060248,0.3778623116574147,38.71488224580102,0.3778623116574147,38.71488224580102,200,0.020541727542877197,False
traffic_source_campaign_name_075,target_business_003,56,39,9,0.25023798861550295,0.09822868648712292,41.99275988037049,0.07488175851460246,32.50366268452146,0.07154049495861366,31.50893797358179,200,0.011341030709445477,False
traffic_source_campaign_name_096,target_business_003,65,45,11,0.15144852784296167,0.07647685573318837,119.77297035440432,0.070776893629332,106.76670290157213,0.06894103996402205,105.63171196610905,200,0.006717085838317871,False
traffic_source_campaign_name_1004,target_business_005,30,21,5,0.6539341497541632,0.4135968208737918,56.770327652492234,,,,,200,0.06878887116909027,False
traffic_source_campaign_name_101,target_business_004,79,55,13,0.3926122060353049,0.2140307430478851,33.51664016097992,0.3883267115736259,77.85679790201283,0.36429860326807934,69.28673803852396,200,0.011022507213056087,False
traffic_source_campaign_name_1010,target_business_005,65,45,11,0.2927688664700683,0.06513361507856753,49.306803378841565,0.12386396249323274,103.97591619314656,0.12386396249323274,103.97591619314656,200,0.006602818612009287,False
traffic_source_campaign_name_1011,target_business_005,42,29,7,0.1527868601953332,0.06010233514542277,42.85703794693694,0.051455798683839156,25.237533225737387,0.051455798683839156,25.237533225737387,200,0.010541940107941628,False
traffic_source_campaign_name_1032,target_business_005,109,76,17,0.5450646853541988,1.8547257400151915,206.92748405372393,0.06497151825870856,6.98895821334487,0.06483238495247375,6.90788568918983,200,0.015232332050800323,False
traffic_source_campaign_name_1033,target_business_005,83,58,13,0.44218518556893527,0.13886222846571042,30.729786196164348,0.2114776757256486,41.12169135907362,0.22544416945078732,45.608266918839995,200,0.010979917831718922,False
traffic_source_campaign_name_106,target_business_004,172,120,27,0.20322461007110695,0.14327443894013142,83.56121829915202,0.17906486624172277,98.22293365802302,0.14110176255887333,81.91382451511006,200,0.011120210401713848,False
traffic_source_campaign_name_1061,target_business_002,33,23,6,0.2091547652746998,0.20949060004961334,153.48988150067245,0.011393774797903822,8.783120706575161,0.011393774797903822,8.783120706575161,200,0.006724710110574961,False
traffic_source_campaign_name_1064,target_business_004,103,72,16,0.04367038264778654,0.1917464251942977,279.3361214001899,0.02220497124656661,27.00370840906592,0.02014946206050877,23.02696460272567,200,0.03190556541085243,False
traffic_source_campaign_name_1067,target_business_004,31,21,6,0.698166054912829,0.5690388083457947,91.1764833662245,0.1875,25.0,0.1875,25.0,200,0.021226711571216583,False
traffic_source_campaign_name_107,target_business_004,107,74,17,0.26609580881660067,0.132489567505764,38.45256068762501,0.1454605174026292,35.56412744911511,0.1364603409508076,33.64294606495091,200,0.006705010775476694,False
traffic_source_campaign_name_1070,target_business_004,137,95,22,0.379248510449992,0.10064803759868657,27.996427630002056,0.044306028157099824,11.765947545504558,0.045623969345340305,12.252143267304142,200,0.00915913749486208,False
traffic_source_campaign_name_1071,target_business_004,39,27,7,0.17777315551956965,0.48666879559779197,254.88191304628361,0.08979910326999095,48.07724688411375,0.08979910326999095,48.07724688411375,200,0.015218257904052734,False
traffic_source_campaign_name_1087,target_business_004,69,48,11,0.3355181628240531,0.08675218132716273,17.199821681445954,0.07755826119246198,15.378483561014814,0.0786254852814691,15.313793826149706,200,0.013337995857000351,False
traffic_source_campaign_name_1089,target_business_004,58,40,10,0.3695451436804233,0.08991005344072873,13.684055866557928,0.040750600448295815,6.618876295432549,0.04544142058488325,7.135371080716252,200,0.0048936172388494015,False
traffic_source_campaign_name_1091,target_business_002,66,46,11,0.2912379445059799,0.2572427328172871,38.08733298029923,0.17657123124254415,22.57136411790893,0.17657123124254415,22.57136411790893,200,0.049236003309488297,False
traffic_source_campaign_name_1092,target_business_002,81,56,13,0.2910466154170142,0.12604031752186012,15.677026921994164,0.23467478894858018,48.40917125243498,0.2475697109235098,50.89744719961503,200,0.009442743845283985,False
traffic_source_campaign_name_1093,target_business_002,71,49,12,0.3523790375701203,0.1699494220418512,62.39099609563716,0.16154860709000832,57.5845524349479,0.16154860709000832,57.5845524349479,200,0.05178984999656677,False
traffic_source_campaign_name_1094,target_business_002,37,25,7,0.3941319330402507,0.4112657512443653,45.70555148117101,0.23558601134215498,50.44559888528654,0.23558601134215498,50.44559888528654,200,0.04994765296578407,False
traffic_source_campaign_name_1095,target_business_002,137,95,22,0.21162541993110529,0.1473834380962218,42.49463964467745,0.1771620800900788,62.627715766132106,0.1622892376449207,59.66296415746191,200,0.014347539283335209,False
traffic_source_campaign_name_1096,target_business_002,36,25,6,0.17824010723073117,0.8513261456697385,452.6943709605879,0.1469707036613781,54.85542347942538,0.1469707036613781,54.85542347942538,200,0.053205568343400955,False
traffic_source_campaign_name_1097,target_business_002,109,76,17,0.24777959439623673,0.23163941606433722,58.34684837694526,0.3676578594294679,132.94047512414645,0.3346324181265714,130.32169318009926,200,0.009744120761752129,False
traffic_source_campaign_name_1098,target_business_002,125,87,20,0.2265617598594065,0.14016573900220103,46.90568754734959,0.18373685817737648,84.50814339243941,0.19309438434231616,86.64621083295377,200,0.017996106296777725,False
traffic_source_campaign_name_1099,target_business_002,176,123,27,0.23034343825310105,0.1580860772669761,89.716963453475,0.12206839912295103,60.45563699256339,0.12218729989851135,58.662234850880125,200,0.01827615685760975,False
traffic_source_campaign_name_1100,target_business_001,30,21,5,0.49074826831935836,0.4495265131614287,134.3337744687456,0.06352533722201964,22.534866544648658,0.06352533722201964,22.534866544648658,200,0.09524261951446533,False
traffic_source_campaign_name_1101,target_business_001,36,25,6,0.21836701252854923,0.5398936493292974,390.7690564071986,0.1278809864057749,55.992299053425356,0.1278809864057749,55.992299053425356,200,0.07069772481918335,False
traffic_source_campaign_name_1103,target_business_001,62,43,10,0.33820464909039455,0.18196621841591265,45.09543693241643,0.057902802484794645,15.925831346849442,0.057902802484794645,15.925831346849442,200,0.015625715255737305,False
traffic_source_campaign_name_1111,target_business_004,81,56,13,0.27167064280340364,0.06815013764505032,20.535106310830074,0.08684475785559277,24.51800786788862,0.08219765195769302,22.87144041548069,200,0.014855625107884407,False
traffic_source_campaign_name_1125,target_business_002,35,24,6,0.5014627373410724,0.8247415534174916,180.57679435828305,0.3152844555415696,88.965878653779,0.3152844555415696,88.965878653779,200,0.04332108423113823,False
traffic_source_campaign_name_113,target_business_002,321,224,49,0.10275630018322492,0.047819257839218456,33.3256789132445,0.05898740012449381,33.95598959108702,0.051900700769860066,28.008009385177914,200,0.0031159110367298126,False
traffic_source_campaign_name_114,target_business_002,151,105,24,0.5191315394670876,0.06193059629471839,12.170124416190514,0.13319216114930285,25.134610018585253,0.15095159533180028,27.979796313607153,200,0.012692180462181568,False
traffic_source_campaign_name_1141,target_business_002,100,70,15,0.27706528282264636,0.06039254704407491,11.858937689798418,0.11106075150483041,22.500170410876915,0.0999777638094524,19.974285968325347,200,0.013821546919643879,False
traffic_source_campaign_name_1142,target_business_002,42,29,7,0.41641203001910493,0.2890060307796519,33.893183799606206,0.29317850318507954,34.18693015462257,0.3262961828866455,37.498698124779175,200,0.05975847691297531,False
traffic_source_campaign_name_1150,target_business_005,30,21,5,0.36188777184703785,0.17466882966580266,110.61611431359904,,,,,200,0.07894377410411835,False
traffic_source_campaign_name_1151,target_business_005,30,21,5,0.5586977846874294,0.02200380333701979,2.9608771535648306,,,,,200,0.003938674461096525,False
traffic_source_campaign_name_116,target_business_002,102,71,16,0.24449504494899105,0.2535952069232179,60.008083804656124,0.03269618423817414,7.507342967664302,0.052803074582788476,12.28420064594463,200,0.00569596653804183,False
traffic_source_campaign_name_1164,target_business_006,33,23,6,0.4795585090480561,0.14279382340404265,40.43828030813207,0.016620018329081387,4.537094636626747,0.016620018329081387,4.537094636626747,200,0.007953435182571411,False
traffic_source_campaign_name_1165,target_business_006,32,22,6,0.2832934958452313,0.21958211378879477,189.54399364257063,0.060004167016697106,30.753651229803445,0.060004167016697106,30.753651229803445,200,0.042686618864536285,False
traffic_source_campaign_name_1174,target_business_002,116,81,18,0.171855809522244,0.35678666228007583,377.88102950396484,0.0561797362253208,56.389255222956905,0.051614875773930126,52.74330617131242,200,0.01042999979108572,False
traffic_source_campaign_name_1180,target_business_002,157,109,25,0.36624554599897313,0.14090820053495187,30.685547500237153,0.115338111449424,24.642063310578173,0.10275965411286038,20.703559284997194,200,0.011514266952872276,False
traffic_source_campaign_name_1183,target_business_002,201,140,31,0.23485955780564324,0.1909350322278778,57.69020773024578,0.23477715462794216,87.28526753158071,0.20763308398730493,68.00527378447278,200,0.014497548341751099,False
traffic_source_campaign_name_1184,target_business_002,59,41,10,0.4432085491808979,0.16493898710917984,33.140664346807384,0.17806419649291375,34.70768787079761,0.17806419649291375,34.70768787079761,200,0.01521532516926527,False
traffic_source_campaign_name_1187,target_business_002,254,177,39,0.15916955544744152,0.049078578642995314,106.95901717613488,0.041561865594863016,83.55328108611579,0.03867340221900499,81.74313686231855,200,0.005195478443056345,False
traffic_source_campaign_name_119,target_business_002,56,39,9,0.14503644466184765,0.1755414778404401,201.93184517965776,,,,,200,0.04468168318271637,False
traffic_source_campaign_name_1191,target_business_002,37,25,7,0.5030161280924251,0.2036837286407789,41.4196857552606,0.12195720098822843,22.924351313811776,0.12195720098822843,22.924351313811776,200,0.02500823512673378,False
traffic_source_campaign_name_1207,target_business_002,63,44,10,0.3203335935426177,0.40035134431737346,145.87382842532364,0.09177235459902641,27.47363374880154,0.09177235459902641,27.47363374880154,200,0.01785021834075451,False
traffic_source_campaign_name_1209,target_business_002,116,81,18,0.26688953715231045,0.11163408822460062,43.64872509775266,0.18029282466116703,78.59887144371591,0.1665343498640346,75.3797746398746,200,0.021075336262583733,False
traffic_source_campaign_name_1210,target_business_002,35,24,6,0.17847805407997208,0.2721595021264188,106.82367425653428,0.2623034744769424,57.523561910952246,0.2623034744769424,57.523561910952246,200,0.08872625231742859,False
traffic_source_campaign_name_1212,target_business_002,132,92,21,0.2875303492885374,0.1359311067152401,44.11957381426976,0.2201631681479176,62.28778750390569,0.18592423389108725,53.96700022952674,200,0.0060788653790950775,False
traffic_source_campaign_name_1213,target_business_002,39,27,7,0.39136347559651846,0.1058545710418116,44.80158513011671,0.1986707460416234,38.74306851075561,0.1986707460416234,38.74306851075561,200,0.018928712233901024,False
traffic_source_campaign_name_124,target_business_002,55,38,9,0.24552880855174053,0.28560291977241387,69.38104015241005,0.15930303786690175,30.097597949743825,0.17098113497898476,34.75549510284464,200,0.01675122044980526,False
traffic_source_campaign_name_1246,target_business_002,486,340,74,0.25972083683516,0.07648377048151628,41.13078601432141,0.14174668128426182,66.6694819250502,0.12847977680906014,62.18772578923216,200,0.017328733578324318,False
traffic_source_campaign_name_125,target_business_002,35,24,6,0.47360103690017424,0.09727999836749854,23.12785074940359,0.07369424126918728,16.621550972988693,0.07369424126918728,16.621550972988693,200,0.008595509454607964,False
traffic_source_campaign_name_1251,target_business_002,68,47,11,0.4512423440840636,0.409270541804478,56.14809482305495,0.4040851978767721,79.41224424852716,0.4040851978767721,79.41224424852716,200,0.07695340365171432,False
traffic_source_campaign_name_1252,target_business_002,81,56,13,0.39136349693784045,0.05566103898462985,14.079055954764709,0.3311268930020786,39.65016657732991,0.35184474908443036,41.73932218168165,200,0.020904699340462685,False
traffic_source_campaign_name_1254,target_business_002,173,121,27,0.2235961076068176,0.20786515513702716,151.21958208875498,0.15532853693368662,68.8455952802707,0.13654475090532295,57.793375134873834,200,0.01852862723171711,False
traffic_source_campaign_name_1256,target_business_002,554,387,84,0.08923872851930903,0.048625359320995334,195.59369240381588,0.019001397985673255,30.91184849957436,0.020231998157367027,36.938466112586994,200,0.0017650548834353685,False
traffic_source_campaign_name_1257,target_business_002,551,385,84,0.21142030070599233,0.06742013671634077,53.9765754109704,0.0855563132135685,53.003281262734326,0.08317403796509584,48.668053790530905,200,0.004805171396583319,False
traffic_source_campaign_name_1258,target_business_002,97,67,16,0.3754474597708982,0.07664775679014059,27.314114673299798,0.13349109301751008,50.569455830883484,0.11340136174828037,44.3498489285849,200,0.027725907042622566,False
traffic_source_campaign_name_1264,target_business_002,61,42,10,0.2325693504206319,0.0910184002428707,33.73989666513499,0.012404051594524021,4.375601058369768,0.01916989791880985,6.660399531885808,200,0.005464200396090746,False
traffic_source_campaign_name_1265,target_business_002,128,89,20,0.26551466798409856,0.06233567055801337,23.239051011608833,0.0750161776345555,22.647910845116197,0.08567018428161513,24.889707989882396,200,0.014162351377308369,False
traffic_source_campaign_name_1268,target_business_002,33,23,6,0.4174526295332923,0.2986879083204119,76.93338988181185,0.5840720032728763,65.28963414634148,0.5840720032728763,65.28963414634148,200,0.007978214882314205,False
traffic_source_campaign_name_127,target_business_002,271,189,42,0.16564296064235282,0.13573840787977406,38.668414422047526,0.10103750451573458,30.10473379836646,0.12748862736893593,39.49453507432444,200,0.00667325546965003,False
traffic_source_campaign_name_1279,target_business_002,63,44,10,0.3638690763306604,0.18698712461770559,33.64917485443895,0.13951118114460065,25.033990687153345,0.13951118114460065,25.033990687153345,200,0.07701819390058517,False
traffic_source_campaign_name_128,target_business_002,36,25,6,0.34485395737709645,0.23758742606393635,53.27279932061013,0.22603273577552618,83.27351040918886,0.22603273577552618,83.27351040918886,200,0.016878461465239525,False
traffic_source_campaign_name_1283,target_business_002,36,25,6,0.299877294656311,0.13710070713382247,75.43017132485967,0.1694969621495151,48.94072413685752,0.1694969621495151,48.94072413685752,200,0.00770147517323494,False
traffic_source_campaign_name_1284,target_business_002,40,28,6,0.11665551386504709,0.3469926746034333,224.1378664940716,0.0776226618442204,59.13058300893702,0.0776226618442204,59.13058300893702,200,0.011675888672471046,False
traffic_source_campaign_name_1321,target_business_002,495,346,75,0.43049525639095054,0.05423920723009255,25.962432095114018,0.06600312015103302,28.232142173761314,0.07739102995415047,35.489901141735494,200,0.006823633797466755,False
traffic_source_campaign_name_1323,target_business_002,130,91,20,0.4581328800908206,0.09418803348484846,15.548766111723825,0.08336065593579568,13.485009266219244,0.0943499932679399,15.340895733605631,200,0.013225764036178589,False
traffic_source_campaign_name_1324,target_business_002,68,47,11,0.2871269469010712,0.15118179103088972,50.2243134520184,0.08161686075708635,23.54354580762143,0.08161686075708635,23.54354580762143,200,0.014474465511739254,False
traffic_source_campaign_name_1357,target_business_002,58,40,10,0.3422955280378938,0.785613259146854,209.65102554513933,0.14418975442083903,31.479849008837963,0.14418975442083903,31.479849008837963,200,0.012349875643849373,False
traffic_source_campaign_name_1392,target_business_002,32,22,6,0.503542700390874,0.5992903948315517,66.55631575396305,0.15635593220338984,16.56252200239386,0.15635593220338984,16.56252200239386,200,0.05821215733885765,False
traffic_source_campaign_name_1396,target_business_001,42,29,7,0.3917451424965985,0.19147930936418853,35.802883846617995,0.3177560174082957,43.268952536381626,0.3177560174082957,43.268952536381626,200,0.03484566509723663,False
traffic_source_campaign_name_1397,target_business_001,182,127,28,0.18281849265417371,0.04082295364635149,34.82570818594458,0.06417013987463474,69.58714400152469,0.06901919443449808,75.40844428904738,200,0.01604241505265236,False
traffic_source_campaign_name_1401,target_business_001,178,124,28,0.15269055477098495,0.10006784834322155,121.48643700933404,0.052393736864837455,52.4659719310017,0.05175202585033299,52.333493854069765,200,0.015560414642095566,False
traffic_source_campaign_name_1427,target_business_002,94,65,15,0.44380343492366975,0.03611054309939076,7.669175603873983,0.07664840077303078,18.68303328174878,0.08170675169854051,19.338858715817477,200,0.005543041042983532,False
traffic_source_campaign_name_1430,target_business_001,365,255,56,0.21725079199958489,0.09673668670048603,60.014997854797336,0.1344426354466515,63.23557586498146,0.13062549057385545,60.90148527579273,200,0.011942430399358273,False
traffic_source_campaign_name_1432,target_business_001,196,137,30,0.38537726858041715,0.06359355860361424,16.120098909701994,0.1259324468383944,33.12005897984811,0.1174961278032029,30.15821288924243,200,0.015350934118032455,False
traffic_source_campaign_name_1433,target_business_001,103,72,16,0.22165865418047317,0.10220161365131677,59.38971651865571,0.10789687597544477,56.750430747934374,0.09080271675312512,41.65197383927761,200,0.03279143199324608,False
traffic_source_campaign_name_1436,target_business_001,466,326,71,0.30756861826246656,0.13499011533602878,243.83612563027683,0.14572884591403112,53.73358293134951,0.15208138106749222,67.87850628019318,200,0.010564308613538742,False
traffic_source_campaign_name_1437,target_business_001,662,463,100,0.23582398342561245,0.0672532853873811,34.61770093742048,0.11906668803216458,59.92088869203116,0.11732556616097566,60.039874898709364,200,0.0049340506084263325,False
traffic_source_campaign_name_1438,target_business_001,175,122,27,0.2722245166250468,0.18244061950860635,53.7676598215232,0.19924908119061072,47.99803864172031,0.20512209966011785,51.69080621675503,200,0.028542393818497658,False
traffic_source_campaign_name_1439,target_business_001,273,191,42,0.2143019822727416,0.1057105940847755,70.7706089095009,0.15641006632397156,87.24898385940578,0.13483468615977104,74.75814692916283,200,0.01840098202228546,False
traffic_source_campaign_name_1440,target_business_001,432,302,66,0.24288999324926253,0.0905972926791639,31.514710379942716,0.10712787423024704,36.219457539543605,0.11255141141196587,38.61306763870041,200,0.006934827193617821,False
traffic_source_campaign_name_1441,target_business_001,94,65,15,0.13925469256462936,0.12253319048923413,111.50990888551833,0.020576495547573747,17.85900658722157,0.021162191490646676,17.88000347614344,200,0.027760887518525124,False
traffic_source_campaign_name_1443,target_business_001,82,57,13,0.4305922334903231,0.18096704582490147,116.14172248187234,0.14449376477729642,89.25856212328841,0.18869551488196368,117.94481440592367,200,0.03282571956515312,False
traffic_source_campaign_name_1444,target_business_001,69,48,11,0.41579579528573296,0.03501485463662877,4.883374464127747,0.4794797063903281,55.94130257478932,0.4794797063903281,55.94130257478932,200,0.025703663006424904,False
traffic_source_campaign_name_1446,target_business_001,33,23,6,0.4462671278315281,0.5026982401393495,148.8061736719051,0.734512622074811,403.9521686258613,0.734512622074811,403.9521686258613,200,0.02677237056195736,False
traffic_source_campaign_name_1447,target_business_001,168,117,26,0.15344828221119203,0.17415250476391456,95.50751282034149,0.10670755319697743,42.17240159765588,0.09302813089933283,35.16584277442622,200,0.010357575491070747,False
traffic_source_campaign_name_1449,target_business_001,61,42,10,0.3527570704709384,0.3605550638015229,84.33677117052376,0.2370380016050448,52.00538383051448,0.20513777397424526,42.16049831900717,200,0.08008589595556259,False
traffic_source_campaign_name_1457,target_business_002,78,54,13,0.32978459883978967,0.10314043507605128,22.888589985477743,0.08624207113223235,20.725188432415642,0.08012003144007666,18.802318384469846,200,0.01619628444314003,False
traffic_source_campaign_name_1461,target_business_002,32,22,6,0.5783246805087131,0.38535796799180655,41.502233398859566,0.23365442351336774,23.576822497472477,0.23365442351336774,23.576822497472477,200,0.11960402131080627,False
traffic_source_campaign_name_1463,target_business_002,259,181,40,0.26471674114478394,0.04213310721143079,24.641799294316193,0.08111335940572037,31.342167474599446,0.08714688815347217,34.78496795069368,200,0.008130896836519241,False
traffic_source_campaign_name_1465,target_business_002,33,23,6,0.3577332532518427,1.1497461860897928,241.05250539649168,0.3950178731009831,56.51409576168255,0.3950178731009831,56.51409576168255,200,0.091822549700737,False
traffic_source_campaign_name_1467,target_business_002,61,42,10,0.18173304268065157,0.08563482136080368,31.92464427594677,0.08572703855855171,44.058938768043994,0.08572703855855171,44.058938768043994,200,0.011716604232788086,False
traffic_source_campaign_name_1476,target_business_002,40,28,6,0.3074240301661454,0.19075371259062301,53.16581441159166,0.08021048553719012,26.987617369475508,0.08021048553719012,26.987617369475508,200,0.018141988664865494,False
traffic_source_campaign_name_1482,target_business_002,37,25,7,0.3587957433518457,1.4790303955366728,281.6611620819298,0.14707291140306558,30.51499771950369,0.14707291140306558,30.51499771950369,200,0.04832284152507782,False
traffic_source_campaign_name_1489,target_business_001,35,24,6,0.2552156115194137,0.3334337881463843,124.41906663588114,0.034228594507269894,13.549160671462873,0.034228594507269894,13.549160671462873,200,0.03147381544113159,False
traffic_source_campaign_name_149,target_business_002,72,50,12,0.2280062946215996,0.18103360830246887,122.90774012989476,0.009024011362280796,6.318625149816475,0.009024011362280796,6.318625149816475,200,0.010260221548378468,False
traffic_source_campaign_name_1490,target_business_001,90,62,15,0.25007596176251634,0.08502702964236732,37.885637701536204,0.0562028110875983,18.292572035363783,0.061656102228492306,19.476148654119598,200,0.022766100242733955,False
traffic_source_campaign_name_1501,target_business_002,411,287,63,0.16065352303051814,0.07097950218258009,45.00266479335208,0.08655451292449025,42.281140972229736,0.08148913544746055,44.06578640879957,200,0.004461042582988739,False
traffic_source_campaign_name_1502,target_business_002,259,181,40,0.31627148610281686,0.06936690201778069,21.2352148828409,0.14430211189927322,45.072235358560064,0.14511659572423463,46.21124336453599,200,0.006099233869463205,False
traffic_source_campaign_name_1503,target_business_002,33,23,6,0.5071840473503413,0.3986009573494722,46.75215731278903,0.2656824514901281,29.8612364324925,0.2656824514901281,29.8612364324925,200,0.12816256284713745,False
traffic_source_campaign_name_1506,target_business_002,411,287,63,0.2184785355719299,0.09927475191848094,39.90113516194669,0.12414548350442074,56.769825236235974,0.11830946654678855,53.824349421413196,200,0.01039203628897667,False
traffic_source_campaign_name_1511,target_business_001,30,21,5,0.3725300744079308,0.21797871589660645,21.797871589660645,,,,,200,0.027004338800907135,False
traffic_source_campaign_name_1515,target_business_001,63,44,10,0.23934344190756707,0.21627069029600587,92.10306032492764,0.3852005106884473,67.38394933055399,0.3852005106884473,67.38394933055399,200,0.012858550064265728,False
traffic_source_campaign_name_1518,target_business_001,83,58,13,0.1851983808270657,0.15460467954989082,51.78622197708628,0.21185518299592723,70.29201855383802,0.20321837359212044,68.8948388689286,200,0.013056866824626923,False
traffic_source_campaign_name_1525,target_business_001,36,25,6,0.5184470862528568,0.10351272607610329,23.1027747457066,0.044753233294205996,10.680126182965306,0.044753233294205996,10.680126182965306,200,0.0035953104961663485,False
traffic_source_campaign_name_153,target_business_002,36,25,6,0.6678673136376513,0.4057580666826261,50.436412522273734,0.09871688741721851,13.451776649746186,0.09871688741721851,13.451776649746186,200,0.08797449618577957,False
traffic_source_campaign_name_1534,target_business_002,32,22,6,0.3839418498460958,0.21166483001293956,33.22716410760677,0.48922670754556297,197.47335854245443,0.48922670754556297,197.47335854245443,200,0.036838047206401825,False
traffic_source_campaign_name_1539,target_business_002,162,113,25,0.3521175688445859,0.09278168847973718,17.56972024827383,0.13078011961008085,27.97796403999827,0.13195047734130194,28.78373184134462,200,0.007514468394219875,False
traffic_source_campaign_name_1541,target_business_002,57,39,10,0.5778017407228353,0.08915391770902137,13.20831960095719,0.013210777598676282,1.9389154300985874,0.013210777598676282,1.9389154300985874,200,0.04029404744505882,False
traffic_source_campaign_name_1551,target_business_002,35,24,6,0.5207659239509422,0.12910640602876317,21.478979822753374,0.02491121098740894,2.854795903642925,0.033091018342393044,4.0756960922197205,200,0.017777519300580025,False
traffic_source_campaign_name_1553,target_business_002,64,44,11,0.6004498926856183,0.06414445607910373,9.612017874467758,0.13472077092766743,16.229262798160832,0.13472077092766743,16.229262798160832,200,0.006902969442307949,False
traffic_source_campaign_name_1557,target_business_002,55,38,9,0.31273084015380126,0.2766386289064977,130.64462485198806,,,,,200,0.04011908173561096,False
traffic_source_campaign_name_1558,target_business_002,116,81,18,0.25077313484835245,0.0873585885684638,15.425452824293648,0.10781065145456267,19.8044076419251,0.15788905283972912,26.825824633365375,200,0.009900021366775036,False
traffic_source_campaign_name_1559,target_business_005,132,92,21,0.2858437919276854,0.03227606827165414,8.841637541392029,0.07041300626416384,18.871223194337336,0.07392782209117128,19.046135432450217,200,0.00306884222663939,False
traffic_source_campaign_name_1561,target_business_003,68,47,11,0.46750817861191685,0.061460968006187285,14.232514551859362,0.09524178805506779,16.702143580075635,0.0976833071343672,17.110076171822193,200,0.003780695842579007,False
traffic_source_campaign_name_1562,target_business_003,64,44,11,0.43342425570013554,0.13904150871778684,24.52424593865245,0.14433699276731438,21.697454649614887,0.16085439828165707,23.599760926549433,200,0.014184379950165749,False
traffic_source_campaign_name_1563,target_business_003,60,42,9,0.28087337474310486,0.07343764206744044,30.041071133534885,0.0456640335020421,30.36518722167048,0.048513561082606904,32.71726578082638,200,0.004329412244260311,False
traffic_source_campaign_name_1571,target_business_004,102,71,16,0.18862859892024095,0.18255700937433395,81.70944859608204,0.0544143564722407,30.32770166556007,0.05973235645111891,34.112796352279176,200,0.03131331875920296,False
traffic_source_campaign_name_1572,target_business_004,102,71,16,0.2628537012057125,0.15631902237757003,65.2913041364097,0.08766459381797462,40.77055133170629,0.08243494004189848,40.13796548403481,200,0.02212187647819519,False
traffic_source_campaign_name_1578,target_business_004,69,48,11,0.3085380391536338,0.08044236120504478,12.675219090803322,0.40288430808565034,91.95757869048826,0.40288430808565034,91.95757869048826,200,0.037932053208351135,False
traffic_source_campaign_name_1580,target_business_004,42,29,7,0.2995651842236826,0.8601241956536662,242.1987407356349,0.3344087700839526,56.918823672015684,0.3344087700839526,56.918823672015684,200,0.05984765663743019,False
traffic_source_campaign_name_1587,target_business_002,93,65,15,0.28822860934413275,0.14653910498026776,44.45675600579824,0.22142924061136546,67.79845798299843,0.1949651323898494,54.98278392587493,200,0.009354320354759693,False
traffic_source_campaign_name_1591,target_business_001,133,93,21,0.1768553087986763,0.07731229141971142,54.180377292497795,0.049506262797846985,33.82759518287066,0.053640758418576566,37.366286269944766,200,0.01759735681116581,False
traffic_source_campaign_name_1592,target_business_001,676,473,102,0.12719414697976855,0.047897419138478135,57.44270850833632,0.06227573382624841,62.967265048596424,0.05967084359050587,60.85342116170226,200,0.004666220862418413,False
traffic_source_campaign_name_1597,target_business_001,101,70,16,0.3580105923522325,0.11490810720642188,32.41781771806402,0.04165027555555556,11.253866295781378,0.06588042380952382,18.075631779178096,200,0.03062225878238678,False
traffic_source_campaign_name_1606,target_business_001,66,46,11,0.37225726249431373,0.1238703556872217,93.30817291100489,0.2251758472640906,54.08134411006418,0.2251758472640906,54.08134411006418,200,0.015341917984187603,False
traffic_source_campaign_name_1607,target_business_001,99,69,16,0.16293776428690693,0.06735979981717574,29.350088312545186,0.1383795003270864,54.19844183102055,0.18035294224753015,63.24599280273545,200,0.012125063687562943,False
traffic_source_campaign_name_1629,target_business_001,31,21,6,0.3471396006905103,0.1672242165709394,52.001629167623435,0.012126228667337499,3.9496356102897168,0.020130390165562836,6.378237580618067,200,0.016253702342510223,False
traffic_source_campaign_name_1635,target_business_001,157,109,25,0.551074719150377,0.3224021737296194,51.033592911852836,0.16113195970253388,24.11228205220029,0.16635467805884968,24.78104116953427,200,0.016214644536376,False
traffic_source_campaign_name_1639,target_business_001,79,55,13,0.5808491338767293,0.21136461763457673,48.18584644680267,0.09800361441027226,23.241255185633463,0.13366210367236914,32.39391351729656,200,0.005770360119640827,False
traffic_source_campaign_name_1649,target_business_002,35,24,6,0.2012275521256063,0.6343839844813477,143.74730019363986,0.6484975975256225,64.84975975256225,0.6484975975256225,64.84975975256225,200,0.20021678507328033,False
traffic_source_campaign_name_1654,target_business_002,97,67,16,0.23971729719372895,0.11791273557342445,26.05266538285115,0.04973146985554209,10.361781699671118,0.08520322118524878,18.46659798640112,200,0.025927597656846046,False
traffic_source_campaign_name_1656,target_business_002,66,46,11,0.2624256311840111,0.031974107665697145,5.122043005624765,0.05870089458235215,9.217795530601903,0.0983432478919336,14.825040746808337,200,0.0069036404602229595,False
traffic_source_campaign_name_1663,target_business_002,30,21,5,0.45779890827445696,0.23967524549576058,35.860364123382816,,,,,200,0.006167197600007057,False
traffic_source_campaign_name_1668,target_business_002,39,27,7,0.2988714061193951,0.45490000998813224,153.80399290160526,0.5778476161275486,74.31664358002664,0.5778476161275486,74.31664358002664,200,0.005441978573799133,False
traffic_source_campaign_name_1685,target_business_005,63,44,10,0.31726540319267843,0.0814941663592858,45.72724696836984,0.007640039235314311,4.217030288308597,0.007640039235314311,4.217030288308597,200,0.011900712735950947,False
traffic_source_campaign_name_1686,target_business_005,370,259,56,0.25615170767144363,0.07815560704229114,24.180332172081766,0.09659270643456443,26.565781004332063,0.107204781708173,32.21834934787227,200,0.004550185985863209,False
traffic_source_campaign_name_1697,target_business_002,148,103,23,0.1748589846295769,0.026144534344679445,11.168510047010836,0.07525849400038509,31.031022826967774,0.07051113066441102,28.15087984661586,200,0.00588499940931797,False
traffic_source_campaign_name_1705,target_business_004,37,25,7,0.08004690700454388,0.6247891049165627,261.6734086144125,0.32192614619265725,162.96545536516183,0.34626718650987215,156.56793736069966,200,0.07225995510816574,False
traffic_source_campaign_name_1706,target_business_004,34,23,6,0.2542084909632587,0.0279789849934107,6.003858749870243,0.04660835924334855,9.141072762008227,0.04660835924334855,9.141072762008227,200,0.008249178528785706,False
traffic_source_campaign_name_1724,target_business_004,122,85,19,0.146120045576408,0.027669927607467833,46.193239389031085,0.061237198556803776,76.30279341918566,0.04955486207330049,61.96101657332738,200,0.009309995919466019,False
traffic_source_campaign_name_1729,target_business_004,212,148,33,0.13152408689511697,0.02110987285106587,10.731161433120503,0.0408051839174084,20.656241479047225,0.05571880221732465,26.81515300282591,200,0.005035490728914738,False
traffic_source_campaign_name_1731,target_business_004,78,54,13,0.3116519603868409,0.06207720719600083,10.413630672364793,0.06443837375684985,11.243216555333218,0.0967165651811887,15.83588071443304,200,0.022117381915450096,False
traffic_source_campaign_name_1732,target_business_004,39,27,7,0.22469672083681594,0.15503679689899788,80.05405653894312,0.03376890823243253,19.223183064802406,0.03376890823243253,19.223183064802406,200,0.003854172769933939,False
traffic_source_campaign_name_1733,target_business_004,136,95,21,0.09633927777197636,0.03208995112706682,32.19448258343975,0.04911305554878296,37.36335684448975,0.06925964252590913,52.48163211526613,200,0.0066956994123756886,False
traffic_source_campaign_name_174,target_business_002,30,21,5,0.6592469129726815,0.6379922926425934,63.79922926425934,,,,,200,0.09123940020799637,False
traffic_source_campaign_name_1741,target_business_004,87,60,14,0.4293123175297576,0.09549025275843448,17.56418690446803,0.16840234762670322,32.40333418115668,0.15253574169278297,28.652016437617068,200,0.004101907834410667,False
traffic_source_campaign_name_1750,target_business_004,56,39,9,0.289318193318186,0.15401814721700974,29.370490493428967,0.07891534689977192,13.833484790924022,0.09285148306711652,15.31073054660179,200,0.010609663091599941,False
traffic_source_campaign_name_1752,target_business_004,130,91,20,0.15988628611509823,0.10873671977749647,43.52677062710477,0.07074155349364,28.078422226458017,0.08975467488212627,32.8049145306139,200,0.008382829837501049,False
traffic_source_campaign_name_1754,target_business_004,108,75,17,0.3415706028542136,0.019418117728586287,4.438270050512651,0.05287515563864604,12.260626170284489,0.0689021797795732,15.623899797493573,200,0.00460453238338232,False
traffic_source_campaign_name_1756,target_business_004,101,70,16,0.22144068559383273,0.04907293361573824,13.742537862889618,0.06365206756459711,18.110785236124237,0.0778298811632145,22.002540161129712,200,0.006498382892459631,False
traffic_source_campaign_name_1779,target_business_001,71,49,12,0.20747715913153858,0.1309324821229313,105.06792891984654,0.030307183711310852,20.664205958937476,0.030010302936272538,18.43019809167321,200,0.0025291205383837223,False
traffic_source_campaign_name_1782,target_business_001,38,26,7,0.3647079506105431,0.33960299659242227,88.47903363568584,0.03541103453083016,8.794361716808123,0.04204988216926885,10.365476634005,200,0.011135954409837723,False
traffic_source_campaign_name_1784,target_business_001,42,29,7,0.38220238848518157,0.058560467440413544,8.805453259098089,0.07778540564051761,13.172493080440306,0.07778540564051761,13.172493080440306,200,0.006593160331249237,False
traffic_source_campaign_name_1785,target_business_002,94,65,15,0.2928062432664731,0.07413761172296206,34.92784738278395,0.038559782765943906,18.007268867805106,0.03246074278538734,14.970726790925848,200,0.011957037262618542,False
traffic_source_campaign_name_1792,target_business_002,54,37,9,0.6830891799262461,0.1439830121317348,20.050476979177706,0.12509138522919838,16.85436626725105,0.12509138522919838,16.85436626725105,200,0.009282343089580536,False
traffic_source_campaign_name_1796,target_business_002,41,28,7,0.6264315929454766,0.08742156947747474,11.042422162620491,0.027661073050952056,3.610675980650367,0.027661073050952056,3.610675980650367,200,0.03758201003074646,False
traffic_source_campaign_name_1797,target_business_002,32,22,6,0.6348801354922704,0.0396300917512204,4.999282676726553,0.11533738486886536,16.725324860483127,0.11533738486886536,16.725324860483127,200,0.0034374897368252277,False
traffic_source_campaign_name_1802,target_business_002,34,23,6,0.5590036997041524,0.5766455658534277,92.54967519621347,0.41437246963562746,41.43724696356274,0.41437246963562746,41.43724696356274,200,0.055253662168979645,False
traffic_source_campaign_name_1826,target_business_002,30,21,5,0.582000870949203,0.0960983580058864,11.270105905001612,,,,,200,0.019930150359869003,False
traffic_source_campaign_name_1836,target_business_003,90,62,15,0.5520133667494944,0.11057472081500122,19.16389338457946,0.08572901492848069,13.485757603762059,0.08818461065420972,13.710736522662076,200,0.010992784053087234,False
traffic_source_campaign_name_1839,target_business_003,98,68,16,0.1275762177444053,0.018777036382210836,13.89052301494083,0.018556982282428542,13.823298790954189,0.016774304377279926,12.516312058510545,200,0.008813275024294853,False
traffic_source_campaign_name_1843,target_business_003,96,67,15,0.5589544056213992,0.12819728073750808,23.302166459237128,0.11008362394241833,18.283908666463677,0.11100332467501707,19.24262956615775,200,0.027353409677743912,False
traffic_source_campaign_name_1902,target_business_003,32,22,6,0.3379200264119013,0.1454859336198585,68.80866019512031,0.6966096185568302,418.87497089399506,0.6966096185568302,418.87497089399506,200,0.035242702811956406,False
traffic_source_campaign_name_1906,target_business_003,38,26,7,0.6425823973350668,0.0453799763369147,4.804731862561461,0.016774405678264402,1.8648417848825019,0.019593131953358742,2.211483155664342,200,0.02174774371087551,False
traffic_source_campaign_name_1907,target_business_003,184,128,29,0.4902017805789699,0.08653352865578662,21.234717278900458,0.048755308376409665,10.65061016156858,0.05089893890556453,11.123549849751964,200,0.005822237581014633,False
traffic_source_campaign_name_1919,target_business_004,182,127,28,0.2674735484403325,0.31394747573770587,147.44144093946156,0.050716633714605275,24.499153034948748,0.045616157254619545,22.87729556160378,200,0.016085820272564888,False
traffic_source_campaign_name_1920,target_business_004,83,58,13,0.4858045073439855,0.309692135501081,74.6104810185696,0.2598203008191403,57.52204534494831,0.2690726464643909,59.94460145999341,200,0.11922662705183029,False
traffic_source_campaign_name_1921,target_business_004,181,126,28,0.4171096692775191,0.05488895653509282,10.595069593887896,0.05539654886337202,10.836884559611669,0.05455053185148707,10.526889031019477,200,0.004875685088336468,False
traffic_source_campaign_name_1924,target_business_002,94,65,15,0.387830543071822,0.05467166011733056,12.216479785752917,0.08171218854514894,17.2299422993331,0.07191241034400853,14.73158345831625,200,0.01500803604722023,False
traffic_source_campaign_name_1928,target_business_002,30,21,5,0.5826231005218999,0.08707928819856864,23.91823493433126,,,,,200,0.037579406052827835,False
traffic_source_campaign_name_1943,target_business_002,201,140,31,0.4093512487179594,0.08898688233008413,20.85547301127181,0.11577445116714656,26.249780364868798,0.10715969855116603,24.32882899398912,200,0.010722316801548004,False
traffic_source_campaign_name_1947,target_business_002,59,41,10,0.5149084451277126,0.06579414780193699,9.333001635619647,0.08247537961113716,11.010114587976165,0.08247537961113716,11.010114587976165,200,0.016727348789572716,False
traffic_source_campaign_name_1950,target_business_002,73,51,12,0.07575565161917343,0.12583777184840514,176.17207719254938,0.0020596788817992214,2.8370261041118794,0.003152838081765253,4.362390385582999,200,0.012275978922843933,False
traffic_source_campaign_name_1952,target_business_002,88,61,14,0.22631447334907542,0.19722764551044764,75.02640425835158,0.019556655143238292,8.08600068503567,0.025738126938220026,10.72427112032948,200,0.002087769564241171,False
traffic_source_campaign_name_1954,target_business_002,85,59,14,0.2434211148243472,0.022596429409790047,7.590030058230263,0.07552617979854294,29.78543163745281,0.0711204294889208,28.553088196515976,200,0.021273335441946983,False
traffic_source_campaign_name_1960,target_business_002,68,47,11,0.2168018098775302,0.05228875051489918,15.861791677245588,0.07575759488513484,16.969013799184438,0.07779660928104758,17.148371437002762,200,0.0051534236408770084,False
traffic_source_campaign_name_1965,target_business_002,30,21,5,0.38176438737043566,0.37094297481738636,104.27973904772965,,,,,200,0.02142927050590515,False
traffic_source_campaign_name_1978,target_business_002,30,21,5,0.11221122131060073,0.19816680590425295,178.7767971366679,0.0684503452368109,43.95321106716906,0.0684503452368109,43.95321106716906,200,0.010769026353955269,False
traffic_source_campaign_name_1995,target_business_004,37,25,7,0.40437009634298826,0.3504937859240006,91.50006914807524,0.08563780797079978,32.254426013167866,0.11149504789304857,37.42737936494771,200,0.03325730562210083,False
traffic_source_campaign_name_1999,target_business_002,60,42,9,0.5473507651620433,0.04278563784591072,5.793302480355377,,,,,200,0.012812976725399494,False
traffic_source_campaign_name_2002,target_business_002,94,65,15,0.5994375115198453,0.02937894867711412,4.959235143973738,0.04481468202868598,7.457665971996609,0.06476773779141637,11.107819095964269,200,0.007912385277450085,False
traffic_source_campaign_name_2004,target_business_005,31,21,6,0.3222310530876176,0.2813548893189724,67.92529353632874,0.012523721812904731,3.0395394124121746,0.012523721812904731,3.0395394124121746,200,0.08527471870183945,False
traffic_source_campaign_name_2007,target_business_005,38,26,7,0.2321621684655914,0.15128306877919867,52.52252675675844,0.09918858930975512,31.673218015481325,0.09918858930975512,31.673218015481325,200,0.03522816672921181,False
traffic_source_campaign_name_2016,target_business_005,63,44,10,0.17928376462823065,0.28545238416879043,88.95666095452243,0.040102772021640434,13.645479236487686,0.0615466213944997,19.352378637963913,200,0.011327438056468964,False
traffic_source_campaign_name_2017,target_business_005,72,50,12,0.30154978240026037,0.25320202283753224,98.6706848761955,0.06307071826606327,18.365940426516314,0.06307071826606327,18.365940426516314,200,0.027845332399010658,False
traffic_source_campaign_name_2022,target_business_005,276,193,42,0.15696237441203437,0.08589782966842106,43.868355944392285,0.037095463828630916,18.461110056727364,0.03889167074983784,19.616126928293127,200,0.008950885385274887,False
traffic_source_campaign_name_2028,target_business_005,246,172,38,0.19795509191973554,0.09847050797351832,58.826779482806536,0.13360922404696488,69.53662793686327,0.11681837411272042,64.43181440412557,200,0.01515675988048315,False
traffic_source_campaign_name_2029,target_business_005,34,23,6,0.4789102300414517,0.4464889783025907,143.0919216391165,0.11322395553164784,42.63033479381593,0.13925945849022772,53.69619655202242,200,0.029765302315354347,False
traffic_source_campaign_name_2031,target_business_001,39,27,7,0.20832747141974556,0.22874293083766983,89.80748575104515,0.3539421730335331,133.38779390101607,0.3539421730335331,133.38779390101607,200,0.02477497048676014,False
traffic_source_campaign_name_2035,target_business_001,73,51,12,0.4237072120570654,0.0989189765169608,17.42629498786952,0.11445227698835607,24.735479760965852,0.09301099639826331,21.59598918319212,200,0.022735942155122757,False
traffic_source_campaign_name_2036,target_business_001,136,95,21,0.2426086903897361,0.13620014937105973,47.95315764406445,0.11308710562414265,52.532986936831506,0.12665064096283232,57.00929754758488,200,0.027064060792326927,False
traffic_source_campaign_name_2038,target_business_002,117,81,19,0.19276659673647886,0.04575734491609091,30.669334247590207,0.051481240023072694,39.91479922855223,0.05496461829449878,43.12597049419226,200,0.01441633515059948,False
traffic_source_campaign_name_2049,target_business_002,36,25,6,0.24699612498037724,0.4660090728218054,184.83658111186435,0.17566385837687962,46.623266345881696,0.17566385837687962,46.623266345881696,200,0.017372319474816322,False
traffic_source_campaign_name_2060,target_business_002,36,25,6,0.3013891658886838,1.662926807784346,879.1666403510233,0.07719170193389406,33.454827407084586,0.07719170193389406,33.454827407084586,200,0.09193763136863708,False
traffic_source_campaign_name_2064,target_business_005,39,27,7,0.6220105819166857,0.07271954686516542,11.727217312582862,0.0680505925633701,12.187787765218781,0.0680505925633701,12.187787765218781,200,0.01100115291774273,False
traffic_source_campaign_name_2068,target_business_005,112,78,18,0.27720461077629543,0.046763560084027087,8.419007665850568,0.06205709972060503,11.125038010694743,0.1061768181399925,18.46442871955445,200,0.0062343827448785305,False
traffic_source_campaign_name_2069,target_business_005,62,43,10,0.6013028209145251,0.08789860984610381,11.290068858151479,0.2835039452895892,29.762879549727515,0.2835039452895892,29.762879549727515,200,0.009448601864278316,False
traffic_source_campaign_name_207,target_business_002,39,27,7,0.24969966318379117,0.19298880649016434,51.96950421251055,0.07550575055317399,23.441289928310326,0.07550575055317399,23.441289928310326,200,0.008720196783542633,False
traffic_source_campaign_name_2070,target_business_005,90,62,15,0.3610784310840105,0.033836370608044605,6.66795765261282,0.08882427503110528,16.364992030238902,0.11867234507232573,21.337557569883188,200,0.004296545404940844,False
traffic_source_campaign_name_2095,target_business_001,84,58,14,0.2964665828408387,0.041402404481475225,10.969878033944358,0.08889693536755276,26.514283461437543,0.0832152249611859,25.02716950385806,200,0.006040758453309536,False
traffic_source_campaign_name_2099,target_business_002,30,21,5,0.3515615605584876,0.23202935454323956,57.235017932082634,0.04417033199201532,10.843544788047012,0.05942562159326806,15.356326803859,200,0.041963983327150345,False
traffic_source_campaign_name_2100,target_business_002,548,383,83,0.11731313971146563,0.05112960891331124,58.690968102051464,0.0708859665010627,60.60112508609511,0.06317275757698936,56.97573169769894,200,0.010764329694211483,False
traffic_source_campaign_name_2105,target_business_002,514,359,78,0.16936019241804495,0.07665672687048722,30.974906212374886,0.102426530279658,45.053948182930824,0.09994858130467688,43.1355940640837,200,0.011116201058030128,False
traffic_source_campaign_name_211,target_business_002,214,149,33,0.1953515346271461,0.10316861597249115,64.35679058173372,0.16457507747357378,104.25352174685376,0.16330494105891874,134.76669173385125,200,0.015160863287746906,False
traffic_source_campaign_name_212,target_business_002,208,145,32,0.354999688157221,0.10025813805793944,19.00947377507126,0.1118705695300176,21.212473728014537,0.10124124467191155,19.13447929920652,200,0.015464149415493011,False
traffic_source_campaign_name_2123,target_business_002,68,47,11,0.18616709198629633,0.08044333941246573,22.753398391183552,0.028931487242873873,10.592151431165528,0.049914924143270124,17.74537860802015,200,0.00033271798747591674,False
traffic_source_campaign_name_2135,target_business_002,37,25,7,0.4002433072438788,0.6622896093377115,121.40947464302916,0.24758942464286848,53.947615988750385,0.21622881497078209,49.142743678928774,200,0.023315437138080597,False
traffic_source_campaign_name_2137,target_business_002,31,21,6,0.4334526113040175,0.5756012543989655,169.7066926930703,0.012599287866338016,3.6750998668442154,0.012599287866338016,3.6750998668442154,200,0.09733404964208603,False
traffic_source_campaign_name_2151,target_business_002,39,27,7,0.34600086713116346,3.1050886237728714,508.25755324176987,0.08540477044702581,12.336992166269566,0.12462434686870322,18.105440623082263,200,0.08091491460800171,False
traffic_source_campaign_name_2155,target_business_002,116,81,18,0.252873544693615,0.1634688611215633,60.442597594045786,0.12299728301744887,38.168958613125035,0.16388909146503067,50.70907567561297,200,0.00995536521077156,False
traffic_source_campaign_name_2157,target_business_002,54,37,9,0.2947932596286051,0.20105485407496873,53.08061651466184,0.3298864878248694,147.43916566099549,0.3298864878248694,147.43916566099549,200,0.017462491989135742,False
traffic_source_campaign_name_2159,target_business_002,166,116,26,0.1608638877679153,0.11179565666474209,106.53852586365534,0.02798350404690072,31.152057533588106,0.027703070847779798,30.077762127845265,200,0.00930572859942913,False
traffic_source_campaign_name_2163,target_business_002,33,23,6,0.4518030518121867,0.2692624783939103,38.667236296978736,0.6617770505797823,66.17770505797823,0.6617770505797823,66.17770505797823,200,0.057296909391880035,False
traffic_source_campaign_name_2170,target_business_002,72,50,12,0.2884074922586948,0.2610704920347115,94.11353838842062,0.10026244833155401,33.76899915463653,0.10026244833155401,33.76899915463653,200,0.04099149629473686,False
traffic_source_campaign_name_2171,target_business_002,31,21,6,0.2647579472798324,0.29727342643650545,72.18503296669006,0.6179211123449042,61.79211123449042,0.6179211123449042,61.79211123449042,200,0.059969574213027954,False
traffic_source_campaign_name_2172,target_business_002,60,42,9,0.30405420375186665,0.05870195112086285,21.832499062192838,,,,,200,0.00618158932775259,False
traffic_source_campaign_name_2177,target_business_002,86,60,14,0.34204873065840397,0.6729105445879565,188.3276945156491,0.12975943543356205,28.20306438800856,0.14129153670201705,29.831686780726084,200,0.016495011746883392,False
traffic_source_campaign_name_2181,target_business_002,41,28,7,0.37540447026909,0.03164836115556605,8.323176349223436,0.0303352941176471,9.35432780945452,0.0303352941176471,9.35432780945452,200,0.012306077405810356,False
traffic_source_campaign_name_2183,target_business_002,604,422,92,0.29725562672225186,0.059045894971023756,30.53961890687802,0.0716167798199401,32.58974505610555,0.06799404486230072,31.489801223096116,200,0.0036606434732675552,False
traffic_source_campaign_name_2217,target_business_005,57,39,10,0.3313773561457874,0.2805948226270349,44.87190348703313,0.13942427986113293,25.88921756152106,0.13942427986113293,25.88921756152106,200,0.014474146999418736,False
traffic_source_campaign_name_2218,target_business_005,117,81,19,0.09404626939659745,0.03196375599739593,34.35621758843858,0.02805080134028713,27.081073017657804,0.03186462134973154,31.37623504545323,200,0.013780057430267334,False
traffic_source_campaign_name_2219,target_business_005,255,178,39,0.2672548073970438,0.19851720773404782,44.44405042001417,0.1035794560457722,21.954185229683624,0.09596689776347465,19.72831600664236,200,0.006760049145668745,False
traffic_source_campaign_name_2224,target_business_005,63,44,10,0.30949293224738555,0.19204053969073376,156.06439788442987,0.0689483436353569,44.61468286359055,0.0689483436353569,44.61468286359055,200,0.03577275201678276,False
traffic_source_campaign_name_2231,target_business_005,61,42,10,0.5102392521894135,0.1533615560239936,26.02088110580651,0.014459468202109083,2.4968579807289495,0.014459468202109083,2.4968579807289495,200,0.00518657173961401,False
traffic_source_campaign_name_227,target_business_002,33,23,6,0.40073069554493135,0.9002506351483988,108.81525091861755,0.3660891800347711,36.60891800347711,0.3660891800347711,36.60891800347711,200,0.024313990026712418,False
traffic_source_campaign_name_2271,target_business_005,103,72,16,0.16647171177405756,0.16317401876972598,65.95983146820701,0.10380406686623042,35.71888165964152,0.10481774694820112,43.310189220096646,200,0.016199525445699692,False
traffic_source_campaign_name_2277,target_business_005,37,25,7,0.5608542263576393,0.1861580051252177,23.795481253758926,0.22227147701720062,34.73203725832644,0.22227147701720062,34.73203725832644,200,0.008175753057003021,False
traffic_source_campaign_name_2278,target_business_005,41,28,7,0.3552429021336559,1.285491243089426,304.14185327565104,0.44319613985812534,174.17067284984748,0.44319613985812534,174.17067284984748,200,0.05329909920692444,False
traffic_source_campaign_name_2284,target_business_005,76,53,12,0.3699851054241736,0.1992514312618882,34.76067475202019,0.22752143044301346,60.93514500180394,0.22752143044301346,60.93514500180394,200,0.014789405278861523,False
traffic_source_campaign_name_2288,target_business_005,72,50,12,0.22272424230292506,0.10180104021813484,44.18667058750111,0.09450384049460714,37.186290853639875,0.09450384049460714,37.186290853639875,200,0.0063169896602630615,False
traffic_source_campaign_name_2289,target_business_001,35,24,6,0.38371892307921385,0.23362515373914028,78.24805612020103,0.5208492180484252,71.9283056835997,0.5208492180484252,71.9283056835997,200,0.009583779610693455,False
traffic_source_campaign_name_2290,target_business_001,58,40,10,0.1398777947861242,0.26375505558467627,546.6071584681957,0.05500470675069757,77.10827086841974,0.07736888129397097,132.38715762234713,200,0.026892613619565964,False
traffic_source_campaign_name_2292,target_business_002,55,38,9,0.26578619984524565,0.119401604451918,62.812467321491326,,,,,200,0.01531138364225626,False
traffic_source_campaign_name_2302,target_business_001,32,22,6,0.45970173846000795,0.7564378324878803,130.3429692033294,0.0077950905292479165,1.3401469625257967,0.009459348885793894,1.6240602480080504,200,0.016208259388804436,False
traffic_source_campaign_name_2304,target_business_001,56,39,9,0.3015446021026929,0.12864983081817627,12.864983081817627,,,,,200,0.011432151310145855,False
traffic_source_campaign_name_2305,target_business_001,70,49,11,0.4028736454661959,0.06208410316123725,23.29796554962317,0.10913319898355794,28.430375017921865,0.10913319898355794,28.430375017921865,200,0.01947198063135147,False
traffic_source_campaign_name_2330,target_business_001,35,24,6,0.4114978202416348,0.21095792858015308,76.19716489667731,0.4224838647061678,65.93800886128679,0.4224838647061678,65.93800886128679,200,0.01197623461484909,False
traffic_source_campaign_name_2333,target_business_001,108,75,17,0.207715036943361,0.13118411159494547,142.9680855728511,0.04832543071576456,42.21249387730512,0.047292498324658906,39.09346381780685,200,0.027748961001634598,False
traffic_source_campaign_name_2334,target_business_001,35,24,6,0.3850333333333333,0.0168617955988104,5.229362348019562,0.026710317460317448,8.345597148008778,0.04360714285714285,14.037759164803571,200,0.01064875815063715,False
traffic_source_campaign_name_2335,target_business_001,543,380,82,0.13676291628823448,0.020814535803822577,20.860878818325375,0.036495080156773364,29.67311437383608,0.03454669036982667,27.840634961732754,200,0.006101918872445822,False
traffic_source_campaign_name_2343,target_business_004,542,379,82,0.022808788856258054,0.0365747097841574,92.46166009278319,0.03963038232398299,69.69110954489923,0.04923223688855048,118.11518212897174,200,0.005878434982150793,False
traffic_source_campaign_name_2344,target_business_004,97,67,16,0.39549184752140093,0.057225450453622914,12.092862455995615,0.15303255723461623,35.77095372001246,0.15426823505007667,37.47678962004993,200,0.013334824703633785,False
traffic_source_campaign_name_2345,target_business_004,522,365,79,0.22123940656174354,0.02530702445635845,9.9331114493275,0.02549791738971397,10.815113228402815,0.026921011903036588,10.978319645903895,200,0.004420306533575058,False
traffic_source_campaign_name_2347,target_business_005,38,26,7,0.31432893519001787,0.236052696107516,98.65757211111895,0.031673624097265554,11.804948436449354,0.037383129107784914,14.39026549729611,200,0.016282442957162857,False
traffic_source_campaign_name_2348,target_business_005,38,26,7,0.31158342650759746,0.35659477066346723,114.4261630147199,0.018997203733393798,6.186636481004587,0.02413456898087421,7.770324133812909,200,0.044428158551454544,False
traffic_source_campaign_name_2352,target_business_003,95,66,15,0.20689188561485103,0.12456480582027567,41.89042761018635,0.10551994817514197,38.384501883959175,0.12436443254747748,49.497466605306876,200,0.019363073632121086,False
traffic_source_campaign_name_2368,target_business_003,93,65,15,0.3835630695951245,0.10934095169316348,26.193282259442412,0.08998239334809593,22.00225105550901,0.09224224364136546,22.92696368215657,200,0.010984915308654308,False
traffic_source_campaign_name_2391,target_business_003,34,23,6,0.35899265992839496,0.5019565914431865,203.8066091524676,0.03658115758936929,14.911376898607209,0.048380474452554764,18.613710091211622,200,0.03070235811173916,False
traffic_source_campaign_name_2396,target_business_003,31,21,6,0.4129590136378349,0.24072861928767192,38.26563895263173,0.18546123318168617,25.307092854312508,0.18546123318168617,25.307092854312508,200,0.035376373678445816,False
traffic_source_campaign_name_2409,target_business_003,84,58,14,0.2995760988064282,0.04247123310459331,7.1416299723099845,0.04135106751842077,7.899245359755891,0.060254358735388265,10.457763857591132,200,0.010690459981560707,False
traffic_source_campaign_name_2437,target_business_003,31,21,6,0.2781107723657267,0.08787950604457273,63.60991246956185,0.11487889359241181,57.93766038680606,0.11487889359241181,57.93766038680606,200,0.005900928284972906,False
traffic_source_campaign_name_244,target_business_002,70,49,11,0.07151595342717039,0.3887602940706186,1625.6521067957622,0.005229416549029149,24.917627079281395,0.005229416549029149,24.917627079281395,200,0.015182726085186005,False
traffic_source_campaign_name_2446,target_business_005,38,26,7,0.32833531381446124,0.4990189905577987,134.93665557715028,0.19653742627558093,46.1994442829668,0.19653742627558093,46.1994442829668,200,0.06446173042058945,False
traffic_source_campaign_name_245,target_business_002,75,52,12,0.44733126364329745,0.04542753550873159,11.710116501597017,0.048053716084027844,13.34552999393852,0.048053716084027844,13.34552999393852,200,0.025420360267162323,False
traffic_source_campaign_name_2453,target_business_005,31,21,6,0.40826617272816257,0.8591135429984623,248.2639829751308,0.07457771185522324,19.69792423097213,0.07457771185522324,19.69792423097213,200,0.028710609301924706,False
traffic_source_campaign_name_2457,target_business_004,250,175,38,0.25467244100046327,0.08213063800655289,64.74347346507285,0.09157356988161398,55.63399159247394,0.10207790996581528,66.79244012026363,200,0.010600313544273376,False
traffic_source_campaign_name_2474,target_business_002,37,25,7,0.32508969292087647,0.20122772878399006,32.106264693749786,0.4149274190160078,80.95138946662973,0.4149274190160078,80.95138946662973,200,0.020541341975331306,False
traffic_source_campaign_name_2479,target_business_002,55,38,9,0.3300341371572577,0.1603698393098629,83.85401948161429,0.005553298117296601,2.874369040942289,0.005553298117296601,2.874369040942289,200,0.02105303853750229,False
traffic_source_campaign_name_2480,target_business_002,83,58,13,0.3275410431231157,0.33507237574053633,79.30693915487174,0.09311606693959634,16.997986105823966,0.10954368792051232,22.291530457343953,200,0.027029789984226227,False
traffic_source_campaign_name_2481,target_business_002,144,100,23,0.18030118149005853,0.08490793192130738,50.16501088079819,0.11506769705262168,58.60484047044058,0.10381030184619558,51.6603240215928,200,0.02043507993221283,False
traffic_source_campaign_name_249,target_business_002,37,25,7,0.48943118652399037,0.5074260686373585,100.05996040766279,0.051797764116320116,9.388029780089601,0.051797764116320116,9.388029780089601,200,0.02147584781050682,False
traffic_source_campaign_name_2506,target_business_002,31,21,6,0.31556590512025473,0.8556744137085892,316.5997023262032,0.04511526124883847,14.976614588516291,0.04511526124883847,14.976614588516291,200,0.18997788429260254,False
traffic_source_campaign_name_2511,target_business_002,35,24,6,0.3307153331532103,0.5719599280834369,239.8130677552961,0.15616797900262472,45.137931034482776,0.15616797900262472,45.137931034482776,200,0.01138473954051733,False
traffic_source_campaign_name_2517,target_business_003,31,21,6,0.3321544924612883,1.1443895338888557,466.1221375927651,0.09001874639492402,41.36388735505245,0.09001874639492402,41.36388735505245,200,0.08441144973039627,False
traffic_source_campaign_name_2523,target_business_002,85,59,14,0.25972357574439375,0.22340537065480962,162.98482816036721,0.07533057399666694,61.42280668716841,0.06993924678305055,59.1804924233393,200,0.011945435777306557,False
traffic_source_campaign_name_2525,target_business_002,94,65,15,0.3595235481503481,0.2064281924890852,187.4476227368264,0.07185407018927831,62.344861482359704,0.0750953901325105,63.645524217349106,200,0.009051097556948662,False
traffic_source_campaign_name_2527,target_business_002,42,29,7,0.3758246019287525,0.35293087368175485,95.30925232941128,0.12478033477667919,32.228520203206365,0.12478033477667919,32.228520203206365,200,0.08933781087398529,False
traffic_source_campaign_name_2537,target_business_002,30,21,5,0.35402517351725854,0.15584160690467325,42.26896199846848,,,,,200,0.05605320632457733,False
traffic_source_campaign_name_2538,target_business_002,30,21,5,0.34428965949774254,0.4094477716310239,120.88895113547527,,,,,200,0.172885924577713,False
traffic_source_campaign_name_2539,target_business_002,30,21,5,0.4512449091106126,0.4551607010870019,62.36972396775571,,,,,200,0.04445790871977806,False
traffic_source_campaign_name_2542,target_business_002,42,29,7,0.17953978154342448,0.04951631410011283,18.589047680104894,0.12547791208993392,40.905708007120424,0.12674982980993907,41.64456631136592,200,0.00566275417804718,False
traffic_source_campaign_name_2547,target_business_002,94,65,15,0.29393463847474366,0.4736745131842285,140.2663984943393,0.09356098552492124,21.657420425974948,0.08891313500878377,20.32381436786731,200,0.024687696248292923,False
traffic_source_campaign_name_256,target_business_004,99,69,16,0.3381113402246301,1.1287672670401325,7623.6497337507335,0.11626839905473499,555.9696841971245,0.09547393891957562,438.80034003004226,200,0.009338783100247383,False
traffic_source_campaign_name_2576,target_business_002,34,23,6,0.27411507338407143,0.4210578253391023,186.58570184082572,0.1944495041126737,52.72353945408659,0.1944495041126737,52.72353945408659,200,0.042949505150318146,False
traffic_source_campaign_name_2581,target_business_002,216,151,33,0.2136895040042765,0.12645166310728126,51.726165854828366,0.13620523925718303,54.289392426403595,0.15321819819445556,62.049141625036675,200,0.017818661406636238,False
traffic_source_campaign_name_259,target_business_004,280,196,42,0.1696024174895975,0.02900655524837022,17.443663233936366,0.051302124529382494,31.07885513807018,0.0451773368756593,26.499933298932866,200,0.0077276937663555145,False
traffic_source_campaign_name_2612,target_business_002,39,27,7,0.4351816566075557,0.17412029768336482,60.21859061745521,0.07937538973186448,22.713731026899563,0.07937538973186448,22.713731026899563,200,0.02434382401406765,False
traffic_source_campaign_name_2614,target_business_002,38,26,7,0.3524611694047645,0.12438266683027581,21.170999709222095,0.27499999999999997,43.71791856561988,0.27499999999999997,43.71791856561988,200,0.0474676638841629,False
traffic_source_campaign_name_2636,target_business_002,31,21,6,0.4645301593982714,0.24922610241856774,34.29970051643083,0.49066622220105727,49.06662222010573,0.49066622220105727,49.06662222010573,200,0.10189598798751831,False
traffic_source_campaign_name_2644,target_business_002,34,23,6,0.5866815914284593,0.4410582212553716,56.86116687234847,0.3060699364609627,36.06010692918815,0.3060699364609627,36.06010692918815,200,0.0724337100982666,False
traffic_source_campaign_name_2658,target_business_002,73,51,12,0.03721242054882337,0.26607665011342396,905.4094875073345,0.002737022140246244,8.273814231598454,0.002737022140246244,8.273814231598454,200,0.01313565019518137,False
traffic_source_campaign_name_2666,target_business_002,33,23,6,0.1173293249281292,0.1051425105219157,191.69687339607887,0.007292383119059005,11.805852962169968,0.007292383119059005,11.805852962169968,200,0.009246429428458214,False
traffic_source_campaign_name_2673,target_business_002,84,58,14,0.34570241636663546,0.12357036008588819,60.05513750626148,0.2476156943799265,104.49851877148602,0.2298423017219331,93.25584248396581,200,0.015100651420652866,False
traffic_source_campaign_name_270,target_business_004,98,68,16,0.24532000598961687,0.035926772380409935,12.925581168154915,0.0720456763703886,30.311159562711172,0.09096038713434439,38.284618508469215,200,0.0064361863769590855,False
traffic_source_campaign_name_2742,target_business_001,268,187,41,0.15168009929981574,0.03805518902008003,29.373286303553144,0.044266773393825225,34.00806292516885,0.055836941407899306,44.0060783044045,200,0.013207308016717434,False
traffic_source_campaign_name_2744,target_business_001,115,80,18,0.2943935411164589,0.09213180655102952,42.78183030671677,0.1162156230134484,53.350472443188565,0.09910866046135168,45.986836864101605,200,0.008628872223198414,False
traffic_source_campaign_name_2746,target_business_001,54,37,9,0.2656931058612211,0.6481468968903088,92.88450471598028,0.24556720686367972,43.026557541339564,0.24556720686367972,43.026557541339564,200,0.049031808972358704,False
traffic_source_campaign_name_2748,target_business_001,308,215,47,0.21227159412963537,0.06692495085652209,20.2592583863031,0.09166754813893639,28.18024811418717,0.0840363685016561,25.41202142571341,200,0.007128096651285887,False
traffic_source_campaign_name_2749,target_business_001,103,72,16,0.16665539776020136,0.03590526758038324,26.713524136011717,0.0440934609267875,34.0318192484796,0.060337774420523786,48.192759355726,200,0.0027336115017533302,False
traffic_source_campaign_name_2750,target_business_001,81,56,13,0.1405087313102033,0.29988005559138886,222.30194100154418,0.07353626533033596,39.255682342778734,0.07773401271453016,41.199093280648654,200,0.012830669991672039,False
traffic_source_campaign_name_2754,target_business_002,299,209,46,0.18191755683255872,0.04684671209946629,38.91525811311745,0.07467711960348382,55.923101605552986,0.06850712576688933,53.22858964164937,200,0.011302327737212181,False
traffic_source_campaign_name_2756,target_business_002,85,59,14,0.2558134858909326,0.13254331720460788,45.78158697412664,0.14929879010558744,46.233536456865686,0.15292792106172387,45.20619060934057,200,0.024363262578845024,False
traffic_source_campaign_name_2757,target_business_002,85,59,14,0.28765865313126676,0.2596462701223274,173.92462080569146,0.12087130470977911,67.78895595937642,0.10843330670118091,62.56634272005773,200,0.039384789764881134,False
traffic_source_campaign_name_2759,target_business_002,42,29,7,0.3222852256812157,0.24867574003945128,80.33496089702345,0.27734792822512117,84.34561288732006,0.27734792822512117,84.34561288732006,200,0.049477383494377136,False
traffic_source_campaign_name_276,target_business_004,282,197,43,0.21844456706276041,0.023697507570552865,8.054080166405898,0.029781730930089605,9.787498740038728,0.03642245697935547,12.193903412889712,200,0.006071310956031084,False
traffic_source_campaign_name_2767,target_business_004,104,72,17,0.11928438859839187,0.30894542202153186,490.2978585526217,0.013819630208504394,23.35016256166434,0.011466621138773133,19.440869181008512,200,0.008848687633872032,False
traffic_source_campaign_name_2768,target_business_004,328,229,50,0.32567370536787665,0.19267410975554936,60.78236808092622,0.06894677029914725,20.502783198607574,0.06482397607285104,18.677706627031707,200,0.0084004458039999,False
traffic_source_campaign_name_2769,target_business_004,130,91,20,0.2653710758278616,0.17628751653065086,80.28693317713778,0.04470974595426653,34.432859594269246,0.06547184136246124,46.54719859595162,200,0.012908373959362507,False
traffic_source_campaign_name_277,target_business_004,70,49,11,0.23101784254964283,0.23786375753483172,120.31437871262503,0.017639511573669456,9.232012430193832,0.017639511573669456,9.232012430193832,200,0.007640286348760128,False
traffic_source_campaign_name_2781,target_business_004,139,97,22,0.38708202424672167,0.08008017170520988,21.767918187278294,0.18005275913892083,56.53456450934592,0.17283765464874576,55.4852873497379,200,0.007121599745005369,False
traffic_source_campaign_name_2783,target_business_004,315,220,48,0.3191789819908662,0.0648169595589924,22.830667432577016,0.07122091556328808,27.728005066889565,0.0704081607052674,28.725035469507176,200,0.004599321633577347,False
traffic_source_campaign_name_2784,target_business_004,161,112,25,0.3230733931867008,0.053005191869628675,15.605024185386021,0.16293554997425583,76.44064445667806,0.15603245400667623,72.43487958938746,200,0.006674162577837706,False
traffic_source_campaign_name_2787,target_business_004,94,65,15,0.35998451004044274,0.11988060997726183,27.153045020933213,0.13941104097259502,18.529627566696625,0.15391348792900114,20.714892242057328,200,0.004925993271172047,False
traffic_source_campaign_name_279,target_business_004,76,53,12,0.11185894901123301,0.07419062894755266,79.39464054865252,0.03245745386496593,26.175768758017053,0.03245745386496593,26.175768758017053,200,0.012751122005283833,False
traffic_source_campaign_name_2790,target_business_002,39,27,7,0.15091848864623914,0.4876698783964973,87.25403853074145,0.22024319343870855,31.28386745746832,0.22024319343870855,31.28386745746832,200,0.017530135810375214,False
traffic_source_campaign_name_282,target_business_004,58,40,10,0.24895895837532306,0.24999465037905247,51.423097771893424,0.11349523398102496,20.40231955530292,0.11349523398102496,20.40231955530292,200,0.029929781332612038,False
traffic_source_campaign_name_284,target_business_004,59,41,10,0.26058073053635916,0.1082406747232707,16.36178268894749,0.07746793983197842,10.925743162468827,0.07746793983197842,10.925743162468827,200,0.01841106079518795,False
traffic_source_campaign_name_286,target_business_004,94,65,15,0.19195714752868098,0.14159597244822214,35.74074347676307,0.21669900971461262,60.65797327345827,0.20190513605889449,60.19050789582575,200,0.010862946510314941,False
traffic_source_campaign_name_287,target_business_004,83,58,13,0.22818342328642363,0.20463422643991852,52.23540888012278,0.24050888456884018,45.211237303279894,0.23322415438209296,44.482764284605175,200,0.02453991398215294,False
traffic_source_campaign_name_289,target_business_004,55,38,9,0.08707703329042141,0.14823588352422756,498.75751148617377,,,,,200,0.011859172955155373,False
traffic_source_campaign_name_290,target_business_004,56,39,9,0.41936888002082073,0.021080613136291504,2.1080613136291504,,,,,200,0.00872902013361454,False
traffic_source_campaign_name_291,target_business_004,337,235,52,0.17721178757735834,0.0339189919674489,13.647245165192064,0.0703361746498567,29.7746517800677,0.061533661051677506,25.401040165763256,200,0.003720252076163888,False
traffic_source_campaign_name_294,target_business_004,118,82,19,0.25336389263326453,0.08262556017276768,14.026648735374787,0.12655146215252752,19.28304856988938,0.12563247870626737,18.054636561659542,200,0.012983100488781929,False
traffic_source_campaign_name_295,target_business_004,69,48,11,0.4127055690672273,0.13105007564483764,19.39578872291225,0.1477166827158392,21.39577537139543,0.1477166827158392,21.39577537139543,200,0.019631408154964447,False
traffic_source_campaign_name_315,target_business_004,238,166,37,0.41104561431016023,0.11010306168716057,18.950777666956416,0.13092486500806616,22.008539799358026,0.12902423022558654,22.73265241414801,200,0.005372390616685152,False
traffic_source_campaign_name_328,target_business_002,40,28,6,0.29299159141401965,0.34588547512023776,104.90024542795705,0.3169826547819803,122.31970208222822,0.3169826547819803,122.31970208222822,200,0.01492813229560852,False
traffic_source_campaign_name_336,target_business_002,119,83,19,0.18578990314362398,0.07503213102438032,22.459408036782445,0.07804627675942381,26.98142864910248,0.07356482530532134,26.095408259763392,200,0.014052287675440311,False
traffic_source_campaign_name_340,target_business_002,107,74,17,0.22388213754826383,0.08853243914937273,30.256739431033314,0.09186028260464396,31.46262996538181,0.08320776401943816,28.20729711496952,200,0.014756548218429089,False
traffic_source_campaign_name_341,target_business_002,31,21,6,0.2955336261243034,0.07991029733761869,68.17816237445349,0.031337439232176106,33.46443959896093,0.031337439232176106,33.46443959896093,200,0.03727288916707039,False
traffic_source_campaign_name_343,target_business_002,30,21,5,0.32490523684098604,0.2818040906561916,39.55193208497577,,,,,200,0.017824960872530937,False
traffic_source_campaign_name_344,target_business_002,80,56,12,0.13658740294440577,0.2172550295174705,114.66407081987286,0.3379273843287498,64.72874911973267,0.3379273843287498,64.72874911973267,200,0.015523277223110199,False
traffic_source_campaign_name_356,target_business_002,110,77,17,0.19057221308296055,0.0949155789894053,43.52846159706665,0.07106338681103992,31.139859906537794,0.07088501630552926,31.654204868637294,200,0.016175108030438423,False
traffic_source_campaign_name_358,target_business_002,69,48,11,0.37243309242617306,0.1270344072444046,21.04134170433837,0.18065374084095243,26.271925763877046,0.18065374084095243,26.271925763877046,200,0.021076912060379982,False
traffic_source_campaign_name_359,target_business_002,156,109,24,0.2982333138568745,0.16582425962001573,60.42682598901949,0.20729217740138178,83.41423850892674,0.23984641875470938,89.45307740913512,200,0.011861723847687244,False
traffic_source_campaign_name_363,target_business_002,241,168,37,0.14740427036192214,0.11436754229041038,108.0397545633351,0.08256924664089796,35.83558744798534,0.07541013889932234,31.01534224413679,200,0.01068736519664526,False
traffic_source_campaign_name_366,target_business_002,78,54,13,0.2410046142706196,0.1639300764309447,42.02187157736953,0.1330229083838248,38.06339173038985,0.17240353414695472,52.23826402906102,200,0.027244752272963524,False
traffic_source_campaign_name_367,target_business_002,36,25,6,0.2183299309402741,0.5406797386953964,166.84479666090465,0.15070936237767021,42.817178824772014,0.15070936237767021,42.817178824772014,200,0.0477815642952919,False
traffic_source_campaign_name_369,target_business_002,108,75,17,0.20895755265952176,0.08243891751975534,30.538423622898396,0.08185260321014756,37.87809382793713,0.09184982762749734,44.37306824271754,200,0.015966296195983887,False
traffic_source_campaign_name_370,target_business_002,141,98,22,0.28491469921685314,0.18347790155903723,76.55745530353298,0.06782582174420299,22.741965057808326,0.06704160116259143,23.10676088037659,200,0.01450354140251875,False
traffic_source_campaign_name_372,target_business_002,36,25,6,0.2952523040212312,0.7543900631242835,128.49326748177032,0.03230225600634978,5.485807478188774,0.03230225600634978,5.485807478188774,200,0.03902454301714897,False
traffic_source_campaign_name_373,target_business_002,108,75,17,0.19574387617539385,0.05759037008711197,21.990833024768502,0.07975413797103965,37.17443407889979,0.07084709127791342,33.22507869665161,200,0.007673535495996475,False
traffic_source_campaign_name_374,target_business_002,30,21,5,0.31677803953287026,0.1780241418190925,128.92597661484803,,,,,200,0.024784673005342484,False
traffic_source_campaign_name_396,target_business_001,317,221,49,0.18555052326472438,0.11580146706739443,96.13054523299535,0.08993453273902148,51.0043903878405,0.10260704359225697,64.55980668954997,200,0.012213090434670448,False
traffic_source_campaign_name_397,target_business_001,83,58,13,0.35512585179523615,0.12965128900050238,44.09087303378346,0.21530398322851152,64.55013156201078,0.20298420244639231,59.158659382619526,200,0.014705460518598557,False
traffic_source_campaign_name_398,target_business_001,60,42,9,0.4503678027400871,0.4167448314614033,108.31864680500432,0.12436049529176246,40.97599706834424,0.12436049529176246,40.97599706834424,200,0.04154467210173607,False
traffic_source_campaign_name_402,target_business_001,86,60,14,0.3829749682511963,0.15655678972084322,23.489547407983647,0.2233671064328721,34.46459190588268,0.22380321776398918,32.914337670301066,200,0.022326864302158356,False
traffic_source_campaign_name_405,target_business_001,119,83,19,0.20472612360008752,1.059710552814891,862.7547775984121,0.02765187777626502,19.149746543555615,0.03047739248853161,20.124875758083558,200,0.009272503666579723,False
traffic_source_campaign_name_406,target_business_001,57,39,10,0.5121586362888771,0.34866283345517307,55.22741295805438,0.16306151475643005,33.93832590835743,0.16306151475643005,33.93832590835743,200,0.033540185540914536,False
traffic_source_campaign_name_407,target_business_001,57,39,10,0.3154197999164856,0.1353648675043507,54.92690578524878,0.0673139783392967,30.236591501994663,0.060760717381158735,27.014349048937753,200,0.009473316371440887,False
traffic_source_campaign_name_408,target_business_001,304,212,47,0.2424471768707603,0.07098865779624414,28.728451269558626,0.11636813079141124,48.96824321390975,0.09896396283950232,40.04941455838937,200,0.01850457303225994,False
traffic_source_campaign_name_409,target_business_001,80,56,12,0.34345065626547794,0.28774684058446337,130.08639390757898,0.11499960897786812,44.79845589440878,0.11927912897647781,46.04582818121576,200,0.04262159764766693,False
traffic_source_campaign_name_411,target_business_001,150,105,23,0.29210537555677585,0.13311313692672724,72.54117976473373,0.07712996522057478,42.13126589785121,0.07423442770848042,42.06264045071336,200,0.015580831095576286,False
traffic_source_campaign_name_417,target_business_001,86,60,14,0.3300805110883277,0.13469002007424044,35.75841569420977,0.18779420234398375,30.33722228099334,0.16867513963088876,25.77865729681496,200,0.01685497909784317,False
traffic_source_campaign_name_419,target_business_001,34,23,6,0.4244825350553743,0.6971566579447783,185.80347561657115,0.13357400722021662,61.984521629582076,0.13357400722021662,61.984521629582076,200,0.0632622167468071,False
traffic_source_campaign_name_428,target_business_001,60,42,9,0.19488016056884802,0.13482610790507787,98.87973246726993,,,,,200,0.05386488512158394,False
traffic_source_campaign_name_442,target_business_003,30,21,5,0.5188965746498992,1.2304544310466363,133.65420337234224,,,,,200,0.022970544174313545,False
traffic_source_campaign_name_444,target_business_003,80,56,12,0.27559136801598355,0.08331340684978246,39.469094202677674,0.04640214753483362,23.458128102064038,0.04640214753483362,23.458128102064038,200,0.010816221125423908,False
traffic_source_campaign_name_450,target_business_003,83,58,13,0.16078553907672347,0.4485890190606357,572.1193342025164,0.03215982437774358,28.815182641899074,0.039104342612297394,33.842888152147204,200,0.04166349023580551,False
traffic_source_campaign_name_460,target_business_003,32,22,6,0.46687850869375014,0.24136118865276981,49.09649339320899,0.0007124125605703635,0.14481716832497796,0.0007124125605703635,0.14481716832497796,200,0.015283101238310337,False
traffic_source_campaign_name_487,target_business_003,65,45,11,0.19133693252902922,0.19165181621021696,72.24926854303783,0.10104500000000002,50.43675751222922,0.10104500000000002,50.43675751222922,200,0.029176712036132812,False
traffic_source_campaign_name_489,target_business_003,61,42,10,0.25553507536266357,0.3317423343848309,87.3467983533094,0.7464662552259607,298.8840175368674,0.7464662552259607,298.8840175368674,200,0.02122071385383606,False
traffic_source_campaign_name_498,target_business_001,258,180,40,0.2306402400361789,0.10070930094589964,37.871094034727975,0.13616844203263417,50.47715060765832,0.13276050406117146,53.50368633891562,200,0.011410821229219437,False
traffic_source_campaign_name_499,target_business_001,34,23,6,0.3570102813941886,0.7703456109190943,218.9468353925224,0.04963952642370523,13.090877376591651,0.04963952642370523,13.090877376591651,200,0.03793454170227051,False
traffic_source_campaign_name_500,target_business_001,393,275,60,0.18350153240426303,0.06079158317092741,31.840791257136708,0.07176613025774176,35.175656063168,0.07189855285443846,37.50100042879361,200,0.0046734195202589035,False
traffic_source_campaign_name_502,target_business_001,104,72,17,0.27605327843403393,0.21605270890303557,121.5566650735075,0.02576280260721685,12.006650725091326,0.03563402100407786,17.476451198232095,200,0.01336696557700634,False
traffic_source_campaign_name_503,target_business_001,83,58,13,0.14975125805826092,0.18006904275300648,104.30747120056797,0.03354622944975168,20.097982491052903,0.03307701228355901,19.773750946583267,200,0.01772976852953434,False
traffic_source_campaign_name_505,target_business_001,77,53,13,0.2226631520993391,0.1860243022582748,42.84358650387618,0.06880123076170204,18.790681668113226,0.07123576243607625,19.423673842939067,200,0.05900388956069946,False
traffic_source_campaign_name_506,target_business_001,87,60,14,0.152235587282685,0.11364074032143003,34.794907111412876,0.21824617178820918,70.23586485420171,0.19515110923603662,54.61345407103353,200,0.01716846600174904,False
traffic_source_campaign_name_507,target_business_001,95,66,15,0.2650338815077312,0.12199596798121191,38.66770372947342,0.05144504272197992,14.052697144961957,0.06505566887559096,17.594824490536134,200,0.014179209247231483,False
traffic_source_campaign_name_508,target_business_001,88,61,14,0.29747616710177005,0.20047951586499027,57.23576115728404,0.15364518272136188,38.69851470289812,0.1496775990637787,41.59494998699301,200,0.01270611584186554,False
traffic_source_campaign_name_509,target_business_001,94,65,15,0.2852018600214182,0.034539272811262914,11.800969450763485,0.09481378736306306,30.96150727687807,0.08589551115524756,27.48774348818755,200,0.010056094266474247,False
traffic_source_campaign_name_510,target_business_001,91,63,15,0.340360450651465,0.07881222258856689,18.84559702677999,0.11294247667043224,24.501331934837445,0.12246877752040808,25.261264115891173,200,0.01982402428984642,False
traffic_source_campaign_name_511,target_business_001,66,46,11,0.25771645842816676,0.25612069729406167,100.54555124951384,0.17679261625074427,39.132438687719514,0.17679261625074427,39.132438687719514,200,0.020529353991150856,False
traffic_source_campaign_name_512,target_business_001,59,41,10,0.17499743462655717,0.07009113223257296,14.630655987868572,0.0886695611423967,28.118262803689888,0.13048541904436228,36.36608553443176,200,0.01860007829964161,False
traffic_source_campaign_name_513,target_business_001,41,28,7,0.24815431975636384,0.3151650903496484,71.07551649819693,0.3499217947291611,37.61240745520579,0.3499217947291611,37.61240745520579,200,0.009179683402180672,False
traffic_source_campaign_name_515,target_business_001,183,128,28,0.21979459264542517,0.10276671810142433,27.5148352196831,0.09485672688346025,24.26880314961707,0.10020965913460281,25.23710651677833,200,0.006291736848652363,False
traffic_source_campaign_name_520,target_business_001,56,39,9,0.39814489548693077,0.04320090415762745,5.866552439227809,,,,,200,0.013283622451126575,False
traffic_source_campaign_name_521,target_business_001,32,22,6,0.2999977593835581,0.17625024499080166,25.8917585148825,0.32080565413898743,37.59019015461168,0.32080565413898743,37.59019015461168,200,0.012730688787996769,False
traffic_source_campaign_name_522,target_business_001,30,21,5,0.4057563930892508,1.2790466886385303,176.52190757850968,,,,,200,0.090629443526268,False
traffic_source_campaign_name_523,target_business_001,74,51,12,0.19054796990900655,0.1657642464509771,30.694401384836357,0.2578147703754731,29.65201564267736,0.2578147703754731,29.65201564267736,200,0.022183304652571678,False
traffic_source_campaign_name_529,target_business_001,120,84,18,0.2992349726510375,0.14943317665800887,32.73685024264387,0.12916313857510192,30.93342826920258,0.18985479992513904,49.548558689977604,200,0.012539711780846119,False
traffic_source_campaign_name_530,target_business_001,166,116,26,0.31355928993568355,0.06795390483102431,17.495116922938973,0.11231992689688623,26.38957789768581,0.1111368910509985,25.193885505312323,200,0.004486357793211937,False
traffic_source_campaign_name_531,target_business_001,199,139,31,0.18388593379577328,0.03851490117223299,23.57421687516693,0.07485605635198021,40.875576427360585,0.06721040176986616,35.57308762586945,200,0.012270358391106129,False
traffic_source_campaign_name_534,target_business_001,31,21,6,0.3286128182031596,0.32351554054225184,57.22407844479187,0.5047100213053013,55.27766397059531,0.5047100213053013,55.27766397059531,200,0.008831153623759747,False
traffic_source_campaign_name_541,target_business_001,79,55,13,0.1523152991803154,0.2801185488494825,152.77596744502375,0.16614967747509357,167.64191358719756,0.17541015061877968,173.05628220331593,200,0.02376316860318184,False
traffic_source_campaign_name_545,target_business_001,283,198,43,0.1903207238084088,0.04706555289309744,32.41038429767439,0.07408509818895624,38.35795111533661,0.08008663297987681,37.921195378650395,200,0.008918028324842453,False
traffic_source_campaign_name_546,target_business_001,185,129,29,0.1763005872840633,0.06879548104772128,38.84598624193952,0.09975245341954932,57.656811122320285,0.10416003260474248,57.8451061785795,200,0.005080734379589558,False
traffic_source_campaign_name_549,target_business_001,163,114,25,0.20529325173350774,0.10782869625770096,28.46967226704087,0.19372601571086737,55.43482847116654,0.16645925605045367,48.08258718896474,200,0.006708887405693531,False
traffic_source_campaign_name_552,target_business_004,432,302,66,0.21634895300668977,0.07235681140875642,20.57466907381878,0.08097903426614342,22.010848269086676,0.10925669101470424,27.561724741502886,200,0.01138177327811718,False
traffic_source_campaign_name_553,target_business_004,91,63,15,0.4336249942782937,0.22979343051180717,39.152425681954654,0.08559292301889278,13.444492174901388,0.08888232552257845,13.692444420291563,200,0.02931821718811989,False
traffic_source_campaign_name_555,target_business_004,363,254,55,0.2565801586683501,0.041149856174135364,14.469745430195607,0.05659956470730561,19.064223213894135,0.0543137702260675,18.007644846591493,200,0.0051309033297002316,False
traffic_source_campaign_name_557,target_business_002,250,175,38,0.20155147943512938,0.05092088546296687,39.865964848931355,0.07806584547960077,53.15605996458316,0.07944503242303906,56.519319723509334,200,0.013239392079412937,False
traffic_source_campaign_name_558,target_business_002,102,71,16,0.15267470073006095,0.09542424508439284,37.94717156581334,0.10929846297493359,42.354156688008075,0.10991251628856673,40.28456599264415,200,0.011069556698203087,False
traffic_source_campaign_name_561,target_business_002,128,89,20,0.18587248895842645,0.15542699373981453,90.37247947505188,0.09830446625318422,54.46136514652644,0.07537444069037477,39.18209803714266,200,0.007750372402369976,False
traffic_source_campaign_name_562,target_business_002,153,107,24,0.219562224672126,0.09728750534716568,46.39667735448388,0.13846619802279286,56.62706911959449,0.12495605719975753,50.66769697654654,200,0.012459206394851208,False
traffic_source_campaign_name_566,target_business_002,118,82,19,0.37022522219355614,0.396827804207668,370.8076147771547,0.04606219608224139,24.879905385825012,0.05173122098128553,31.668812246747834,200,0.04899360239505768,False
traffic_source_campaign_name_568,target_business_002,319,223,49,0.19675511949138716,0.04888567161369338,22.26727663866946,0.09111384894946695,40.88619476982458,0.09616028354046639,46.24969903636224,200,0.004514396656304598,False
traffic_source_campaign_name_570,target_business_002,311,217,48,0.15673719098156932,0.1651352559119394,95.74597794841195,0.08535076884400807,47.98359081895044,0.08384888640857592,48.99987414039242,200,0.011689215898513794,False
traffic_source_campaign_name_571,target_business_002,322,225,49,0.26668503738422056,0.07990120694098408,42.53869634519509,0.12059307672579211,58.42273274418701,0.10730311021871218,54.634911067767476,200,0.009596616961061954,False
traffic_source_campaign_name_572,target_business_002,249,174,38,0.4195692490915637,0.06388707510184677,16.672847858079464,0.15790802376701954,39.16589582532672,0.17262268756062027,43.16288407542094,200,0.008848547004163265,False
traffic_source_campaign_name_574,target_business_002,360,251,55,0.1147253392893748,0.06944686946251633,43.03099645262961,0.09289045368577502,65.85754444565582,0.09286650988352457,69.98623353811537,200,0.0076342918910086155,False
traffic_source_campaign_name_576,target_business_002,128,89,20,0.2665377378210621,0.19686708392281257,41.67129510078036,0.08961780896974875,19.90244112920429,0.12696206800833476,24.177793755620463,200,0.015714090317487717,False
traffic_source_campaign_name_582,target_business_001,142,99,22,0.21129411848249394,0.10106680371952038,76.06520076662345,0.060772116017471435,36.582594471842626,0.0533989393414878,29.805042840794048,200,0.01351462583988905,False
traffic_source_campaign_name_583,target_business_001,509,356,77,0.24512354982359874,0.08024092633940778,47.73812620763442,0.0682883118939364,30.289190767136105,0.07017603999647544,33.296200420251,200,0.008123320527374744,False
traffic_source_campaign_name_587,target_business_001,73,51,12,0.23007617241430595,0.36425513393669096,763.974356567135,0.08129427467604272,76.13086975992093,0.08129427467604272,76.13086975992093,200,0.020462902262806892,False
traffic_source_campaign_name_598,target_business_001,56,39,9,0.1263765609704357,0.11971782241197547,268.7033235881752,0.018380572168601596,51.05509134683478,0.018380572168601596,51.05509134683478,200,0.01633387617766857,False
traffic_source_campaign_name_601,target_business_001,107,74,17,0.16450072106724548,0.10101265616410302,57.50101105796108,0.09077787248245761,44.19117994509486,0.09634705564535806,41.235595011151325,200,0.01264701783657074,False
traffic_source_campaign_name_603,target_business_001,38,26,7,0.26417899986203564,0.29951060790348755,168.29538325466996,0.1996784174662773,48.31278823979568,0.1996784174662773,48.31278823979568,200,0.040096499025821686,False
traffic_source_campaign_name_604,target_business_001,32,22,6,0.3126602599410539,0.1826365772417994,75.72567727831218,0.13524881671504413,36.57162049885982,0.13524881671504413,36.57162049885982,200,0.004875848535448313,False
traffic_source_campaign_name_605,target_business_001,98,68,16,0.3461867910402179,0.13755370492537394,25.568123437807877,0.1718124984072266,41.00253868247138,0.15094560335201826,36.99889973943652,200,0.008517729118466377,False
traffic_source_campaign_name_606,target_business_001,507,354,77,0.18224203446189446,0.04523645832076072,18.907622077473643,0.06295272194199286,28.439499777915668,0.06296487699265116,28.955911911999078,200,0.006296414416283369,False
traffic_source_campaign_name_617,target_business_005,193,135,30,0.21681099064075318,0.14433121742658536,72.15934604290612,0.07478775763235221,33.86329968698561,0.09305906446807682,40.541058729743995,200,0.013168242760002613,False
traffic_source_campaign_name_621,target_business_001,30,21,5,0.4252918789059565,0.2918195963243867,132.53315052021287,,,,,200,0.03780760616064072,False
traffic_source_campaign_name_625,target_business_001,74,51,12,0.25870012396088765,0.05353292223565191,13.755327083207595,0.05332526507187707,15.626325903387494,0.05332526507187707,15.626325903387494,200,0.005186745431274176,False
traffic_source_campaign_name_640,target_business_001,82,57,13,0.26814843338657496,0.1520206488306937,48.54105444796417,0.30826089216335967,105.88095985652015,0.28446955521771333,95.21564561368582,200,0.04578985273838043,False
traffic_source_campaign_name_641,target_business_001,106,74,17,0.4922606324088495,0.21661207870249527,78.73431696570019,0.08903022339623612,33.02087957439156,0.10892279050531928,36.52468886913653,200,0.019182343035936356,False
traffic_source_campaign_name_647,target_business_001,33,23,6,0.259245506450538,0.15411771594130874,30.171585138388675,0.2583748150141263,44.94500351041424,0.2583748150141263,44.94500351041424,200,0.02659420669078827,False
traffic_source_campaign_name_649,target_business_001,40,28,6,0.21524567391044433,0.9777320571975774,760.2613742978261,0.0729967575547217,41.77488905371936,0.0729967575547217,41.77488905371936,200,0.057431839406490326,False
traffic_source_campaign_name_664,target_business_002,97,67,16,0.19793615908290527,0.11477500903684378,61.013248804799545,0.052402345705830244,27.325771399809405,0.049781877201090764,26.811822115359824,200,0.009261637926101685,False
traffic_source_campaign_name_665,target_business_002,526,368,80,0.14465251468273654,0.03626166484653845,23.92831401470426,0.038462541370151045,23.299353362180636,0.038046101017240326,23.05983108373915,200,0.0033029529731720686,False
traffic_source_campaign_name_669,target_business_002,117,81,19,0.334009097357598,0.08784656158293015,29.088298588957347,0.09104673065695372,33.50406309683531,0.08003422382471526,29.031128647058445,200,0.012087824754416943,False
traffic_source_campaign_name_670,target_business_002,66,46,11,0.10120567250035208,0.05139605719545295,73.04633253802838,0.009338432750296454,12.39490691318403,0.009338432750296454,12.39490691318403,200,0.0013169143348932266,False
traffic_source_campaign_name_705,target_business_002,34,23,6,0.4242703196112146,0.143025689504215,24.601957275600963,0.13490735129846904,28.386832887823775,0.13490735129846904,28.386832887823775,200,0.01013413816690445,False
traffic_source_campaign_name_721,target_business_002,31,21,6,0.2553107622664074,0.38244344935646385,109.84920038221775,0.09219508115341449,28.706951130186475,0.12431219904434192,42.228482343415436,200,0.08335129916667938,False
traffic_source_campaign_name_745,target_business_002,92,64,15,0.15253033621843679,0.12929467018523041,323.6722332206131,0.09332848823559932,259.3411373316188,0.08709867526083631,255.16610569711506,200,0.009761184453964233,False
traffic_source_campaign_name_751,target_business_005,89,62,14,0.32883812380081817,0.07431516797931671,12.053329203865628,0.2577437220689197,41.76589951999515,0.25852569606672027,39.630137045766226,200,0.009172439575195312,False
traffic_source_campaign_name_753,target_business_005,36,25,6,0.44872045823200385,0.7388776916267309,131.0300237458761,0.1389684540177208,28.41663412729404,0.1389684540177208,28.41663412729404,200,0.020651891827583313,False
traffic_source_campaign_name_791,target_business_004,74,51,12,0.11525927778787896,0.42692618784486613,401.8824303186799,0.1988419477973796,139.1309637195078,0.1988419477973796,139.1309637195078,200,0.025212407112121582,False
traffic_source_campaign_name_793,target_business_004,248,173,38,0.26194345223681853,0.05535844702016543,19.085325374084483,0.12197097033672993,43.15724806335454,0.12005090053191356,43.846444153878615,200,0.00538050290197134,False
traffic_source_campaign_name_796,target_business_002,123,86,19,0.18126310497016196,0.17601743186509736,113.49426750596396,0.11955063153603254,48.04300498820527,0.13457623239910615,54.68951545999057,200,0.03695813566446304,False
traffic_source_campaign_name_797,target_business_002,69,48,11,0.21161002951568028,0.10098384157971116,45.20683680192992,0.25981831214161055,114.27942205704464,0.27141792362669326,116.21365510213761,200,0.014205120503902435,False
traffic_source_campaign_name_800,target_business_002,117,81,19,0.21506288538985335,0.25270102285447565,72.46734794601794,0.3145653848359316,89.24849990318197,0.29810367780500246,91.58147943579387,200,0.009100197814404964,False
traffic_source_campaign_name_801,target_business_002,30,21,5,0.31498200666608445,0.5926786195486784,295.5585764642615,0.09932538642913284,37.604601692316216,0.09932538642913284,37.604601692316216,200,0.056070856750011444,False
traffic_source_campaign_name_802,target_business_002,88,61,14,0.2615828069379964,0.10900205743814216,47.048956795857016,0.08463258023519749,34.198495659390396,0.08277287736765285,33.513691604968955,200,0.03765537962317467,False
traffic_source_campaign_name_803,target_business_002,93,65,15,0.3119622686668238,0.08426902136389855,22.911221511877127,0.17333697688275057,44.35275873197067,0.18719816254884344,52.38801566430645,200,0.016802167519927025,False
traffic_source_campaign_name_805,target_business_002,66,46,11,0.5375627930379995,0.07123696458038155,15.99298848260354,0.14842009842009843,42.49957989822202,0.14842009842009843,42.49957989822202,200,0.016650795936584473,False
traffic_source_campaign_name_815,target_business_002,40,28,6,0.4784694470296261,0.7326342441437687,110.54427310539194,0.2736563517915309,35.39229919175055,0.2736563517915309,35.39229919175055,200,0.07000331580638885,False
traffic_source_campaign_name_823,target_business_002,31,21,6,0.28716572186170064,0.24780397977089855,65.7976843609876,0.2366243910633294,46.53919220285785,0.2366243910633294,46.53919220285785,200,0.07950884848833084,False
traffic_source_campaign_name_826,target_business_002,81,56,13,0.44577337876448325,0.05729284258993128,15.152180723608783,0.22205677183945058,62.70489738376372,0.2161184445875367,60.34526696443181,200,0.03390878438949585,False
traffic_source_campaign_name_827,target_business_002,65,45,11,0.39033764153074685,0.1959318845258847,54.49632040120779,0.19245443935721335,97.30170233169353,0.19203221788311337,97.05623651749728,200,0.02258751168847084,False
traffic_source_campaign_name_832,target_business_002,31,21,6,0.3793466558844772,0.41048701231296253,58.10867016698177,0.1387757554945056,18.505340522718697,0.1387757554945056,18.505340522718697,200,0.0851503387093544,False
traffic_source_campaign_name_837,target_business_006,85,59,14,0.2715310583358983,0.22039795801383533,139.77580522528172,0.09057666160486796,40.726926593881025,0.11467927397163472,49.81759157120915,200,0.015431322157382965,False
traffic_source_campaign_name_838,target_business_006,129,90,20,0.21267385435671632,0.11203130063551361,57.979710612019375,0.10405960113294026,53.49543518396628,0.11892656354210482,68.54164589853535,200,0.011835468001663685,False
traffic_source_campaign_name_840,target_business_002,108,75,17,0.47499304545398036,0.12484652950388792,29.639619305302762,0.07379125282204191,17.91868765138493,0.06627615295866585,16.475028749646718,200,0.042954593896865845,False
traffic_source_campaign_name_842,target_business_002,103,72,16,0.3049081495697549,0.2509591367171977,144.149224104603,0.10787272555986223,67.94483472993372,0.10183485443326774,62.61418903771157,200,0.02654453180730343,False
traffic_source_campaign_name_844,target_business_005,34,23,6,0.3542791545236842,3.0537387072493782,1212.2644456002731,0.1082035994258585,53.37690631808283,0.1082035994258585,53.37690631808283,200,0.19683170318603516,False
traffic_source_campaign_name_855,target_business_002,206,144,32,0.3773481194178848,0.0643952933648343,18.845181643281506,0.15911599581311262,45.28192023360399,0.16304969889754364,45.15649707514171,200,0.02279294654726982,False
traffic_source_campaign_name_859,target_business_002,342,239,52,0.12774361845308768,0.07162069625559322,38.42512101645576,0.09455812832893497,53.31773145579576,0.0828704975458572,48.075351047227485,200,0.006545907352119684,False
traffic_source_campaign_name_860,target_business_002,186,130,29,0.13162596673641627,0.019017230483724754,14.194837358787732,0.02711999386890483,20.06210233400225,0.025698245357606106,19.662568229017058,200,0.009913231246173382,False
traffic_source_campaign_name_865,target_business_002,77,53,13,0.37697544768059243,0.06199828523261024,13.86933842718474,0.03956157723412139,8.995896292809022,0.04052863312736911,9.234684028867118,200,0.006790732499212027,False
traffic_source_campaign_name_869,target_business_002,30,21,5,0.546671151067284,0.4377058541026708,52.91182774740163,,,,,200,0.008198006078600883,False
traffic_source_campaign_name_870,target_business_002,40,28,6,0.3145774623047049,0.14734156763450384,31.750300756243057,0.3028492100218153,46.120082148753674,0.3028492100218153,46.120082148753674,200,0.02408389002084732,False
traffic_source_campaign_name_874,target_business_002,173,121,27,0.41365871325713127,0.12307325896383461,32.10588210692159,0.20067251461988306,55.27976448512691,0.1841466165413534,51.377114421335705,200,0.020247425884008408,False
traffic_source_campaign_name_875,target_business_002,31,21,6,0.49261495448955767,0.054398179699034765,6.169326799897741,0.019329668380918652,2.1955886796253457,0.019329668380918652,2.1955886796253457,200,0.013870232738554478,False
traffic_source_campaign_name_880,target_business_002,31,21,6,0.49680857205312984,0.6602006500445425,81.53715515602183,0.5498613308832287,54.98613308832287,0.5498613308832287,54.98613308832287,200,0.04697741940617561,False
traffic_source_campaign_name_881,target_business_006,390,273,59,0.10359699657817506,0.05146927067878934,47.91098385701657,0.04551115631565906,28.471251496895523,0.0451661218541674,26.73408666946042,200,0.005271171685308218,False
traffic_source_campaign_name_888,target_business_002,41,28,7,0.3823054661535462,0.4767403927701473,131.22689383690835,0.15366813956432637,64.50176198544972,0.15366813956432637,64.50176198544972,200,0.19741663336753845,False
traffic_source_campaign_name_889,target_business_002,106,74,17,0.29090053477698075,0.09757240505790632,21.935703667998734,0.17561267073269005,40.17126169993153,0.19085806325938234,45.456701594470964,200,0.0192112997174263,False
traffic_source_campaign_name_897,target_business_002,258,180,40,0.36546067452794445,0.13013026256542365,42.03772614817724,0.14886072906861003,48.6288040560322,0.1484588804385913,51.39825959115094,200,0.006733255926519632,False
traffic_source_campaign_name_898,target_business_001,33,23,6,0.2693819071836011,0.2445637073258153,114.64044110431585,0.12078371436455887,42.61533852606354,0.12078371436455887,42.61533852606354,200,0.012965957634150982,False
traffic_source_campaign_name_909,target_business_002,235,164,36,0.16867324978443607,0.10842638180175658,48.9870455412436,0.15370350077465905,67.04353490667009,0.12237125268456121,56.00548374557792,200,0.00927785411477089,False
traffic_source_campaign_name_919,target_business_002,117,81,19,0.2268343112463743,0.08330204130844422,35.48494662667537,0.08950440482042707,39.657170904102266,0.10672901231378704,49.03604152119022,200,0.009334759786725044,False
traffic_source_campaign_name_920,target_business_002,83,58,13,0.36814884367543155,0.08064754268309629,11.795983052860336,0.19451010819995465,24.598150646266863,0.19637734190398784,24.796270540462075,200,0.009756496176123619,False
traffic_source_campaign_name_923,target_business_002,128,89,20,0.18144555069404153,0.26622543744291866,134.0050538872397,0.20930927506617766,94.60411789547145,0.23051631902676925,104.38252358525708,200,0.007650000508874655,False
traffic_source_campaign_name_925,target_business_002,129,90,20,0.18227331589126,0.09300055464034235,42.675197349207636,0.10009373214434754,39.43866676143136,0.10485285108053356,43.557735695825436,200,0.007965833880007267,False
traffic_source_campaign_name_927,target_business_002,113,79,18,0.22123044629795113,0.04766123498350852,15.538875709024373,0.08637275489071214,28.406927111514747,0.07417593213979028,23.58040789678056,200,0.006778177805244923,False
traffic_source_campaign_name_941,target_business_002,73,51,12,0.31835995891655927,0.7325088381835231,215.3913889225734,0.2367438638163104,48.47656079556798,0.23515290973871739,48.12455760728404,200,0.009773101657629013,False
traffic_source_campaign_name_943,target_business_002,73,51,12,0.5610931577583398,0.1800184711485181,25.22103740318921,0.08117167512815959,12.778423281175929,0.08117167512815959,12.778423281175929,200,0.02650950849056244,False
traffic_source_campaign_name_954,target_business_005,72,50,12,0.5329101745654636,0.11968221624479394,19.10674220524434,0.1884710426538682,30.72563796800094,0.1884710426538682,30.72563796800094,200,0.013495427556335926,False
traffic_source_campaign_name_956,target_business_002,31,21,6,0.49524563262109383,0.17162977727951376,26.001165993635027,0.0023014759302938947,0.3493525595502612,0.0023014759302938947,0.3493525595502612,200,0.007399898022413254,False
traffic_source_campaign_name_957,target_business_002,180,125,28,0.2873213934071365,0.0360657878847583,14.053592114628092,0.057570016190805366,24.23539133822487,0.06793439306341306,27.160306773908026,200,0.006032228469848633,False
traffic_source_campaign_name_971,target_business_002,32,22,6,0.5342797475072184,0.18082348072037394,33.14590309912729,0.29852436112374653,42.12682658399456,0.29852436112374653,42.12682658399456,200,0.08573839068412781,False
traffic_source_campaign_name_977,target_business_002,30,21,5,0.4649223238018203,0.4374494661143522,57.79265696007252,,,,,200,0.03902769088745117,False
traffic_source_campaign_name_980,target_business_005,95,66,15,0.39596645159616944,0.10369198561292983,49.29915871625064,0.037934675855276975,14.85034120909907,0.033159561479993736,12.796753355627954,200,0.037773001939058304,False
traffic_source_campaign_name_981,target_business_005,480,336,72,0.38657802872165553,0.025388600058678268,6.302495063569475,0.04153216346198625,10.358836270455441,0.04477589271905404,11.119728982410303,200,0.003077399218454957,False
traffic_source_campaign_name_982,target_business_005,145,101,23,0.4531770396885332,0.14468712919015414,36.40501435429623,0.04338663993536896,11.103399408732667,0.04074011221139249,10.521058918654347,200,0.010475252754986286,False
traffic_source_campaign_name_984,target_business_005,100,70,15,0.6239878030413082,0.04614698406350116,9.449034299705685,0.018898530082561153,4.523466757354032,0.02536092960745439,6.116324958748068,200,0.008132916875183582,False
traffic_source_campaign_name_985,target_business_005,96,67,15,0.5650949800677186,0.0493221854643181,8.673841203639219,0.10804202249824979,19.56720141272621,0.10114053564722796,18.53777629534115,200,0.012645425274968147,False
